INSERT INTO `users` (`id`, `name`, `email`, `email_verified_at`, `password`, `remember_token`, `created_at`, `updated_at`) VALUES
(1, 'Allximik', 'allximik50@gmail.com', NULL, '$2y$10$D5OUY12H1dgEaOFHJnpg..pjQ1s.IosdUMSVmzusuLKliR138hsHO', 'h09R0E6Enwqpn4QYvju8SCVgNZd2PLkkn4LVaGFb9szL0sDKXfamwYmrT7oq', '2020-12-01 18:04:11', '2020-12-01 18:04:11'),
(2, 'valuxin', 'valuxin@live.com', NULL, '$2y$10$K4geV7dV4ijLSQ8XBlnMpOBK9tWwSB6gjyTpVxX/oaoOtJziK8t.W', 'ui6obsgiOsKWEMIPGT3Kw7xnuxxZBDfro4B6v4dvN7j2WCXwcE1Bn2zibBSV', '2020-09-03 10:45:27', '2020-09-03 10:45:27'),
(3, 'admin', 'admin@mymarket.test', NULL, '$2y$10$VjmJXUY4HYzc02CRH/wfn.wfxfvXDDqxa6AvQHH2P5CWRR1.h03.q', '', '2020-12-01 18:04:11', '2020-12-01 18:04:11'),
(100010, 'test', 'test@test.com', NULL, '$2y$10$NHi/LpkzIsZHGmN7JUpiJuIih87hmSR3GF9j1vVMh6Ptcwgf95g4m', NULL, '2021-05-13 12:57:51', '2021-05-13 12:57:51');

INSERT INTO `roles` (`id`, `name`, `guard_name`, `created_at`, `updated_at`) VALUES
(1, 'Admin', 'web', NULL, NULL),
(2, 'Guest', 'web', '2021-05-13 11:00:33', '2021-05-13 11:00:33');

INSERT INTO `permissions` (`id`, `name`, `guard_name`, `created_at`, `updated_at`) VALUES
(1, 'edit', 'web', '2021-05-13 11:00:33', '2021-05-13 11:00:33');

INSERT INTO `role_has_permissions` (`permission_id`, `role_id`) VALUES
(1, 1);

INSERT INTO `model_has_roles` (`role_id`, `model_type`, `model_id`) VALUES
(1, 'App\\Models\\User', 1),
(1, 'App\\Models\\User', 2),
(1, 'App\\Models\\User', 3);

INSERT INTO `mr_currency` (`id`, `Code`, `TextCode`, `DateFrom`, `DateTo`, `Name`, `Rounding`, `Description`) VALUES
(1, '784', 'AED', NULL, NULL, 'Дирхам (ОАЭ)', 2, ''),
(2, '971', 'AFN', NULL, NULL, 'Афгани', 2, ''),
(3, '008', 'ALL', NULL, NULL, 'Лек', 2, ''),
(4, '051', 'AMD', NULL, NULL, 'Армянский драм', 2, ''),
(5, '532', 'ANG', NULL, NULL, 'Нидерландский антильский гульден', 2, ''),
(6, '973', 'AOA', NULL, NULL, 'Кванза', 2, 'Ангольская '),
(7, '032', 'ARS', NULL, NULL, 'Аргентинское песо', 2, ''),
(8, '040', 'ATS', NULL, '2016-12-31', 'Австрийский шиллинг', 2, ''),
(9, '036', 'AUD', NULL, NULL, 'Австралийский доллар', 2, ''),
(10, '533', 'AWG', NULL, NULL, 'Арубанский флорин', 2, ''),
(11, '944', 'AZN', NULL, NULL, 'Азербайджанский манат', 2, ''),
(12, '977', 'BAM', NULL, NULL, 'Конвертируемая марка ', 2, '(Босния и Герцеговина)'),
(13, '052', 'BBD', NULL, NULL, ' Барбадосский доллар', 2, ''),
(14, '050', 'BDT', NULL, NULL, 'Така', 2, ''),
(15, '056', 'BEF', NULL, '2016-12-31', 'Бельгийский франк', 2, ''),
(16, '975', 'BGN', NULL, NULL, 'Болгарский лев', 2, ''),
(17, '048', 'BHD', NULL, NULL, 'Бахрейнский динар', 2, ''),
(18, '108', 'BIF', NULL, NULL, 'Бурундийский франк', 2, ''),
(19, '060', 'BMD', NULL, NULL, 'Бермудский доллар', 2, ''),
(20, '096', 'BND', NULL, NULL, 'Брунейский доллар', 2, ''),
(21, '068', 'BOB', NULL, NULL, 'Боливиано', 2, ''),
(22, '986', 'BRL', NULL, NULL, 'Бразильский реал', 2, ''),
(23, '044', 'BSD', NULL, NULL, 'Багамский доллар', 2, ''),
(24, '064', 'BTN', NULL, NULL, 'Нгултрум', 2, ''),
(25, '072', 'BWP', NULL, NULL, 'Пула', 2, ''),
(26, '974', 'BYR', NULL, '2016-06-30', 'Белорусский рубль <1>', 0, 'Применяется для денежных средств, уплаченных до 30 июня 2016 г. включительно.'),
(27, '933', 'BYN', '2016-07-01', NULL, 'Белорусский рубль', 2, 'новый, с 1.07.2016'),
(28, '084', 'BZD', NULL, NULL, 'Белизский доллар', 2, ''),
(29, '124', 'CAD', NULL, NULL, 'Канадский доллар', 2, ''),
(30, '976', 'CDF', NULL, NULL, 'Конголезский франк', 2, ''),
(31, '756', 'CHF', NULL, NULL, 'Швейцарский франк', 2, ''),
(32, '152', 'CLP', NULL, NULL, 'Чилийское песо', 2, ''),
(33, '156', 'CNY', NULL, NULL, 'Юань', 2, ''),
(34, '170', 'COP', NULL, NULL, 'Колумбийское песо', 2, ''),
(35, '970', 'COU', NULL, NULL, 'Единица реальной стоимости ', 2, '(Колумбия)'),
(36, '188', 'CRC', NULL, NULL, 'Костариканский колон', 2, ''),
(37, '931', 'CUC', NULL, NULL, 'Конвертируемое песо', 2, ''),
(38, '192', 'CUP', NULL, NULL, 'Кубинское песо', 2, ''),
(39, '132', 'CVE', NULL, NULL, 'Эскудо  Кабо-Верде ', 2, ''),
(40, '203', 'CZK', NULL, NULL, 'Чешская крона', 2, ''),
(41, '276', 'DEM', NULL, '2016-12-31', 'Немецкая марка', 2, ''),
(42, '262', 'DJF', NULL, NULL, 'Франк Джибути', 2, ' '),
(43, '208', 'DKK', NULL, NULL, 'Датская крона', 2, ''),
(44, '214', 'DOP', NULL, NULL, 'Доминиканское песо', 2, ''),
(45, '012', 'DZD', NULL, NULL, 'Алжирский динар', 2, ''),
(46, '233', 'EEK', NULL, '2016-12-31', 'Эстонская крона', 2, ''),
(47, '818', 'EGP', NULL, NULL, 'Египетский фунт', 2, ''),
(48, '232', 'ERN', NULL, NULL, 'Накфа ', 2, '(Эритрея)'),
(49, '724', 'ESP', NULL, '2016-12-31', 'Испанская песета', 2, ''),
(50, '230', 'ETB', NULL, NULL, 'Эфиопский быр', 2, ''),
(51, '978', 'EUR', NULL, NULL, 'Евро', 2, '(Единая европейская валюта)'),
(52, '246', 'FIM', NULL, '2016-12-31', 'Финляндская марка', 2, ''),
(53, '242', 'FJD', NULL, NULL, 'Доллар Фиджи', 2, ''),
(54, '238', 'FKP', NULL, NULL, 'Фунт Фолклендских островов', 2, ''),
(55, '250', 'FRF', NULL, '2016-12-31', 'Французский франк', 2, ''),
(56, '826', 'GBP', NULL, NULL, 'Фунт стерлингов ', 2, ''),
(57, '981', 'GEL', NULL, NULL, 'Лари', 2, 'Грузинский '),
(58, '936', 'GHS', NULL, NULL, 'Ганский седи', 2, ''),
(59, '292', 'GIP', NULL, NULL, 'Гибралтарский фунт', 2, ''),
(60, '270', 'GMD', NULL, NULL, 'Даласи', 2, ''),
(61, '324', 'GNF', NULL, NULL, 'Гвинейский франк', 2, ''),
(62, '300', 'GRD', NULL, '2016-12-31', 'Греческая драхма', 2, ''),
(63, '320', 'GTQ', NULL, NULL, 'Кетсаль', 2, ''),
(64, '328', 'GYD', NULL, NULL, 'Гайанский доллар', 2, ''),
(65, '344', 'HKD', NULL, NULL, 'Гонконгский доллар', 2, ''),
(66, '340', 'HNL', NULL, NULL, 'Лемпира', 2, ''),
(67, '191', 'HRK', NULL, NULL, 'Куна', 2, ' (Хорватия)'),
(68, '332', 'HTG', NULL, NULL, 'Гурд', 2, ''),
(69, '348', 'HUF', NULL, NULL, 'Форинт', 2, ''),
(70, '360', 'IDR', NULL, NULL, 'Рупия', 2, ''),
(71, '372', 'IEP', NULL, '2016-12-31', 'Ирландский фунт', 2, ''),
(72, '376', 'ILS', NULL, NULL, 'Новый израильский шекель', 2, ''),
(73, '356', 'INR', NULL, NULL, 'Индийская рупия', 2, ''),
(74, '368', 'IQD', NULL, NULL, 'Иракский динар', 2, ''),
(75, '364', 'IRR', NULL, NULL, 'Иранский риал', 2, ''),
(76, '352', 'ISK', NULL, NULL, 'Исландская крона', 2, ''),
(77, '380', 'ITL', NULL, '2016-12-31', 'Итальянская лира', 2, ''),
(78, '388', 'JMD', NULL, NULL, 'Ямайский доллар', 2, ''),
(79, '400', 'JOD', NULL, NULL, 'Иорданский динар', 2, ''),
(80, '392', 'JPY', NULL, NULL, 'Иена', 2, ''),
(81, '404', 'KES', NULL, NULL, 'Кенийский шиллинг', 2, ''),
(82, '417', 'KGS', NULL, NULL, 'Сом', 2, '(Киргизский)'),
(83, '116', 'KHR', NULL, NULL, 'Риель', 2, ''),
(84, '174', 'KMF', NULL, '2017-10-12', 'Франк Комор', 2, ''),
(85, '408', 'KPW', NULL, NULL, 'Северокорейская вона', 2, ''),
(86, '410', 'KRW', NULL, NULL, 'Вона', 2, ''),
(87, '414', 'KWD', NULL, NULL, 'Кувейтский динар', 2, ''),
(88, '136', 'KYD', NULL, NULL, 'Доллар островов Кайман', 2, ''),
(89, '398', 'KZT', NULL, NULL, 'Тенге', 2, ''),
(90, '418', 'LAK', NULL, '2017-10-12', 'Кип', 2, ''),
(91, '422', 'LBP', NULL, NULL, 'Ливанский фунт', 2, ''),
(92, '144', 'LKR', NULL, NULL, 'Шри-Ланкийская рупия', 2, ''),
(93, '430', 'LRD', NULL, NULL, 'Либерийский доллар', 2, ''),
(94, '426', 'LSL', NULL, NULL, 'Лоти ', 2, ''),
(95, '440', 'LTL', NULL, '2018-06-23', 'Литовский лит <3>', 2, 'Не применяется с 1 января 2015 г.'),
(96, '442', 'LUF', NULL, '2016-12-31', 'Люксембургский франк', 2, ''),
(97, '428', 'LVL', NULL, '2014-01-14', 'Латвийский лат <2>', 2, 'Не применяется с 15 января 2014 г.'),
(98, '434', 'LYD', NULL, NULL, 'Ливийский динар', 2, ''),
(99, '504', 'MAD', NULL, NULL, 'Марокканский дирхам', 2, ''),
(100, '498', 'MDL', NULL, NULL, 'Молдавский лей', 2, ''),
(101, '969', 'MGA', NULL, NULL, 'Малагасийский ариари', 2, ''),
(102, '807', 'MKD', NULL, NULL, 'Денар', 2, ''),
(103, '104', 'MMK', NULL, NULL, 'Кьят', 2, ''),
(104, '496', 'MNT', NULL, NULL, 'Тугрик', 2, ''),
(105, '446', 'MOP', NULL, NULL, 'Патака', 2, ''),
(106, '478', 'MRO', NULL, '2018-06-23', 'Угия <4>', 2, 'Мавританская Не применяется с 1 января 2018 г.'),
(107, '480', 'MUR', NULL, NULL, 'Маврикийская рупия', 2, ''),
(108, '462', 'MVR', NULL, NULL, 'Руфия', 2, ''),
(109, '454', 'MWK', NULL, NULL, 'Малавийская квача', 2, ''),
(110, '484', 'MXN', NULL, NULL, 'Мексиканское песо', 2, ''),
(111, '458', 'MYR', NULL, NULL, 'Малайзийский ринггит', 2, ''),
(112, '943', 'MZN', NULL, NULL, 'Мозамбикский метикал', 2, ''),
(113, '516', 'NAD', NULL, NULL, 'Доллар Намибии', 2, ''),
(114, '566', 'NGN', NULL, NULL, 'Найра', 2, ''),
(115, '558', 'NIO', NULL, NULL, 'Золотая кордоба', 2, ''),
(116, '528', 'NLG', NULL, '2016-12-31', 'Нидерландский гульден', 2, ''),
(117, '578', 'NOK', NULL, NULL, 'Норвежская крона', 2, ''),
(118, '524', 'NPR', NULL, NULL, 'Непальская рупия', 2, ''),
(119, '554', 'NZD', NULL, NULL, 'Новозеландский доллар', 2, ''),
(120, '512', 'OMR', NULL, NULL, 'Оманский риал', 2, ''),
(121, '590', 'PAB', NULL, NULL, 'Бальбоа', 2, 'Панамский '),
(122, '604', 'PEN', NULL, NULL, 'Соль', 2, ''),
(123, '598', 'PGK', NULL, NULL, 'Кина', 2, ' Папуа-Новой Гвинеи'),
(124, '608', 'PHP', NULL, NULL, 'Филиппинское песо', 2, ''),
(125, '586', 'PKR', NULL, NULL, 'Пакистанская рупия', 2, ''),
(126, '985', 'PLN', NULL, NULL, 'Злотый', 2, ''),
(127, '620', 'PTE', NULL, '2016-12-31', 'Португальский эскудо', 2, ''),
(128, '600', 'PYG', NULL, NULL, 'Гуарани', 2, 'Парагвайский '),
(129, '634', 'QAR', NULL, NULL, 'Катарский риал', 2, ''),
(130, '946', 'RON', NULL, NULL, 'Румынский Лей ', 2, ''),
(131, '941', 'RSD', NULL, NULL, 'Сербский динар', 2, ''),
(132, '643', 'RUB', NULL, NULL, 'Российский рубль', 2, ''),
(133, '646', 'RWF', NULL, NULL, 'Франк Руанды', 2, ''),
(134, '682', 'SAR', NULL, NULL, 'Саудовский риял', 2, ''),
(135, '090', 'SBD', NULL, NULL, 'Доллар Соломоновых островов', 2, ''),
(136, '690', 'SCR', NULL, NULL, 'Сейшельская рупия', 2, ''),
(137, '938', 'SDG', NULL, NULL, 'Суданский фунт', 2, ''),
(138, '752', 'SEK', NULL, NULL, 'Шведская крона', 2, ''),
(139, '702', 'SGD', NULL, NULL, 'Сингапурский доллар', 2, ''),
(140, '654', 'SHP', NULL, NULL, 'Фунт Святой Елены ', 2, ''),
(141, '705', 'SIT', NULL, '2016-12-31', 'Толар (Словения)', 2, ''),
(142, '694', 'SLL', NULL, NULL, ' Леоне', 2, ''),
(143, '706', 'SOS', NULL, NULL, 'Сомалийский шиллинг', 2, ''),
(144, '968', 'SRD', NULL, NULL, 'Суринамский доллар', 2, ''),
(145, '678', 'STD', NULL, '2018-06-23', 'Добра <4>', 2, '<4> Не применяется с 1 января 2018 г.'),
(146, '222', 'SVC', NULL, NULL, 'Сальвадорский колон', 2, ''),
(147, '760', 'SYP', NULL, NULL, 'Сирийский фунт', 2, ''),
(148, '748', 'SZL', NULL, NULL, 'Лилангени', 2, 'Свазилендский'),
(149, '764', 'THB', NULL, NULL, 'Бат', 2, ''),
(150, '972', 'TJS', NULL, NULL, 'Сомони', 2, 'Таджикский '),
(151, '934', 'TMT', NULL, NULL, 'Новый туркменский манат', 2, ''),
(152, '788', 'TND', NULL, NULL, 'Тунисский динар', 2, ''),
(153, '776', 'TOP', NULL, NULL, 'Паанга', 2, ''),
(154, '949', 'TRY', NULL, NULL, 'Турецкая лира', 2, ''),
(155, '780', 'TTD', NULL, NULL, 'Доллар Тринидада и Тобаго', 2, ''),
(156, '901', 'TWD', NULL, NULL, 'Новый Тайваньский доллар', 2, ''),
(157, '834', 'TZS', NULL, NULL, 'Танзанийский шиллинг', 2, ''),
(158, '980', 'UAH', NULL, NULL, 'Гривна', 2, 'Украинская '),
(159, '800', 'UGX', NULL, NULL, 'Угандийский шиллинг', 2, ''),
(160, '840', 'USD', NULL, NULL, 'Доллар США', 2, ''),
(161, '940', 'UYI', NULL, NULL, 'Уругвайское песо в индексированных единицах', 2, ''),
(162, '858', 'UYU', NULL, NULL, 'Уругвайское песо', 2, ''),
(163, '860', 'UZS', NULL, NULL, 'Узбекский Сум', 2, ''),
(164, '937', 'VEF', NULL, '2019-06-15', 'Боливар <5>', 2, '<5> Не применяется с 20 августа 2018 г.'),
(165, '704', 'VND', NULL, NULL, 'Донг', 2, 'Ветнамский '),
(166, '548', 'VUV', NULL, NULL, 'Вату', 2, 'Республики  Вануату '),
(167, '882', 'WST', NULL, NULL, 'Тала', 2, ''),
(168, '950', 'XAF', NULL, NULL, 'Франк КФА ВЕАС  <6>', 2, '<6>- денежная единица Банка государств Центральной Африки'),
(169, '951', 'XCD', NULL, NULL, 'Восточно-карибский доллар', 2, ''),
(170, '960', 'XDR', NULL, NULL, 'СДР (Специальные права заимствования)', 2, ' Международный валютный фонд'),
(171, '952', 'XOF', NULL, NULL, 'Франк КФА BCEAO <7>', 2, '<7> - денежная единица Центрального Банка государств Западной Африки.'),
(172, '953', 'XPF', NULL, NULL, ' Франк КФП', 2, ''),
(173, '886', 'YER', NULL, NULL, 'Йеменский риал', 2, ''),
(174, '710', 'ZAR', NULL, NULL, 'Рэнд', 2, ''),
(175, '967', 'ZMW', NULL, NULL, 'Замбийская квача', 2, ''),
(176, '932', 'ZWL', NULL, NULL, 'Доллар Зимбабве', 2, ''),
(177, '728', 'SSP', NULL, NULL, 'Южносуданский фунт', 2, ''),
(178, '174', 'KMF', '2017-10-13', NULL, 'Коморский франк', 2, ''),
(179, '418', 'LAK', '2017-10-13', NULL, 'Лаосский кип', 2, ''),
(180, '929', 'MRU', '2018-06-24', NULL, 'Угия', 2, ''),
(181, '930', 'STN', '2018-06-24', NULL, 'Добра', 2, ''),
(182, '928', 'VES', '2019-06-16', NULL, 'Боливар Соберано', 2, NULL);

INSERT INTO `mr_stock` (`id`, `Name`, `Description`, `DefaultTemplate`, `Markup`, `MarkupCash`, `RecMarkupCash`, `IsActive`, `OnlinerId`, `PriceLink`, `SL`) VALUES
(1, 'Onliner.By', 'Каталог сайта Online.by', 25, NULL, NULL, NULL, 1, NULL, NULL, NULL),
(2, 'Ezon', NULL, NULL, NULL, NULL, NULL, 1, NULL, NULL, '[]'),
(3, 'Test', 'Тестовый контрагент', 6, NULL, NULL, NULL, 1, NULL, NULL, '{\"RegexGuarantee\": \"dwd\", \"RegexVendorCode\": \"w\", \"RegexGuaranteeGroup\": \"wdw\", \"RegexVendorCodeGroup\": \"dw\"}'),
(5, 'ТрайдексБелПлюс', 'ID стороннего магаза, который иногда палит коды товара\r\nhttps://b2b.tradeicsbel.by/', 7, NULL, NULL, NULL, 1, 17247, 'https://b2b.tradeicsbel.by/prices/download_price.php?token=dDU2QzV1a3dpbkNlZWtGZldWdmRHS2JxZitpaHcxUStidlVOTUxSZWVvcz0=&type=xls', '{\"RegexVendorCode\": \"/.*\\\\s+(\\\\d+)\\\\((D|TrB)\\\\).*/\", \"RegexVendorCodeGroup\": \"1\"}'),
(6, 'Asbis', NULL, 9, NULL, NULL, NULL, 1, NULL, NULL, NULL),
(7, 'Аймдистри', 'imarket.by', 10, NULL, NULL, NULL, 1, 581, NULL, NULL),
(8, 'НТТ Импорт Опт', 'Нет в наличии', 11, NULL, NULL, NULL, 1, NULL, NULL, '[]'),
(9, 'НТТ Импорт Склад', 'За нал $', 30, NULL, NULL, NULL, 0, NULL, NULL, NULL),
(10, '21vek', NULL, 36, NULL, NULL, NULL, 1, 965, 'https://api.zoomos.by/b2b/supplier/%D0%A2%D1%80%D0%B8%D0%BE%D0%B2%D0%B8%D1%81%D1%82%20%D0%9E%D0%9E%D0%9E/pricelist/xls?hash=JnN1cHBsaWVyQ2xpZW50SWQ9MTIxNCZvcmRlckJ5PWNhdGVnb3J5Jm9yZGVyPWFzYyZzdGF0dXM9MSZzdGF0dXM9Ng%3D%3D', '{\"RegexGuarantee\": \"/(.!\\\\d)*(\\\\d+\\\\s+(г|мес|дн))\\\\s+\\\\(гарантия\\\\).*/\", \"RegexGuaranteeGroup\": \"$2\"}'),
(11, 'Garmin', 'garmin.by', 40, NULL, NULL, NULL, 1, 3319, NULL, NULL),
(12, 'ЭЛЕКТРОСЕРВИС и Ко', 'Электросила\r\nopt@sila.by', 61, NULL, NULL, NULL, 1, 12735, NULL, '{\"RegexVendorCode\": \"/.*: (\\\\d+).*/\", \"RegexVendorCodeGroup\": \"1\"}'),
(13, 'ЭлкоТелком', 'elko.by', 66, NULL, NULL, NULL, 1, NULL, 'https://export208.zoomos.by/link?url=https%3A%2F%2Fexport.zoomos.by%2Fdownload%2Fzms-cron-prices%2F1608607003818%2FStock+Status+v.3.xlsm', NULL),
(14, 'Алвелчудмилл', 'alvel.opt@gmail.com', 65, NULL, NULL, NULL, 1, NULL, 'https://dl.dropboxusercontent.com/s/crm57m616pu3eom/price.xlsx', NULL),
(15, 'Смарт Телеком Дистрибуция', 'smart-telecom.by', 58, NULL, NULL, NULL, 1, NULL, NULL, NULL),
(16, 'ТехноБай', 'technoby.com', 53, NULL, NULL, NULL, 1, NULL, 'http://technoby.com/price/priceTB.zip', '[]'),
(17, 'Компьютеры и периферия', 'cp.by', 67, NULL, NULL, NULL, 1, NULL, NULL, NULL),
(18, 'Надежная техника', 'https://b2bnew.n-tech.by/', 54, NULL, NULL, NULL, 1, 674, NULL, '{\"RegexVendorCode\": \"/.*\\\\(nt-(\\\\d+)\\\\).*/\", \"RegexVendorCodeGroup\": \"1\"}'),
(19, 'Надежная техника Нал', 'За нал $', 55, NULL, NULL, NULL, 0, NULL, NULL, NULL),
(20, 'БВКомпьютерс', 'ID на онлайнере - это айди другого магаза, у которого некоторые товары берутся здесь.\r\nhttp://b2b.bvrb.by/', 56, NULL, NULL, NULL, 1, 1748, NULL, '{\"RegexVendorCode\": \"/.*\\\\s+(\\\\d+)\\\\(BV\\\\).*/\", \"RegexVendorCodeGroup\": \"1\"}'),
(21, 'БВКомпьютерс Нал', 'За нал $', 57, NULL, NULL, NULL, 0, NULL, NULL, '{\"RegexVendorCode\": \"/.*\\\\s+(\\\\d+)\\\\(BV\\\\).*/\", \"RegexVendorCodeGroup\": \"$1\"}'),
(22, 'Смарт Телеком Дистрибуция Нал', 'За нал $', 59, NULL, NULL, NULL, 0, NULL, NULL, NULL),
(23, 'ТД Комплект', 'ID стороннего магаза, у которого совпадает информация об артикулах', 63, NULL, NULL, NULL, 1, 12691, 'http://tools.by/info_base_inet_csv.php?unp=193448035', NULL),
(24, 'ТД Комплект Нал', 'За нал $', 64, NULL, NULL, NULL, 0, NULL, 'http://tools.by/info_base_inet_csv.php?unp=193448035', NULL),
(25, 'Патио', NULL, 60, NULL, NULL, NULL, 1, 3467, 'https://export208.zoomos.by/link?url=https%3A%2F%2Fexport.zoomos.by%2Fdownload%2Fzms-cron-prices%2F1608655133282%2F%D0%9F%D0%B0%D1%82%D0%B8%D0%BE+%D0%BF%D1%80%D0%B0%D0%B9%D1%81-%D0%BB%D0%B8%D1%81%D1%82.xlsx', NULL),
(26, 'Мединат ИТ', 'itland.by', NULL, NULL, NULL, NULL, 1, NULL, NULL, NULL),
(27, 'Мединат ИТ Нал', 'За нал $', NULL, NULL, NULL, NULL, 0, NULL, NULL, NULL),
(29, 'ТехноБай Нал', 'За нал $', 68, NULL, NULL, NULL, 0, NULL, NULL, '[]'),
(30, 'Huion', 'https://huion.by/', 71, NULL, NULL, NULL, 1, NULL, NULL, '[]'),
(31, 'Akpo', NULL, 74, NULL, NULL, NULL, 1, NULL, NULL, '[]'),
(32, 'Айвен (Win7.by)', 'Telegram @IvenKomp', NULL, NULL, NULL, NULL, 1, NULL, 'http://win7.by:7711/files/price_bn.xlsx', '[]'),
(33, 'Айвен Нал (Win7.by)', 'Нал', 75, NULL, NULL, NULL, 1, NULL, 'http://win7.by:7711/files/price.xlsx', '[]'),
(34, 'Артека', '@GreenNovember Кирилл\r\nСклад: г. Минск, Западная 19, скл4', NULL, NULL, NULL, NULL, 1, NULL, NULL, '[]'),
(35, 'Артека Нал', '@GreenNovember Кирилл\r\nСклад: г. Минск, Западная 19, скл4', NULL, NULL, NULL, NULL, 0, NULL, NULL, '[]');

INSERT INTO `mr_stock_templates` (`id`, `StockID`, `Names`, `OnlinerId`, `StockUniqueVendorCode`, `CurrencyID`, `Price`, `Coefficient`, `CoefficientKind`, `CurrencyCashID`, `PriceCash`, `RecPriceCash`, `RecCurrencyCashID`, `CoefficientCash`, `CoefficientCashKind`, `Existence`, `ExistenceField`, `Description`, `SL`, `Guarantee`, `IsBlock`) VALUES
(6, 3, 'C', '', 'B', 0, '', NULL, 0, 27, 'H', '', 27, NULL, 0, 1, 'E', 'dwdwdw', '{\"ExYes\": \"достаточно\"}', 'I', 1),
(7, 5, 'B', '', 'A', 27, 'D', NULL, 0, 27, 'D', 'G', 27, NULL, 0, 1, '', NULL, '[]', 'F', 1),
(9, 6, 'B,C,D', '', 'C', 27, 'I', '1.20', 1, 27, 'I', '', 27, '1.20', 1, 1, 'F', NULL, '{\"ExYes\": \"достаточно\", \"ExOrder\": \"звоните\"}', 'E', 1),
(10, 7, 'B,C', '', 'K', 27, 'F', NULL, 0, 27, 'F', '', 27, NULL, 0, 1, '', NULL, '[]', '', 1),
(11, 8, 'C', 'M', 'B', 27, 'H', NULL, 0, 27, 'H', '', 27, NULL, 0, 2, '', 'хеш', '[]', '', 1),
(25, 1, 'c,d,e', 'm', 'b', 0, NULL, NULL, 0, 27, 'h', NULL, 27, NULL, 0, 0, NULL, NULL, NULL, NULL, 0),
(26, 8, '', 'M', 'B', 27, 'H', NULL, 0, 27, 'H', '', 27, NULL, 0, 2, '', NULL, '[]', '', 0),
(30, 9, 'C', 'M', 'B', 0, '', NULL, 0, 160, 'I', 'K', 27, NULL, 0, 1, '', NULL, '[]', '', 1),
(31, 6, 'C', '', 'C', 0, '', NULL, 0, 27, 'I', NULL, 27, NULL, 0, 1, 'E', NULL, '[]', '', 0),
(36, 10, 'C,D', '', 'A', 0, '', NULL, 0, 27, 'F', 'G', 27, NULL, 0, 1, '', NULL, '[]', 'M', 1),
(40, 11, 'A', '', 'B', 51, 'F', NULL, 0, 51, 'F', 'C', 27, NULL, 0, 3, 'G', NULL, '{\"ExNo\": \"нет\", \"ExYes\": \"да\"}', 'H', 1),
(53, 16, 'B', '', 'A', 27, 'G', NULL, 0, 27, 'G', '', NULL, NULL, 0, 2, 'I', NULL, '{\"ExYes\": \"В наличии\"}', 'J', 1),
(54, 18, 'C', '', 'A', 27, 'G', NULL, 0, 27, 'G', '', NULL, NULL, 0, 1, '', NULL, '[]', 'D', 1),
(55, 19, 'C', '', 'A', 0, '', NULL, 0, 160, 'G', '', NULL, NULL, 0, 1, '', NULL, '[]', 'E', 1),
(56, 20, 'B', '', 'A', 27, 'E', NULL, 0, 27, 'E', '', NULL, NULL, 0, 1, '', NULL, '[]', 'F', 1),
(57, 21, 'B', '', 'A', 0, '', NULL, 0, 160, 'D', '', NULL, NULL, 0, 1, '', NULL, '[]', 'F', 1),
(58, 15, 'B', '', 'A', 27, 'F', NULL, 0, 27, 'F', 'D', 27, NULL, 0, 2, 'C', NULL, '{\"ExYes\": \"Есть\"}', '', 0),
(59, 22, 'B', '', 'A', 0, '', NULL, 0, 27, 'G', '', 27, NULL, 0, 2, 'C', NULL, '{\"ExYes\": \"Есть\"}', '', 1),
(60, 25, 'J', '', 'D', 27, 'G', NULL, 0, 27, 'G', 'H', 27, NULL, 0, 1, '', NULL, '[]', '', 1),
(61, 12, 'E,F', '', 'A', 27, 'J', NULL, 0, 27, 'J', '', NULL, NULL, 0, 1, '', NULL, '[]', 'N', 1),
(62, 12, 'E,F', '', 'F', 27, 'J', NULL, 0, 27, 'J', '', NULL, NULL, 0, 1, '', NULL, '[]', 'N', 0),
(63, 23, 'E', '', 'F', 27, 'H', NULL, 0, 27, 'H', 'K', 27, NULL, 0, 0, '', NULL, '[]', '', 1),
(64, 24, 'E', '', 'F', 0, '', NULL, 0, 160, 'J', 'K', 27, NULL, 0, 1, '', NULL, '[]', '', 1),
(65, 14, 'E,D', '', 'A', 27, 'I', NULL, 0, 27, 'I', '', NULL, NULL, 0, 1, '', NULL, '[]', 'K', 1),
(66, 13, 'D', '', 'D', 27, 'M', NULL, 0, 27, 'M', '', NULL, NULL, 0, 1, '', NULL, '[]', 'N', 1),
(67, 17, 'C', '', 'C', 27, 'I', NULL, 0, 27, 'I', 'K', 27, NULL, 0, 1, '', NULL, '[]', '', 1),
(68, 29, 'B', '', 'A', 0, '', NULL, 0, 160, 'H', '', NULL, NULL, 0, 2, 'I', NULL, '{\"ExYes\": \"В наличии\"}', 'J', 1),
(69, 12, 'F,G', '', 'F', 27, 'J', NULL, 0, 27, 'J', '', NULL, NULL, 0, 1, '', NULL, '[]', 'N', 0),
(70, 30, 'A', '', 'E', 27, 'B', NULL, 0, 27, 'B', 'C', 27, NULL, 0, 2, 'G', NULL, '{\"ExYes\": \"В наличии\"}', '', 1),
(72, 30, 'A', '', 'E', 27, 'B', NULL, 0, 27, 'B', 'C', 27, NULL, 0, 1, 'G', NULL, '{\"ExYes\": \"В наличии\"}', '', 1),
(73, 7, 'D', '', 'A', 27, 'G', NULL, 0, 27, 'G', '', NULL, NULL, 0, 1, '', 'Велосипеды', '[]', '', 1),
(74, 31, 'A', '', 'H', 27, 'J', NULL, 0, 27, 'J', 'K', 27, NULL, 0, 1, '', NULL, '[]', '', 1),
(75, 33, 'B', '', 'A', 0, '', NULL, 0, 160, 'C', '', NULL, NULL, 0, 1, '', NULL, '[]', 'D', 1),
(76, 3, 'C', '', 'B', 0, '', NULL, 0, 27, 'H', '', 27, NULL, 0, 3, 'K', 'test', '{\"ExOrder\": \"есть\"}', 'I', 0);

INSERT INTO `mr_autoload_schedule` (`id`, `StockID`, `Description`, `IsSpecification`, `IsSearch`, `IsProcess`, `PageNumber`, `IsActive`, `WriteDate`, `Period`, `StockTemplateID`, `IsAllParsing`, `LastWork`, `SL`) VALUES
(9, 5, 'Нет авторизации', 1, 1, 1, 3, 0, '2021-05-17 17:44:57', 36, 7, 0, '2021-05-15 13:01:02', '{\"Url\": \"https://b2b.tradeicsbel.by/prices/download_price.php?token=dDU2QzV1a3dpbkNlZWtGZldWdmRHS2JxZitpaHcxUStidlVOTUxSZWVvcz0=&type=xls\", \"SourceKind\": 1}'),
(10, 10, 'очень долго, но вроде работает', 1, 1, 1, 0, 1, '2021-05-18 18:25:21', 0, 36, 0, NULL, '{\"Url\": \"https://api.zoomos.by/b2b/supplier/%D0%A2%D1%80%D0%B8%D0%BE%D0%B2%D0%B8%D1%81%D1%82%20%D0%9E%D0%9E%D0%9E/pricelist/xls?hash=JnN1cHBsaWVyQ2xpZW50SWQ9MTIxNCZvcmRlckJ5PWNhdGVnb3J5Jm9yZGVyPWFzYyZzdGF0dXM9MSZzdGF0dXM9Ng%3D%3D\", \"SourceKind\": 1}'),
(11, 13, 'левый какой то файл', 1, 1, 1, 0, 0, '2021-01-16 08:43:32', 0, 66, 0, NULL, '{\"Url\": \"https://export208.zoomos.by/link?url=https%3A%2F%2Fexport.zoomos.by%2Fdownload%2Fzms-cron-prices%2F1608607003818%2FStock+Status+v.3.xlsm\", \"SourceKind\": 1}'),
(12, 14, 'Работает', 1, 1, 0, 0, 1, '2021-05-18 00:17:43', 360000, 65, 0, '2021-05-17 20:13:08', '{\"Url\": \"https://dl.dropboxusercontent.com/s/crm57m616pu3eom/price.xlsx\", \"SourceKind\": 1}'),
(13, 16, 'Работает', 1, 1, 0, 0, 1, '2021-05-18 00:17:48', 0, 53, 0, NULL, '{\"Url\": \"http://technoby.com/price/priceTB.zip\", \"SourceKind\": 1}'),
(14, 23, 'что то с ссылкой на файл, хрень скачивает', 1, 1, 1, 0, 0, '2021-01-16 08:37:35', 0, 63, 0, NULL, '{\"Url\": \"http://tools.by/info_base_inet_csv.php?unp=193448035\", \"SourceKind\": 1}'),
(15, 24, 'тоже хрень качает', 1, 1, 1, 0, 0, '2021-01-16 08:43:43', 0, 64, 0, NULL, '{\"Url\": \"http://tools.by/info_base_inet_csv.php?unp=193448035\", \"SourceKind\": 1}'),
(16, 25, 'ссылка битая или нет авторизации', 1, 1, 0, 0, 0, '2021-01-16 08:43:53', 0, 60, 0, NULL, '{\"Url\": \"https://export208.zoomos.by/link?url=https%3A%2F%2Fexport.zoomos.by%2Fdownload%2Fzms-cron-prices%2F1608655133282%2F%D0%9F%D0%B0%D1%82%D0%B8%D0%BE+%D0%BF%D1%80%D0%B0%D0%B9%D1%81-%D0%BB%D0%B8%D1%81%D1%82.xlsx\", \"SourceKind\": 1}'),
(17, 32, NULL, 1, 1, 0, 0, 0, '2021-01-16 08:39:56', 0, NULL, 0, NULL, '{\"Url\": \"http://win7.by:7711/files/price_bn.xlsx\", \"SourceKind\": 1}'),
(18, 33, 'кажется работает', 1, 1, 0, 0, 1, '2021-05-18 00:17:59', 0, 75, 0, NULL, '{\"Url\": \"http://win7.by:7711/files/price.xlsx\", \"SourceKind\": 1}'),
(19, 8, '', 1, 1, 0, 0, 1, '2021-05-18 00:18:02', 3600000, 11, 0, '2021-05-17 17:36:06', '{\"Url\": \"https://ntt.by/index.php/component/jdownloads/send/2-pricebn/1-pricebn\", \"SourceKind\": 1}');

INSERT INTO `mr_manufacturer` (`id`, `name`, `address`) VALUES
(12547, 'Неизвестен', NULL);