INSERT INTO `mr_catalog_group` (`id`, `KindID`, `Name`, `SortOrder`, `IsActive`) VALUES
(30883151, 2, 'Возможно, вас заинтересует', 0000001000, 1),
(30883152, 2, 'Общая информация', 0000001000, 1),
(30883153, 2, 'Основные', 0000001000, 1),
(30883154, 2, 'Процессор', 0000001000, 1),
(30883155, 2, 'Конструкция', 0000001000, 1),
(30883156, 2, 'Размеры и вес', 0000001000, 1),
(30883157, 2, 'Экран', 0000001000, 1),
(30883158, 2, 'Хранение данных', 0000001000, 1),
(30883159, 2, 'Камера и звук', 0000001000, 1),
(30883160, 2, 'Функции', 0000001000, 1),
(30883161, 2, 'Датчики', 0000001000, 1),
(30883162, 2, 'Навигация', 0000001000, 1),
(30883163, 2, 'Интерфейсы', 0000001000, 1),
(30883164, 2, 'Аккумулятор и время работы', 0000001000, 1),
(30883165, 2, 'Комплектация', 0000001000, 1),
(30883166, 1, 'Возможно, вас заинтересует', 0000001000, 1),
(30883167, 1, 'Общая информация', 0000001000, 1),
(30883168, 1, 'Процессор', 0000001000, 1),
(30883169, 1, 'Конструкция', 0000001000, 1),
(30883170, 1, 'Размеры и вес', 0000001000, 1),
(30883171, 1, 'Экран', 0000001000, 1),
(30883172, 1, 'Оперативная память', 0000001000, 1),
(30883173, 1, 'Хранение данных', 0000001000, 1),
(30883174, 1, 'Графика', 0000001000, 1),
(30883175, 1, 'Камера и звук', 0000001000, 1),
(30883176, 1, 'Клавиатура и тачпад', 0000001000, 1),
(30883177, 1, 'Функции', 0000001000, 1),
(30883178, 1, 'Интерфейсы', 0000001000, 1),
(30883179, 1, 'Аккумулятор и время работы', 0000001000, 1),
(30883180, 1, 'Комплектация', 0000001000, 1);

INSERT INTO `mr_catalog_attribute` (`id`, `GroupID`, `Name`, `Description`, `IsActive`, `SortOrder`, `WriteDate`) VALUES
(22452, 30883151, 'Принадлежности', NULL, 1, 0000001000, '2021-05-19 21:57:08'),
(22453, 30883152, 'Дата выхода на рынок', NULL, 1, 0000001000, '2021-05-19 21:57:08'),
(22454, 30883152, 'Назначение', NULL, 1, 0000001000, '2021-05-19 21:57:08'),
(22455, 30883153, 'Диагональ экрана', NULL, 1, 0000001000, '2021-05-19 21:57:08'),
(22456, 30883153, 'Разрешение экрана', NULL, 1, 0000001000, '2021-05-19 21:57:08'),
(22457, 30883153, 'Матрица экрана', NULL, 1, 0000001000, '2021-05-19 21:57:08'),
(22458, 30883153, 'Операционная система', NULL, 1, 0000001000, '2021-05-19 21:57:08'),
(22459, 30883153, 'Версия операционной системы', NULL, 1, 0000001000, '2021-05-19 21:57:08'),
(22460, 30883153, 'Процессор', NULL, 1, 0000001000, '2021-05-19 21:57:08'),
(22461, 30883153, 'Графический ускоритель', NULL, 1, 0000001000, '2021-05-19 21:57:08'),
(22462, 30883153, 'Оперативная память', NULL, 1, 0000001000, '2021-05-19 21:57:08'),
(22463, 30883153, 'Внутренняя память', NULL, 1, 0000001000, '2021-05-19 21:57:08'),
(22464, 30883153, 'Поддержка нескольких SIM-карт', NULL, 1, 0000001000, '2021-05-19 21:57:08'),
(22465, 30883153, 'Голосовые вызовы', NULL, 1, 0000001000, '2021-05-19 21:57:08'),
(22466, 30883154, 'Количество ядер', NULL, 1, 0000001000, '2021-05-19 21:57:08'),
(22467, 30883154, 'Тактовая частота', NULL, 1, 0000001000, '2021-05-19 21:57:08'),
(22468, 30883155, 'Материал корпуса', NULL, 1, 0000001000, '2021-05-19 21:57:08'),
(22469, 30883155, 'Цвет корпуса', NULL, 1, 0000001000, '2021-05-19 21:57:08'),
(22470, 30883155, 'Защищенный корпус', NULL, 1, 0000001000, '2021-05-19 21:57:08'),
(22471, 30883155, 'Вибрация', NULL, 1, 0000001000, '2021-05-19 21:57:08'),
(22472, 30883156, 'Длина', NULL, 1, 0000001000, '2021-05-19 21:57:08'),
(22473, 30883156, 'Ширина', NULL, 1, 0000001000, '2021-05-19 21:57:08'),
(22474, 30883156, 'Толщина', NULL, 1, 0000001000, '2021-05-19 21:57:08'),
(22475, 30883156, 'Вес', NULL, 1, 0000001000, '2021-05-19 21:57:08'),
(22476, 30883157, 'Поддержка активного пера', NULL, 1, 0000001000, '2021-05-19 21:57:08'),
(22477, 30883157, 'Защита от царапин', NULL, 1, 0000001000, '2021-05-19 21:57:08'),
(22478, 30883157, '3D-экран', NULL, 1, 0000001000, '2021-05-19 21:57:08'),
(22479, 30883158, 'Карты памяти', NULL, 1, 0000001000, '2021-05-19 21:57:08'),
(22480, 30883159, 'Камера', NULL, 1, 0000001000, '2021-05-19 21:57:08'),
(22481, 30883159, 'Основная камера', NULL, 1, 0000001000, '2021-05-19 21:57:08'),
(22482, 30883159, 'Авто-фокус', NULL, 1, 0000001000, '2021-05-19 21:57:08'),
(22483, 30883159, 'Вспышка', NULL, 1, 0000001000, '2021-05-19 21:57:08'),
(22484, 30883159, 'Фронтальная камера', NULL, 1, 0000001000, '2021-05-19 21:57:08'),
(22485, 30883159, 'Встроенный микрофон', NULL, 1, 0000001000, '2021-05-19 21:57:08'),
(22486, 30883159, 'Встроенные динамики', NULL, 1, 0000001000, '2021-05-19 21:57:08'),
(22487, 30883160, 'Сканер отпечатков пальцев', NULL, 1, 0000001000, '2021-05-19 21:57:08'),
(22488, 30883160, 'Встроенный проектор', NULL, 1, 0000001000, '2021-05-19 21:57:08'),
(22489, 30883160, 'FM-тюнер', NULL, 1, 0000001000, '2021-05-19 21:57:08'),
(22490, 30883160, 'Сканер карты лица или радужки глаза', NULL, 1, 0000001000, '2021-05-19 21:57:08'),
(22491, 30883160, 'Разблокировка по лицу', NULL, 1, 0000001000, '2021-05-19 21:57:08'),
(22492, 30883160, 'Регистрация силы нажатий', NULL, 1, 0000001000, '2021-05-19 21:57:08'),
(22493, 30883161, 'Акселерометр', NULL, 1, 0000001000, '2021-05-19 21:57:08'),
(22494, 30883161, 'Гироскоп', NULL, 1, 0000001000, '2021-05-19 21:57:08'),
(22495, 30883161, 'Датчик приближения', NULL, 1, 0000001000, '2021-05-19 21:57:08'),
(22496, 30883161, 'Датчик освещенности', NULL, 1, 0000001000, '2021-05-19 21:57:08'),
(22497, 30883161, 'Барометр', NULL, 1, 0000001000, '2021-05-19 21:57:08'),
(22498, 30883161, 'Сканер LiDAR', NULL, 1, 0000001000, '2021-05-19 21:57:08'),
(22499, 30883162, 'GPS/A-GPS', NULL, 1, 0000001000, '2021-05-19 21:57:08'),
(22500, 30883162, 'Электронный компас', NULL, 1, 0000001000, '2021-05-19 21:57:08'),
(22501, 30883163, 'MHL', NULL, 1, 0000001000, '2021-05-19 21:57:08'),
(22502, 30883163, 'NFC', NULL, 1, 0000001000, '2021-05-19 21:57:08'),
(22503, 30883163, 'Bluetooth', NULL, 1, 0000001000, '2021-05-19 21:57:08'),
(22504, 30883163, 'ИК-порт', NULL, 1, 0000001000, '2021-05-19 21:57:08'),
(22505, 30883163, 'Wi-Fi', NULL, 1, 0000001000, '2021-05-19 21:57:08'),
(22506, 30883163, 'Сотовая связь', NULL, 1, 0000001000, '2021-05-19 21:57:08'),
(22507, 30883163, 'USB 2.0', NULL, 1, 0000001000, '2021-05-19 21:57:08'),
(22508, 30883163, 'USB 3.2 Gen1 Type-A (5 Гбит/с)', NULL, 1, 0000001000, '2021-05-19 21:57:08'),
(22509, 30883163, 'USB-C', NULL, 1, 0000001000, '2021-05-19 21:57:08'),
(22510, 30883163, 'HDMI', NULL, 1, 0000001000, '2021-05-19 21:57:08'),
(22511, 30883163, 'DisplayPort', NULL, 1, 0000001000, '2021-05-19 21:57:08'),
(22512, 30883163, 'Thunderbolt 3', NULL, 1, 0000001000, '2021-05-19 21:57:08'),
(22513, 30883163, 'Аудио выходы (3.5 мм jack)', NULL, 1, 0000001000, '2021-05-19 21:57:08'),
(22514, 30883163, 'Док-порт', NULL, 1, 0000001000, '2021-05-19 21:57:08'),
(22515, 30883164, 'Емкость аккумулятора', NULL, 1, 0000001000, '2021-05-19 21:57:08'),
(22516, 30883164, 'Cъёмный аккумулятор', NULL, 1, 0000001000, '2021-05-19 21:57:08'),
(22517, 30883164, 'Время работы', NULL, 1, 0000001000, '2021-05-19 21:57:08'),
(22518, 30883164, 'Беспроводная зарядка', NULL, 1, 0000001000, '2021-05-19 21:57:08'),
(22519, 30883165, 'Док-станция', NULL, 1, 0000001000, '2021-05-19 21:57:08'),
(22520, 30883165, 'Клавиатура', NULL, 1, 0000001000, '2021-05-19 21:57:08'),
(22521, 30883165, 'Дополнительный аккумулятор', NULL, 1, 0000001000, '2021-05-19 21:57:08'),
(22522, 30883165, 'Сумка или чехол', NULL, 1, 0000001000, '2021-05-19 21:57:08'),
(22523, 30883165, 'Автомобильное крепление', NULL, 1, 0000001000, '2021-05-19 21:57:08'),
(22524, 30883165, 'Наушники', NULL, 1, 0000001000, '2021-05-19 21:57:08'),
(22525, 30883165, 'Перо (стилус)', NULL, 1, 0000001000, '2021-05-19 21:57:08'),
(22526, 30883165, 'Автомобильный адаптер', NULL, 1, 0000001000, '2021-05-19 21:57:08'),
(22527, 30883164, 'Запас энергии', NULL, 1, 0000001000, '2021-05-19 22:02:59'),
(22528, 30883165, 'Комплект поставки', NULL, 1, 0000001000, '2021-05-19 22:02:59'),
(22529, 30883154, 'Turbo-частота', NULL, 1, 0000001000, '2021-05-19 22:02:59'),
(22530, 30883166, 'Дополнительные принадлежности', NULL, 1, 0000001000, '2021-05-19 22:03:01'),
(22531, 30883167, 'Дата выхода на рынок', NULL, 1, 0000001000, '2021-05-19 22:03:01'),
(22532, 30883167, 'Тип', NULL, 1, 0000001000, '2021-05-19 22:03:01'),
(22533, 30883167, 'Назначение', NULL, 1, 0000001000, '2021-05-19 22:03:01'),
(22534, 30883168, 'Платформа (кодовое название)', NULL, 1, 0000001000, '2021-05-19 22:03:01'),
(22535, 30883168, 'Процессор', NULL, 1, 0000001000, '2021-05-19 22:03:01'),
(22536, 30883168, 'Модель процессора', NULL, 1, 0000001000, '2021-05-19 22:03:01'),
(22537, 30883168, 'Количество ядер', NULL, 1, 0000001000, '2021-05-19 22:03:01'),
(22538, 30883168, 'Количество потоков', NULL, 1, 0000001000, '2021-05-19 22:03:01'),
(22539, 30883168, 'Тактовая частота', NULL, 1, 0000001000, '2021-05-19 22:03:01'),
(22540, 30883168, 'Turbo-частота', NULL, 1, 0000001000, '2021-05-19 22:03:01'),
(22541, 30883168, 'Энергопотребление процессора (TDP)', NULL, 1, 0000001000, '2021-05-19 22:03:01'),
(22542, 30883168, 'Встроенная в процессор графика', NULL, 1, 0000001000, '2021-05-19 22:03:01'),
(22543, 30883169, 'Материал корпуса', NULL, 1, 0000001000, '2021-05-19 22:03:01'),
(22544, 30883169, 'Цвет корпуса', NULL, 1, 0000001000, '2021-05-19 22:03:01'),
(22545, 30883169, 'Материал крышки', NULL, 1, 0000001000, '2021-05-19 22:03:01'),
(22546, 30883169, 'Цвет крышки', NULL, 1, 0000001000, '2021-05-19 22:03:01'),
(22547, 30883169, 'Подсветка корпуса', NULL, 1, 0000001000, '2021-05-19 22:03:01'),
(22548, 30883169, 'Защищенный корпус', NULL, 1, 0000001000, '2021-05-19 22:03:01'),
(22549, 30883170, 'Ширина', NULL, 1, 0000001000, '2021-05-19 22:03:01'),
(22550, 30883170, 'Глубина', NULL, 1, 0000001000, '2021-05-19 22:03:01'),
(22551, 30883170, 'Толщина', NULL, 1, 0000001000, '2021-05-19 22:03:01'),
(22552, 30883170, 'Вес', NULL, 1, 0000001000, '2021-05-19 22:03:01'),
(22553, 30883171, 'Диагональ экрана', NULL, 1, 0000001000, '2021-05-19 22:03:01'),
(22554, 30883171, 'Разрешение экрана', NULL, 1, 0000001000, '2021-05-19 22:03:01'),
(22555, 30883171, 'Частота матрицы', NULL, 1, 0000001000, '2021-05-19 22:03:01'),
(22556, 30883171, 'Технология экрана', NULL, 1, 0000001000, '2021-05-19 22:03:01'),
(22557, 30883171, 'Поверхность экрана', NULL, 1, 0000001000, '2021-05-19 22:03:01'),
(22558, 30883171, 'Экран', NULL, 1, 0000001000, '2021-05-19 22:03:01'),
(22559, 30883171, 'Поддержка активного пера', NULL, 1, 0000001000, '2021-05-19 22:03:01'),
(22560, 30883171, 'Защита от царапин', NULL, 1, 0000001000, '2021-05-19 22:03:01'),
(22561, 30883172, 'Тип оперативной памяти', NULL, 1, 0000001000, '2021-05-19 22:03:01'),
(22562, 30883172, 'Частота оперативной памяти', NULL, 1, 0000001000, '2021-05-19 22:03:01'),
(22563, 30883172, 'Объём памяти', NULL, 1, 0000001000, '2021-05-19 22:03:01'),
(22564, 30883172, 'Максимальный объём памяти', NULL, 1, 0000001000, '2021-05-19 22:03:01'),
(22565, 30883172, 'Всего слотов памяти', NULL, 1, 0000001000, '2021-05-19 22:03:01'),
(22566, 30883172, 'Свободных слотов памяти', NULL, 1, 0000001000, '2021-05-19 22:03:01'),
(22567, 30883173, 'Конфигурация накопителя', NULL, 1, 0000001000, '2021-05-19 22:03:01'),
(22568, 30883173, 'Тип накопителя', NULL, 1, 0000001000, '2021-05-19 22:03:01'),
(22569, 30883173, 'Ёмкость накопителя', NULL, 1, 0000001000, '2021-05-19 22:03:01'),
(22570, 30883173, 'Количество слотов для SSD (формат M.2)', NULL, 1, 0000001000, '2021-05-19 22:03:01'),
(22571, 30883173, 'Интерфейс установленного SSD', NULL, 1, 0000001000, '2021-05-19 22:03:01'),
(22572, 30883173, 'Оптический привод (ODD)', NULL, 1, 0000001000, '2021-05-19 22:03:01'),
(22573, 30883173, 'Карты памяти', NULL, 1, 0000001000, '2021-05-19 22:03:01'),
(22574, 30883174, 'Дискретная графика', NULL, 1, 0000001000, '2021-05-19 22:03:01'),
(22575, 30883174, 'Модель видеокарты', NULL, 1, 0000001000, '2021-05-19 22:03:01'),
(22576, 30883175, 'Камера', NULL, 1, 0000001000, '2021-05-19 22:03:01'),
(22577, 30883175, 'Основная камера', NULL, 1, 0000001000, '2021-05-19 22:03:01'),
(22578, 30883175, 'Встроенный микрофон', NULL, 1, 0000001000, '2021-05-19 22:03:02'),
(22579, 30883175, 'Встроенные динамики', NULL, 1, 0000001000, '2021-05-19 22:03:02'),
(22580, 30883176, 'Цифровое поле (Numpad)', NULL, 1, 0000001000, '2021-05-19 22:03:02'),
(22581, 30883176, 'Подсветка клавиатуры', NULL, 1, 0000001000, '2021-05-19 22:03:02'),
(22582, 30883176, 'Заводская «кириллица» на клавишах', NULL, 1, 0000001000, '2021-05-19 22:03:02'),
(22583, 30883176, 'Управление курсором', NULL, 1, 0000001000, '2021-05-19 22:03:02'),
(22584, 30883176, 'Мультимедийная сенсорная панель', NULL, 1, 0000001000, '2021-05-19 22:03:02'),
(22585, 30883177, 'Функции защиты приватности', NULL, 1, 0000001000, '2021-05-19 22:03:02'),
(22586, 30883178, 'NFC', NULL, 1, 0000001000, '2021-05-19 22:03:02'),
(22587, 30883178, 'Bluetooth', NULL, 1, 0000001000, '2021-05-19 22:03:02'),
(22588, 30883178, 'LAN', NULL, 1, 0000001000, '2021-05-19 22:03:02'),
(22589, 30883178, 'Wi-Fi', NULL, 1, 0000001000, '2021-05-19 22:03:02'),
(22590, 30883178, 'Сотовая связь', NULL, 1, 0000001000, '2021-05-19 22:03:02'),
(22591, 30883178, 'Всего USB Type A', NULL, 1, 0000001000, '2021-05-19 22:03:02'),
(22592, 30883178, 'USB 2.0', NULL, 1, 0000001000, '2021-05-19 22:03:02'),
(22593, 30883178, 'USB 3.2 Gen1 Type-A (5 Гбит/с)', NULL, 1, 0000001000, '2021-05-19 22:03:02'),
(22594, 30883178, 'USB 3.2 Gen2 Type-A (10 Гбит/с)', NULL, 1, 0000001000, '2021-05-19 22:03:02'),
(22595, 30883178, 'Всего USB Type C', NULL, 1, 0000001000, '2021-05-19 22:03:02'),
(22596, 30883178, 'USB 3.2 Gen1 Type-C (5 Гбит/с)', NULL, 1, 0000001000, '2021-05-19 22:03:02'),
(22597, 30883178, 'USB 3.2 Gen 2x2 (20 Гбит/с)', NULL, 1, 0000001000, '2021-05-19 22:03:02'),
(22598, 30883178, 'USB4', NULL, 1, 0000001000, '2021-05-19 22:03:02'),
(22599, 30883178, 'VGA (RGB)', NULL, 1, 0000001000, '2021-05-19 22:03:02'),
(22600, 30883178, 'HDMI', NULL, 1, 0000001000, '2021-05-19 22:03:02'),
(22601, 30883178, 'Mini DisplayPort', NULL, 1, 0000001000, '2021-05-19 22:03:02'),
(22602, 30883178, 'Аудио выходы (3.5 мм jack)', NULL, 1, 0000001000, '2021-05-19 22:03:02'),
(22603, 30883179, 'Количество ячеек аккумулятора', NULL, 1, 0000001000, '2021-05-19 22:03:02'),
(22604, 30883179, 'Запас энергии', NULL, 1, 0000001000, '2021-05-19 22:03:02'),
(22605, 30883179, 'Зарядка ноутбука через USB Type-C', NULL, 1, 0000001000, '2021-05-19 22:03:02'),
(22606, 30883180, 'Операционная система', NULL, 1, 0000001000, '2021-05-19 22:03:02'),
(22607, 30883180, 'Дополнительная комплектация', NULL, 1, 0000001000, '2021-05-19 22:03:02'),
(22608, 30883167, 'Продуктовая линейка', NULL, 1, 0000001000, '2021-05-19 22:03:03'),
(22609, 30883171, 'Яркость экрана', NULL, 1, 0000001000, '2021-05-19 22:03:03'),
(22610, 30883174, 'Локальная видеопамять', NULL, 1, 0000001000, '2021-05-19 22:03:03'),
(22611, 30883178, 'USB 3.2 Gen2 Type-C (10 Гбит/с)', NULL, 1, 0000001000, '2021-05-19 22:03:03'),
(22612, 30883178, 'Максимальная скорость передачи данных USB', NULL, 1, 0000001000, '2021-05-19 22:03:03'),
(22613, 30883178, 'Альтернативные режимы USB Type-C', NULL, 1, 0000001000, '2021-05-19 22:03:03'),
(22614, 30883171, 'Характеристики дисплея', NULL, 1, 0000001000, '2021-05-19 22:03:04'),
(22615, 30883179, 'Время работы', NULL, 1, 0000001000, '2021-05-19 22:03:04'),
(22616, 30883179, 'Емкость аккумулятора', NULL, 1, 0000001000, '2021-05-19 22:03:07');

INSERT INTO `mr_catalog_attribute_value` (`id`, `CatalogAttributeID`, `TextValue`, `IsActive`) VALUES
(677585, 22452, NULL, 1),
(677586, 22452, 'чехлы', 1),
(677587, 22453, NULL, 1),
(677588, 22453, '2020 г.', 1),
(677589, 22454, NULL, 1),
(677590, 22454, 'потребительский', 1),
(677591, 22455, NULL, 1),
(677592, 22455, '10.3\"', 1),
(677593, 22456, NULL, 1),
(677594, 22456, '1920x1200', 1),
(677595, 22457, NULL, 1),
(677596, 22457, 'IPS', 1),
(677597, 22458, NULL, 1),
(677598, 22458, 'Android', 1),
(677599, 22459, NULL, 1),
(677600, 22459, 'Android 9.0 Pie', 1),
(677601, 22460, NULL, 1),
(677602, 22460, 'MediaTek Helio P22T', 1),
(677603, 22461, NULL, 1),
(677604, 22461, 'PowerVR GE8320', 1),
(677605, 22462, NULL, 1),
(677606, 22462, '4 ГБ', 1),
(677607, 22463, NULL, 1),
(677608, 22463, '64 ГБ', 1),
(677609, 22464, NULL, 1),
(677610, 22465, NULL, 1),
(677611, 22466, NULL, 1),
(677612, 22466, '8', 1),
(677613, 22467, NULL, 1),
(677614, 22467, '2 300 МГц', 1),
(677615, 22468, NULL, 1),
(677616, 22468, 'металл', 1),
(677617, 22469, NULL, 1),
(677618, 22469, 'серый', 1),
(677619, 22470, NULL, 1),
(677620, 22471, NULL, 1),
(677621, 22472, NULL, 1),
(677622, 22472, '244.2 мм', 1),
(677623, 22473, NULL, 1),
(677624, 22473, '153.3 мм', 1),
(677625, 22474, NULL, 1),
(677626, 22474, '8.15 мм', 1),
(677627, 22475, NULL, 1),
(677628, 22475, '460 г', 1),
(677629, 22476, NULL, 1),
(677630, 22477, NULL, 1),
(677631, 22478, NULL, 1),
(677632, 22479, NULL, 1),
(677633, 22479, 'microSD, microSDHC, microSDXC', 1),
(677634, 22480, NULL, 1),
(677635, 22480, '2', 1),
(677636, 22481, NULL, 1),
(677637, 22481, '8 Мп', 1),
(677638, 22482, NULL, 1),
(677639, 22483, NULL, 1),
(677640, 22484, NULL, 1),
(677641, 22484, '5 Мп', 1),
(677642, 22485, NULL, 1),
(677643, 22485, '1', 1),
(677644, 22486, NULL, 1),
(677645, 22486, '2 динамика', 1),
(677646, 22487, NULL, 1),
(677647, 22488, NULL, 1),
(677648, 22489, NULL, 1),
(677649, 22490, NULL, 1),
(677650, 22491, NULL, 1),
(677651, 22492, NULL, 1),
(677652, 22493, NULL, 1),
(677653, 22494, NULL, 1),
(677654, 22495, NULL, 1),
(677655, 22496, NULL, 1),
(677656, 22497, NULL, 1),
(677657, 22498, NULL, 1),
(677658, 22499, NULL, 1),
(677659, 22500, NULL, 1),
(677660, 22501, NULL, 1),
(677661, 22502, NULL, 1),
(677662, 22503, NULL, 1),
(677663, 22503, '5.0', 1),
(677664, 22504, NULL, 1),
(677665, 22505, NULL, 1),
(677666, 22505, '802.11ac', 1),
(677667, 22506, NULL, 1),
(677668, 22506, 'LTE', 1),
(677669, 22507, NULL, 1),
(677670, 22508, NULL, 1),
(677671, 22509, NULL, 1),
(677672, 22509, '1 шт', 1),
(677673, 22510, NULL, 1),
(677674, 22511, NULL, 1),
(677675, 22512, NULL, 1),
(677676, 22513, NULL, 1),
(677677, 22513, '1', 1),
(677678, 22514, NULL, 1),
(677679, 22515, NULL, 1),
(677680, 22515, '5 000 мА·ч', 1),
(677681, 22516, NULL, 1),
(677682, 22517, NULL, 1),
(677683, 22517, '7 часов', 1),
(677684, 22518, NULL, 1),
(677685, 22519, NULL, 1),
(677686, 22520, NULL, 1),
(677687, 22521, NULL, 1),
(677688, 22522, NULL, 1),
(677689, 22523, NULL, 1),
(677690, 22524, NULL, 1),
(677691, 22525, NULL, 1),
(677692, 22526, NULL, 1),
(677693, 22452, 'Apple Pencil Клавиатуры для Apple iPad Чехлы', 1),
(677694, 22453, '2019 г.', 1),
(677695, 22455, '10.2\"', 1),
(677696, 22456, '2160x1620', 1),
(677697, 22458, 'iPadOS', 1),
(677698, 22460, 'Apple A10', 1),
(677699, 22461, 'PowerVR GT7600', 1),
(677700, 22462, '3 ГБ', 1),
(677701, 22463, '32 ГБ', 1),
(677702, 22466, '4', 1),
(677703, 22467, '2 340 МГц', 1),
(677704, 22469, 'темно-серый', 1),
(677705, 22472, '250.6 мм', 1),
(677706, 22473, '174.1 мм', 1),
(677707, 22474, '7.5 мм', 1),
(677708, 22475, '483 г', 1),
(677709, 22476, ' (Apple Pencil 1‑го поколения)', 1),
(677710, 22484, '1.2 Мп', 1),
(677711, 22485, '2', 1),
(677712, 22499, ' (iBeacon/A-GPS)', 1),
(677713, 22503, '4.2', 1),
(677714, 22527, NULL, 1),
(677715, 22527, '32.4 Вт·ч', 1),
(677716, 22517, '10 часов', 1),
(677717, 22528, NULL, 1),
(677718, 22528, 'адаптер питания, кабель Lightning/USB, документация', 1),
(677719, 22455, '10.1\"', 1),
(677720, 22460, 'Exynos 7904', 1),
(677721, 22461, 'ARM Mali-G71 MP2', 1),
(677722, 22462, '2 ГБ', 1),
(677723, 22467, '1 600 МГц', 1),
(677724, 22529, NULL, 1),
(677725, 22529, '1 800 МГц', 1),
(677726, 22469, 'черный', 1),
(677727, 22472, '245.2 мм', 1),
(677728, 22473, '149.4 мм', 1),
(677729, 22475, '470 г', 1),
(677730, 22515, '6 150 мА·ч', 1),
(677731, 22517, '12 часов - 5 суток, 8 часов', 1),
(677732, 22528, 'адаптер питания, скрепка, USB-кабель, документация', 1),
(677733, 22452, 'Apple Pencil 2 Клавиатуры для Apple iPad Чехлы', 1),
(677734, 22454, 'профессиональный', 1),
(677735, 22455, '11\"', 1),
(677736, 22456, '2388x1668', 1),
(677737, 22459, 'iPadOS', 1),
(677738, 22460, 'Apple A12Z Bionic', 1),
(677739, 22462, '6 ГБ', 1),
(677740, 22463, '128 ГБ', 1),
(677741, 22472, '247.6 мм', 1),
(677742, 22473, '178.5 мм', 1),
(677743, 22474, '5.9 мм', 1),
(677744, 22475, '471 г', 1),
(677745, 22480, '3', 1),
(677746, 22481, '12 Мп', 1),
(677747, 22484, '7 Мп', 1),
(677748, 22485, '5', 1),
(677749, 22486, '4 динамика', 1),
(677750, 22490, ' (Face ID)', 1),
(677751, 22505, '802.11ax', 1),
(677752, 22527, '28.65 Вт·ч', 1),
(677753, 22528, 'кабель USB-C (1 м), адаптер питания USB-C', 1),
(677754, 22455, '10.4\"', 1),
(677755, 22456, '2000x1200', 1),
(677756, 22459, 'Android 10', 1),
(677757, 22460, 'Hisilicon Kirin 810', 1),
(677758, 22461, 'ARM Mali-G52', 1),
(677759, 22467, '1 800 МГц', 1),
(677760, 22529, '2 860 МГц', 1),
(677761, 22468, 'пластик, металл', 1),
(677762, 22469, 'темно-синий', 1),
(677763, 22472, '154.96 мм', 1),
(677764, 22473, '245.2 мм', 1),
(677765, 22474, '7.35 мм', 1),
(677766, 22475, '450 г', 1),
(677767, 22484, '8 Мп', 1),
(677768, 22485, '4', 1),
(677769, 22503, '5.1', 1),
(677770, 22515, '7 250 мА·ч', 1),
(677771, 22517, '12 часов', 1),
(677772, 22528, 'зарядное устройство, переходник USB-C - 3.5 мм, кабель USB-C, документация', 1),
(677773, 22530, NULL, 1),
(677774, 22530, 'сумки и чехлы рюкзаки оперативная память SSD', 1),
(677775, 22531, NULL, 1),
(677776, 22531, '2020 г.', 1),
(677777, 22532, NULL, 1),
(677778, 22532, 'классический', 1),
(677779, 22533, NULL, 1),
(677780, 22533, 'для дома', 1),
(677781, 22534, NULL, 1),
(677782, 22534, 'Intel Ice Lake (2019)', 1),
(677783, 22535, NULL, 1),
(677784, 22535, 'Intel Core i5', 1),
(677785, 22536, NULL, 1),
(677786, 22536, 'Intel Core i5 1035G1', 1),
(677787, 22537, NULL, 1),
(677788, 22537, '4', 1),
(677789, 22538, NULL, 1),
(677790, 22538, '8', 1),
(677791, 22539, NULL, 1),
(677792, 22539, '1 000 МГц', 1),
(677793, 22540, NULL, 1),
(677794, 22540, '3 600 МГц', 1),
(677795, 22541, NULL, 1),
(677796, 22541, '25 Вт', 1),
(677797, 22542, NULL, 1),
(677798, 22542, 'Intel UHD Graphics G1', 1),
(677799, 22543, NULL, 1),
(677800, 22543, 'пластик', 1),
(677801, 22544, NULL, 1),
(677802, 22544, 'темно-серый', 1),
(677803, 22545, NULL, 1),
(677804, 22545, 'пластик', 1),
(677805, 22546, NULL, 1),
(677806, 22546, 'темно-серый', 1),
(677807, 22547, NULL, 1),
(677808, 22548, NULL, 1),
(677809, 22549, NULL, 1),
(677810, 22549, '360.2 мм', 1),
(677811, 22550, NULL, 1),
(677812, 22550, '234.9 мм', 1),
(677813, 22551, NULL, 1),
(677814, 22551, '22.9 мм', 1),
(677815, 22552, NULL, 1),
(677816, 22552, '1800 г', 1),
(677817, 22553, NULL, 1),
(677818, 22553, '15.6\"', 1),
(677819, 22554, NULL, 1),
(677820, 22554, '1920 x 1080', 1),
(677821, 22555, NULL, 1),
(677822, 22555, '60 Гц', 1),
(677823, 22556, NULL, 1),
(677824, 22556, 'IPS', 1),
(677825, 22557, NULL, 1),
(677826, 22557, 'матовый', 1),
(677827, 22558, NULL, 1),
(677828, 22558, 'несенсорный', 1),
(677829, 22559, NULL, 1),
(677830, 22560, NULL, 1),
(677831, 22561, NULL, 1),
(677832, 22561, 'DDR4', 1),
(677833, 22562, NULL, 1),
(677834, 22562, '2400 МГц', 1),
(677835, 22563, NULL, 1),
(677836, 22563, '8 ГБ', 1),
(677837, 22564, NULL, 1),
(677838, 22564, '12 ГБ', 1),
(677839, 22565, NULL, 1),
(677840, 22565, '1', 1),
(677841, 22566, NULL, 1),
(677842, 22567, NULL, 1),
(677843, 22567, 'SSD 512 ГБ', 1),
(677844, 22568, NULL, 1),
(677845, 22568, 'SSD', 1),
(677846, 22569, NULL, 1),
(677847, 22569, '512 ГБ', 1),
(677848, 22570, NULL, 1),
(677849, 22570, '1 слот', 1),
(677850, 22571, NULL, 1),
(677851, 22571, 'PCIe', 1),
(677852, 22572, NULL, 1),
(677853, 22573, NULL, 1),
(677854, 22573, 'microSD, microSDHC, microSDXC', 1),
(677855, 22574, NULL, 1),
(677856, 22575, NULL, 1),
(677857, 22575, 'встроенная', 1),
(677858, 22576, NULL, 1),
(677859, 22577, NULL, 1),
(677860, 22577, '0.3 Мп', 1),
(677861, 22578, NULL, 1),
(677862, 22578, '2', 1),
(677863, 22579, NULL, 1),
(677864, 22579, '2 динамика', 1),
(677865, 22580, NULL, 1),
(677866, 22580, 'физическое', 1),
(677867, 22581, NULL, 1),
(677868, 22582, NULL, 1),
(677869, 22583, NULL, 1),
(677870, 22583, 'тачпад (сенсорная площадка)', 1),
(677871, 22584, NULL, 1),
(677872, 22585, NULL, 1),
(677873, 22586, NULL, 1),
(677874, 22587, NULL, 1),
(677875, 22587, '4.2', 1),
(677876, 22588, NULL, 1),
(677877, 22589, NULL, 1),
(677878, 22589, '802.11ac', 1),
(677879, 22590, NULL, 1),
(677880, 22591, NULL, 1),
(677881, 22591, '3', 1),
(677882, 22592, NULL, 1),
(677883, 22592, '2', 1),
(677884, 22593, NULL, 1),
(677885, 22593, '1', 1),
(677886, 22594, NULL, 1),
(677887, 22595, NULL, 1),
(677888, 22595, '1', 1),
(677889, 22596, NULL, 1),
(677890, 22597, NULL, 1),
(677891, 22598, NULL, 1),
(677892, 22599, NULL, 1),
(677893, 22600, NULL, 1),
(677894, 22600, '1', 1),
(677895, 22601, NULL, 1),
(677896, 22602, NULL, 1),
(677897, 22602, '1', 1),
(677898, 22603, NULL, 1),
(677899, 22603, '2 ячейки', 1),
(677900, 22604, NULL, 1),
(677901, 22604, '32 Вт·ч', 1),
(677902, 22605, NULL, 1),
(677903, 22606, NULL, 1),
(677904, 22606, 'без ОС', 1),
(677905, 22607, NULL, 1),
(677906, 22453, '2018 г.', 1),
(677907, 22454, 'геймерский', 1),
(677908, 22455, '8.0\"', 1),
(677909, 22459, 'Android 8.1 Oreo', 1),
(677910, 22460, 'Qualcomm SDM660', 1),
(677911, 22461, 'Qualcomm Adreno 512', 1),
(677912, 22529, '2 200 МГц', 1),
(677913, 22472, '200.2 мм', 1),
(677914, 22473, '120.3 мм', 1),
(677915, 22474, '7.9 мм', 1),
(677916, 22475, '342.5 г', 1),
(677917, 22481, '13 Мп', 1),
(677918, 22515, '6 000 мА·ч', 1),
(677919, 22517, '8 часов - 15 часов', 1),
(677920, 22528, 'адаптер питания, кабель USB-C, скрепка для лотка карты, документация', 1),
(677921, 22608, NULL, 1),
(677922, 22608, 'ASUS TUF Gaming', 1),
(677923, 22532, 'игровой (геймерский)', 1),
(677924, 22534, 'AMD Renoir (2020)', 1),
(677925, 22535, 'AMD Ryzen 7', 1),
(677926, 22536, 'AMD Ryzen 7 4800H', 1),
(677927, 22537, '8', 1),
(677928, 22538, '16', 1),
(677929, 22539, '2 900 МГц', 1),
(677930, 22540, '4 200 МГц', 1),
(677931, 22541, '54 Вт', 1),
(677932, 22542, 'AMD Radeon Vega 7', 1),
(677933, 22544, 'черный', 1),
(677934, 22546, 'серый', 1),
(677935, 22548, ' (MIL-STD-810H)', 1),
(677936, 22549, '359.8 мм', 1),
(677937, 22550, '256 мм', 1),
(677938, 22551, '24.9 мм', 1),
(677939, 22552, '2300 г', 1),
(677940, 22555, '144 Гц', 1),
(677941, 22609, NULL, 1),
(677942, 22609, '250 кд/м²', 1),
(677943, 22562, '3200 МГц', 1),
(677944, 22563, '16 ГБ', 1),
(677945, 22564, '32 ГБ', 1),
(677946, 22565, '2', 1),
(677947, 22570, '2 слота', 1),
(677948, 22575, 'NVIDIA GeForce GTX 1660 Ti Max-Q 6 ГБ', 1),
(677949, 22610, NULL, 1),
(677950, 22610, '6 ГБ', 1),
(677951, 22577, '1 Мп', 1),
(677952, 22581, 'многоцветная', 1),
(677953, 22587, '5.0', 1),
(677954, 22588, '1 Gbit', 1),
(677955, 22592, '1', 1),
(677956, 22593, '2', 1),
(677957, 22611, NULL, 1),
(677958, 22611, '1', 1),
(677959, 22612, NULL, 1),
(677960, 22612, '10 Гбит/с', 1),
(677961, 22613, NULL, 1),
(677962, 22613, 'DisplayPort', 1),
(677963, 22603, '3 ячейки', 1),
(677964, 22604, '48 Вт·ч', 1),
(677965, 22455, '9.7\"', 1),
(677966, 22456, '2048x1536', 1),
(677967, 22458, 'iOS', 1),
(677968, 22459, 'iOS 11', 1),
(677969, 22468, 'металл, стекло', 1),
(677970, 22472, '240 мм', 1),
(677971, 22473, '169.5 мм', 1),
(677972, 22475, '469 г', 1),
(677973, 22499, ' (iBeacon)', 1),
(677974, 22530, 'сумки и чехлы рюкзаки', 1),
(677975, 22608, 'Apple MacBook Air', 1),
(677976, 22532, 'ультрабук', 1),
(677977, 22535, 'Intel Core i3', 1),
(677978, 22536, 'Intel Core i3 1000G4', 1),
(677979, 22537, '2', 1),
(677980, 22538, '4', 1),
(677981, 22539, '1 100 МГц', 1),
(677982, 22540, '3 200 МГц', 1),
(677983, 22541, '9 Вт', 1),
(677984, 22542, 'Intel Iris Plus Graphics', 1),
(677985, 22543, 'металл', 1),
(677986, 22544, 'серый', 1),
(677987, 22545, 'алюминий', 1),
(677988, 22549, '304.1 мм', 1),
(677989, 22550, '212.4 мм', 1),
(677990, 22551, '16.1 мм', 1),
(677991, 22552, '1290 г', 1),
(677992, 22553, '13.3\"', 1),
(677993, 22554, '2560 x 1600', 1),
(677994, 22609, '400 кд/м²', 1),
(677995, 22557, 'глянцевый', 1),
(677996, 22614, NULL, 1),
(677997, 22614, '100% sRGBТехнология True Tone', 1),
(677998, 22561, 'LPDDR4X', 1),
(677999, 22562, '3733 МГц', 1),
(678000, 22567, 'SSD 256 ГБ', 1),
(678001, 22569, '256 ГБ', 1),
(678002, 22570, 'нет слотов', 1),
(678003, 22578, '3', 1),
(678004, 22585, 'сканер отпечатка пальца, чип для контроля функций безопасности', 1),
(678005, 22595, '2', 1),
(678006, 22613, 'Thunderbolt 3', 1),
(678007, 22604, '49.9 Вт·ч', 1),
(678008, 22615, NULL, 1),
(678009, 22615, '12 часов', 1),
(678010, 22606, 'Mac OS', 1),
(678011, 22455, '10.5\"', 1),
(678012, 22456, '2560x1600', 1),
(678013, 22457, 'AMOLED', 1),
(678014, 22460, 'Qualcomm SDM855', 1),
(678015, 22461, 'Qualcomm Adreno 640', 1),
(678016, 22529, '2 420 МГц', 1),
(678017, 22469, 'золотистый', 1),
(678018, 22472, '244.5 мм', 1),
(678019, 22473, '159.5 мм', 1),
(678020, 22474, '5.7 мм', 1),
(678021, 22475, '420 г', 1),
(678022, 22477, 'Gorilla Glass v3', 1),
(678023, 22515, '7 040 мА·ч', 1),
(678024, 22517, '9 часов - 4 суток, 9 часов', 1),
(678025, 22535, 'AMD Ryzen 5', 1),
(678026, 22536, 'AMD Ryzen 5 4600H', 1),
(678027, 22537, '6', 1),
(678028, 22538, '12', 1),
(678029, 22539, '3 000 МГц', 1),
(678030, 22540, '4 000 МГц', 1),
(678031, 22542, 'AMD Radeon Vega 6', 1),
(678032, 22546, 'черный', 1),
(678033, 22551, '24.7 мм', 1),
(678034, 22575, 'NVIDIA GeForce GTX 1650 Ti 4 ГБ', 1),
(678035, 22610, '4 ГБ', 1),
(678036, 22453, '2017 г.', 1),
(678037, 22455, '9.6\"', 1),
(678038, 22456, '1280x800', 1),
(678039, 22459, 'Android 7.0 Nougat', 1),
(678040, 22460, 'Qualcomm MSM8917', 1),
(678041, 22461, 'Qualcomm Adreno 308', 1),
(678042, 22463, '16 ГБ', 1),
(678043, 22469, 'черный, серый', 1),
(678044, 22472, '159.8 мм', 1),
(678045, 22473, '229.8 мм', 1),
(678046, 22474, '7.95 мм', 1),
(678047, 22479, 'microSD, microSDHC', 1),
(678048, 22481, '5 Мп', 1),
(678049, 22484, '2 Мп', 1),
(678050, 22486, 'монодинамик', 1),
(678051, 22507, '1', 1),
(678052, 22515, '4 800 мА·ч', 1),
(678053, 22528, 'адаптер питания, кабель USB, документация', 1),
(678054, 22530, 'сумки рюкзаки оперативная память', 1),
(678055, 22531, '2019 г.', 1),
(678056, 22534, 'AMD Picasso (2019)', 1),
(678057, 22536, 'AMD Ryzen 5 3550H', 1),
(678058, 22539, '2 100 МГц', 1),
(678059, 22540, '3 700 МГц', 1),
(678060, 22541, '35 Вт', 1),
(678061, 22542, 'AMD Radeon Vega 8', 1),
(678062, 22549, '360.4 мм', 1),
(678063, 22550, '262 мм', 1),
(678064, 22551, '26.8 мм', 1),
(678065, 22552, '2200 г', 1),
(678066, 22562, '2666 МГц', 1),
(678067, 22566, '1', 1),
(678068, 22575, 'NVIDIA GeForce GTX 1650 4 ГБ GDDR5', 1),
(678069, 22616, NULL, 1),
(678070, 22616, '2 526 мА·ч', 1),
(678071, 22455, '7.9\"', 1),
(678072, 22459, 'iOS 12', 1),
(678073, 22460, 'Apple A12 Bionic', 1),
(678074, 22461, ' (создан Apple, 4 ядра)', 1),
(678075, 22466, '6', 1),
(678076, 22467, '2 490 МГц', 1),
(678077, 22472, '203.2 мм', 1),
(678078, 22473, '134.8 мм', 1),
(678079, 22474, '6.1 мм', 1),
(678080, 22475, '300.5 г', 1),
(678081, 22527, '19.1 Вт·ч', 1),
(678082, 22608, 'Apple MacBook Pro', 1),
(678083, 22533, 'для работы', 1),
(678084, 22534, 'Intel Coffee Lake (2018)', 1),
(678085, 22535, 'Intel Core i7', 1),
(678086, 22536, 'Intel Core i7 9750H', 1),
(678087, 22539, '2 600 МГц', 1),
(678088, 22540, '4 500 МГц', 1),
(678089, 22541, '45 Вт', 1),
(678090, 22542, 'Intel UHD Graphics 630', 1),
(678091, 22549, '357.9 мм', 1),
(678092, 22550, '245.9 мм', 1),
(678093, 22551, '16.2 мм', 1),
(678094, 22552, '2000 г', 1),
(678095, 22553, '16.0\"', 1),
(678096, 22554, '3072x1920', 1),
(678097, 22609, '500 кд/м²', 1),
(678098, 22575, 'AMD Radeon Pro 5300M 4ГБ', 1),
(678099, 22579, '4 динамика и 2 сабвуфера', 1),
(678100, 22595, '4', 1),
(678101, 22604, '100 Вт·ч', 1),
(678102, 22615, '11 часов', 1),
(678103, 22469, 'серебристый', 1),
(678104, 22536, 'Intel Core i3 1005G1', 1),
(678105, 22539, '1 200 МГц', 1),
(678106, 22540, '3 400 МГц', 1),
(678107, 22541, '15 Вт', 1),
(678108, 22542, 'Intel UHD Graphics', 1),
(678109, 22563, '4 ГБ', 1),
(678110, 22455, '12.9\"', 1),
(678111, 22456, '2732x2048', 1),
(678112, 22472, '280.6 мм', 1),
(678113, 22473, '214.9 мм', 1),
(678114, 22475, '641 г', 1),
(678115, 22527, '36.71 Вт·ч', 1),
(678116, 22531, '2017 г.', 1),
(678117, 22534, 'Intel Broadwell (2014)', 1),
(678118, 22536, 'Intel Core i5 5350U', 1),
(678119, 22539, '1 800 МГц', 1),
(678120, 22540, '2 900 МГц', 1),
(678121, 22542, 'Intel HD Graphics 6000', 1),
(678122, 22544, 'серебристый', 1),
(678123, 22546, 'серебристый', 1),
(678124, 22549, '325 мм', 1),
(678125, 22550, '227 мм', 1),
(678126, 22551, '17 мм', 1),
(678127, 22552, '1350 г', 1),
(678128, 22554, '1440 x 900', 1),
(678129, 22556, 'TN+Film', 1),
(678130, 22561, 'LPDDR3', 1),
(678131, 22567, 'SSD 128 ГБ', 1),
(678132, 22569, '128 ГБ', 1),
(678133, 22573, 'MMC, SD, SDHC, SDXC', 1),
(678134, 22587, '4.0', 1),
(678135, 22591, '2', 1),
(678136, 22601, '1', 1),
(678137, 22604, '54 Вт·ч', 1),
(678138, 22575, 'NVIDIA GeForce GTX 1660 Ti 6 ГБ', 1),
(678139, 22456, '2224x1668', 1),
(678140, 22475, '456 г', 1),
(678141, 22527, '30.2 Вт·ч', 1),
(678142, 22536, 'Intel Core i5 8257U', 1),
(678143, 22539, '1 400 МГц', 1),
(678144, 22540, '3 900 МГц', 1),
(678145, 22542, 'Intel Iris Plus Graphics 645', 1),
(678146, 22551, '14.9 мм', 1),
(678147, 22552, '1370 г', 1),
(678148, 22562, '2133 МГц', 1),
(678149, 22577, '0.92 Мп', 1),
(678150, 22584, 'сенсорная панель', 1),
(678151, 22604, '58.2 Вт·ч', 1),
(678152, 22615, '10 часов', 1),
(678153, 22608, 'Lenovo IdeaPad 3', 1),
(678154, 22534, 'Intel Comet Lake (2019)', 1),
(678155, 22536, 'Intel Core i3 10110U', 1),
(678156, 22540, '4 100 МГц', 1),
(678157, 22549, '362.2 мм', 1),
(678158, 22550, '253.4 мм', 1),
(678159, 22551, '19.9 мм', 1),
(678160, 22552, '1700 г', 1),
(678161, 22575, 'NVIDIA GeForce MX130 2 ГБ', 1),
(678162, 22610, '2 ГБ', 1),
(678163, 22585, 'физический выключатель камеры', 1),
(678164, 22604, '45 Вт·ч', 1),
(678165, 22615, '11 часов 30 минут', 1);

INSERT INTO `mr_good_attribute` (`id`, `GoodID`, `CatalogAttributeValueID`, `BoolValue`, `IsActive`) VALUES
(28360582, 1, 677586, NULL, 1),
(28360583, 1, 677588, NULL, 1),
(28360584, 1, 677590, NULL, 1),
(28360585, 1, 677592, NULL, 1),
(28360586, 1, 677594, NULL, 1),
(28360587, 1, 677596, NULL, 1),
(28360588, 1, 677598, NULL, 1),
(28360589, 1, 677600, NULL, 1),
(28360590, 1, 677602, NULL, 1),
(28360591, 1, 677604, 1, 1),
(28360592, 1, 677606, NULL, 1),
(28360593, 1, 677608, NULL, 1),
(28360594, 1, 677609, 0, 1),
(28360595, 1, 677610, 0, 1),
(28360596, 1, 677612, NULL, 1),
(28360597, 1, 677614, NULL, 1),
(28360598, 1, 677616, NULL, 1),
(28360599, 1, 677618, NULL, 1),
(28360600, 1, 677619, 0, 1),
(28360601, 1, 677620, 1, 1),
(28360602, 1, 677622, NULL, 1),
(28360603, 1, 677624, NULL, 1),
(28360604, 1, 677626, NULL, 1),
(28360605, 1, 677628, NULL, 1),
(28360606, 1, 677629, 0, 1),
(28360607, 1, 677630, 0, 1),
(28360608, 1, 677631, 0, 1),
(28360609, 1, 677633, 1, 1),
(28360610, 1, 677635, 1, 1),
(28360611, 1, 677637, NULL, 1),
(28360612, 1, 677638, 1, 1),
(28360613, 1, 677639, 1, 1),
(28360614, 1, 677641, NULL, 1),
(28360615, 1, 677643, 1, 1),
(28360616, 1, 677645, NULL, 1),
(28360617, 1, 677646, 0, 1),
(28360618, 1, 677647, 0, 1),
(28360619, 1, 677648, 1, 1),
(28360620, 1, 677649, 0, 1),
(28360621, 1, 677650, 0, 1),
(28360622, 1, 677651, 0, 1),
(28360623, 1, 677652, 1, 1),
(28360624, 1, 677653, 0, 1),
(28360625, 1, 677654, 0, 1),
(28360626, 1, 677655, 1, 1),
(28360627, 1, 677656, 0, 1),
(28360628, 1, 677657, 0, 1),
(28360629, 1, 677658, 1, 1),
(28360630, 1, 677659, 0, 1),
(28360631, 1, 677660, 0, 1),
(28360632, 1, 677661, 0, 1),
(28360633, 1, 677663, 1, 1),
(28360634, 1, 677664, 0, 1),
(28360635, 1, 677666, 1, 1),
(28360636, 1, 677668, 1, 1),
(28360637, 1, 677669, 0, 1),
(28360638, 1, 677670, 0, 1),
(28360639, 1, 677672, 1, 1),
(28360640, 1, 677673, 0, 1),
(28360641, 1, 677674, 0, 1),
(28360642, 1, 677675, 0, 1),
(28360643, 1, 677677, 1, 1),
(28360644, 1, 677678, 0, 1),
(28360645, 1, 677680, NULL, 1),
(28360646, 1, 677681, 0, 1),
(28360647, 1, 677683, NULL, 1),
(28360648, 1, 677684, 0, 1),
(28360649, 1, 677685, 0, 1),
(28360650, 1, 677686, 0, 1),
(28360651, 1, 677687, 0, 1),
(28360652, 1, 677688, 0, 1),
(28360653, 1, 677689, 0, 1),
(28360654, 1, 677690, 0, 1),
(28360655, 1, 677691, 0, 1),
(28360656, 1, 677692, 0, 1),
(28360657, 2, 677693, NULL, 1),
(28360658, 2, 677694, NULL, 1),
(28360659, 2, 677590, NULL, 1),
(28360660, 2, 677695, NULL, 1),
(28360661, 2, 677696, NULL, 1),
(28360662, 2, 677596, NULL, 1),
(28360663, 2, 677697, NULL, 1),
(28360664, 2, 677698, NULL, 1),
(28360665, 2, 677699, 1, 1),
(28360666, 2, 677700, NULL, 1),
(28360667, 2, 677701, NULL, 1),
(28360668, 2, 677609, 0, 1),
(28360669, 2, 677610, 0, 1),
(28360670, 2, 677702, NULL, 1),
(28360671, 2, 677703, NULL, 1),
(28360672, 2, 677616, NULL, 1),
(28360673, 2, 677704, NULL, 1),
(28360674, 2, 677619, 0, 1),
(28360675, 2, 677705, NULL, 1),
(28360676, 2, 677706, NULL, 1),
(28360677, 2, 677707, NULL, 1),
(28360678, 2, 677708, NULL, 1),
(28360679, 2, 677709, 1, 1),
(28360680, 2, 677630, 0, 1),
(28360681, 2, 677631, 0, 1),
(28360682, 2, 677632, 0, 1),
(28360683, 2, 677635, 1, 1),
(28360684, 2, 677637, NULL, 1),
(28360685, 2, 677638, 1, 1),
(28360686, 2, 677639, 0, 1),
(28360687, 2, 677710, NULL, 1),
(28360688, 2, 677711, 1, 1),
(28360689, 2, 677645, NULL, 1),
(28360690, 2, 677646, 1, 1),
(28360691, 2, 677647, 0, 1),
(28360692, 2, 677648, 0, 1),
(28360693, 2, 677649, 0, 1),
(28360694, 2, 677650, 0, 1),
(28360695, 2, 677651, 0, 1),
(28360696, 2, 677652, 1, 1),
(28360697, 2, 677653, 1, 1),
(28360698, 2, 677654, 0, 1),
(28360699, 2, 677655, 1, 1),
(28360700, 2, 677656, 1, 1),
(28360701, 2, 677712, 0, 1),
(28360702, 2, 677659, 1, 1),
(28360703, 2, 677660, 0, 1),
(28360704, 2, 677661, 0, 1),
(28360705, 2, 677713, 1, 1),
(28360706, 2, 677664, 0, 1),
(28360707, 2, 677666, 1, 1),
(28360708, 2, 677667, 0, 1),
(28360709, 2, 677669, 0, 1),
(28360710, 2, 677670, 0, 1),
(28360711, 2, 677671, 0, 1),
(28360712, 2, 677673, 0, 1),
(28360713, 2, 677674, 0, 1),
(28360714, 2, 677675, 0, 1),
(28360715, 2, 677677, 1, 1),
(28360716, 2, 677678, 0, 1),
(28360717, 2, 677715, NULL, 1),
(28360718, 2, 677681, 0, 1),
(28360719, 2, 677716, NULL, 1),
(28360720, 2, 677684, 0, 1),
(28360721, 2, 677718, NULL, 1),
(28360722, 2, 677685, 0, 1),
(28360723, 2, 677686, 0, 1),
(28360724, 2, 677687, 0, 1),
(28360725, 2, 677688, 0, 1),
(28360726, 2, 677689, 0, 1),
(28360727, 2, 677690, 0, 1),
(28360728, 2, 677691, 0, 1),
(28360729, 2, 677692, 0, 1),
(28360730, 4, 677586, NULL, 1),
(28360731, 4, 677694, NULL, 1),
(28360732, 4, 677590, NULL, 1),
(28360733, 4, 677719, NULL, 1),
(28360734, 4, 677594, NULL, 1),
(28360735, 4, 677598, NULL, 1),
(28360736, 4, 677600, NULL, 1),
(28360737, 4, 677720, NULL, 1),
(28360738, 4, 677721, 1, 1),
(28360739, 4, 677722, NULL, 1),
(28360740, 4, 677701, NULL, 1),
(28360741, 4, 677609, 0, 1),
(28360742, 4, 677610, 1, 1),
(28360743, 4, 677612, NULL, 1),
(28360744, 4, 677723, NULL, 1),
(28360745, 4, 677725, NULL, 1),
(28360746, 4, 677616, NULL, 1),
(28360747, 4, 677726, NULL, 1),
(28360748, 4, 677619, 0, 1),
(28360749, 4, 677620, 1, 1),
(28360750, 4, 677727, NULL, 1),
(28360751, 4, 677728, NULL, 1),
(28360752, 4, 677707, NULL, 1),
(28360753, 4, 677729, NULL, 1),
(28360754, 4, 677629, 0, 1),
(28360755, 4, 677630, 0, 1),
(28360756, 4, 677631, 0, 1),
(28360757, 4, 677633, 1, 1),
(28360758, 4, 677635, 1, 1),
(28360759, 4, 677637, NULL, 1),
(28360760, 4, 677638, 1, 1),
(28360761, 4, 677639, 0, 1),
(28360762, 4, 677641, NULL, 1),
(28360763, 4, 677643, 1, 1),
(28360764, 4, 677645, NULL, 1),
(28360765, 4, 677646, 0, 1),
(28360766, 4, 677647, 0, 1),
(28360767, 4, 677648, 0, 1),
(28360768, 4, 677649, 0, 1),
(28360769, 4, 677650, 0, 1),
(28360770, 4, 677651, 0, 1),
(28360771, 4, 677652, 1, 1),
(28360772, 4, 677653, 1, 1),
(28360773, 4, 677655, 1, 1),
(28360774, 4, 677656, 0, 1),
(28360775, 4, 677658, 1, 1),
(28360776, 4, 677659, 1, 1),
(28360777, 4, 677660, 0, 1),
(28360778, 4, 677661, 0, 1),
(28360779, 4, 677663, 1, 1),
(28360780, 4, 677664, 0, 1),
(28360781, 4, 677666, 1, 1),
(28360782, 4, 677668, 1, 1),
(28360783, 4, 677669, 0, 1),
(28360784, 4, 677670, 0, 1),
(28360785, 4, 677672, 1, 1),
(28360786, 4, 677673, 0, 1),
(28360787, 4, 677674, 0, 1),
(28360788, 4, 677675, 0, 1),
(28360789, 4, 677677, 1, 1),
(28360790, 4, 677678, 0, 1),
(28360791, 4, 677730, NULL, 1),
(28360792, 4, 677681, 0, 1),
(28360793, 4, 677731, NULL, 1),
(28360794, 4, 677732, NULL, 1),
(28360795, 4, 677685, 0, 1),
(28360796, 4, 677686, 0, 1),
(28360797, 4, 677687, 0, 1),
(28360798, 4, 677688, 0, 1),
(28360799, 4, 677689, 0, 1),
(28360800, 4, 677690, 0, 1),
(28360801, 4, 677691, 0, 1),
(28360802, 4, 677692, 0, 1),
(28360803, 6, 677733, NULL, 1),
(28360804, 6, 677588, NULL, 1),
(28360805, 6, 677734, NULL, 1),
(28360806, 6, 677735, NULL, 1),
(28360807, 6, 677736, NULL, 1),
(28360808, 6, 677596, NULL, 1),
(28360809, 6, 677697, NULL, 1),
(28360810, 6, 677737, NULL, 1),
(28360811, 6, 677738, NULL, 1),
(28360812, 6, 677603, 1, 1),
(28360813, 6, 677739, NULL, 1),
(28360814, 6, 677740, NULL, 1),
(28360815, 6, 677616, NULL, 1),
(28360816, 6, 677618, NULL, 1),
(28360817, 6, 677619, 0, 1),
(28360818, 6, 677620, 0, 1),
(28360819, 6, 677741, NULL, 1),
(28360820, 6, 677742, NULL, 1),
(28360821, 6, 677743, NULL, 1),
(28360822, 6, 677744, NULL, 1),
(28360823, 6, 677629, 1, 1),
(28360824, 6, 677630, 0, 1),
(28360825, 6, 677631, 0, 1),
(28360826, 6, 677632, 0, 1),
(28360827, 6, 677745, 1, 1),
(28360828, 6, 677746, NULL, 1),
(28360829, 6, 677638, 1, 1),
(28360830, 6, 677639, 1, 1),
(28360831, 6, 677747, NULL, 1),
(28360832, 6, 677748, 1, 1),
(28360833, 6, 677749, NULL, 1),
(28360834, 6, 677646, 0, 1),
(28360835, 6, 677647, 0, 1),
(28360836, 6, 677648, 0, 1),
(28360837, 6, 677750, 1, 1),
(28360838, 6, 677650, 1, 1),
(28360839, 6, 677651, 0, 1),
(28360840, 6, 677652, 1, 1),
(28360841, 6, 677653, 1, 1),
(28360842, 6, 677654, 0, 1),
(28360843, 6, 677655, 1, 1),
(28360844, 6, 677656, 1, 1),
(28360845, 6, 677657, 1, 1),
(28360846, 6, 677658, 0, 1),
(28360847, 6, 677659, 1, 1),
(28360848, 6, 677660, 0, 1),
(28360849, 6, 677661, 0, 1),
(28360850, 6, 677663, 1, 1),
(28360851, 6, 677664, 0, 1),
(28360852, 6, 677751, 1, 1),
(28360853, 6, 677667, 0, 1),
(28360854, 6, 677669, 0, 1),
(28360855, 6, 677670, 0, 1),
(28360856, 6, 677672, 1, 1),
(28360857, 6, 677673, 0, 1),
(28360858, 6, 677674, 0, 1),
(28360859, 6, 677675, 0, 1),
(28360860, 6, 677676, 0, 1),
(28360861, 6, 677678, 0, 1),
(28360862, 6, 677752, NULL, 1),
(28360863, 6, 677681, 0, 1),
(28360864, 6, 677716, NULL, 1),
(28360865, 6, 677684, 0, 1),
(28360866, 6, 677753, NULL, 1),
(28360867, 6, 677685, 0, 1),
(28360868, 6, 677686, 0, 1),
(28360869, 6, 677687, 0, 1),
(28360870, 6, 677688, 0, 1),
(28360871, 6, 677689, 0, 1),
(28360872, 6, 677690, 0, 1),
(28360873, 6, 677691, 0, 1),
(28360874, 6, 677692, 0, 1),
(28360875, 8, 677586, NULL, 1),
(28360876, 8, 677588, NULL, 1),
(28360877, 8, 677590, NULL, 1),
(28360878, 8, 677754, NULL, 1),
(28360879, 8, 677755, NULL, 1),
(28360880, 8, 677596, NULL, 1),
(28360881, 8, 677598, NULL, 1),
(28360882, 8, 677756, NULL, 1),
(28360883, 8, 677757, NULL, 1),
(28360884, 8, 677758, 1, 1),
(28360885, 8, 677606, NULL, 1),
(28360886, 8, 677608, NULL, 1),
(28360887, 8, 677610, 1, 1),
(28360888, 8, 677612, NULL, 1),
(28360889, 8, 677759, NULL, 1),
(28360890, 8, 677760, NULL, 1),
(28360891, 8, 677761, NULL, 1),
(28360892, 8, 677762, NULL, 1),
(28360893, 8, 677619, 0, 1),
(28360894, 8, 677620, 0, 1),
(28360895, 8, 677763, NULL, 1),
(28360896, 8, 677764, NULL, 1),
(28360897, 8, 677765, NULL, 1),
(28360898, 8, 677766, NULL, 1),
(28360899, 8, 677629, 1, 1),
(28360900, 8, 677630, 0, 1),
(28360901, 8, 677631, 0, 1),
(28360902, 8, 677633, 1, 1),
(28360903, 8, 677635, 1, 1),
(28360904, 8, 677637, NULL, 1),
(28360905, 8, 677638, 1, 1),
(28360906, 8, 677639, 1, 1),
(28360907, 8, 677767, NULL, 1),
(28360908, 8, 677768, 1, 1),
(28360909, 8, 677749, NULL, 1),
(28360910, 8, 677646, 0, 1),
(28360911, 8, 677647, 0, 1),
(28360912, 8, 677648, 0, 1),
(28360913, 8, 677649, 0, 1),
(28360914, 8, 677650, 1, 1),
(28360915, 8, 677651, 0, 1),
(28360916, 8, 677652, 1, 1),
(28360917, 8, 677653, 0, 1),
(28360918, 8, 677654, 1, 1),
(28360919, 8, 677655, 1, 1),
(28360920, 8, 677656, 0, 1),
(28360921, 8, 677657, 0, 1),
(28360922, 8, 677658, 1, 1),
(28360923, 8, 677659, 1, 1),
(28360924, 8, 677660, 0, 1),
(28360925, 8, 677661, 0, 1),
(28360926, 8, 677769, 1, 1),
(28360927, 8, 677664, 0, 1),
(28360928, 8, 677666, 1, 1),
(28360929, 8, 677668, 1, 1),
(28360930, 8, 677669, 0, 1),
(28360931, 8, 677670, 0, 1),
(28360932, 8, 677672, 1, 1),
(28360933, 8, 677673, 0, 1),
(28360934, 8, 677674, 0, 1),
(28360935, 8, 677675, 0, 1),
(28360936, 8, 677676, 0, 1),
(28360937, 8, 677678, 0, 1),
(28360938, 8, 677770, NULL, 1),
(28360939, 8, 677681, 0, 1),
(28360940, 8, 677771, NULL, 1),
(28360941, 8, 677684, 0, 1),
(28360942, 8, 677772, NULL, 1),
(28360943, 8, 677685, 0, 1),
(28360944, 8, 677686, 0, 1),
(28360945, 8, 677687, 0, 1),
(28360946, 8, 677688, 0, 1),
(28360947, 8, 677689, 0, 1),
(28360948, 8, 677690, 0, 1),
(28360949, 8, 677691, 0, 1),
(28360950, 8, 677692, 0, 1),
(28360951, 9, 677774, NULL, 1),
(28360952, 9, 677776, NULL, 1),
(28360953, 9, 677778, NULL, 1),
(28360954, 9, 677780, NULL, 1),
(28360955, 9, 677782, NULL, 1),
(28360956, 9, 677784, NULL, 1),
(28360957, 9, 677786, NULL, 1),
(28360958, 9, 677788, NULL, 1),
(28360959, 9, 677790, NULL, 1),
(28360960, 9, 677792, NULL, 1),
(28360961, 9, 677794, NULL, 1),
(28360962, 9, 677796, NULL, 1),
(28360963, 9, 677798, NULL, 1),
(28360964, 9, 677800, NULL, 1),
(28360965, 9, 677802, NULL, 1),
(28360966, 9, 677804, NULL, 1),
(28360967, 9, 677806, NULL, 1),
(28360968, 9, 677807, 0, 1),
(28360969, 9, 677808, 0, 1),
(28360970, 9, 677810, NULL, 1),
(28360971, 9, 677812, NULL, 1),
(28360972, 9, 677814, NULL, 1),
(28360973, 9, 677816, NULL, 1),
(28360974, 9, 677818, NULL, 1),
(28360975, 9, 677820, NULL, 1),
(28360976, 9, 677822, NULL, 1),
(28360977, 9, 677824, NULL, 1),
(28360978, 9, 677826, NULL, 1),
(28360979, 9, 677828, NULL, 1),
(28360980, 9, 677829, 0, 1),
(28360981, 9, 677830, 0, 1),
(28360982, 9, 677832, NULL, 1),
(28360983, 9, 677834, NULL, 1),
(28360984, 9, 677836, NULL, 1),
(28360985, 9, 677838, NULL, 1),
(28360986, 9, 677840, NULL, 1),
(28360987, 9, 677841, NULL, 1),
(28360988, 9, 677843, NULL, 1),
(28360989, 9, 677845, NULL, 1),
(28360990, 9, 677847, NULL, 1),
(28360991, 9, 677849, NULL, 1),
(28360992, 9, 677851, NULL, 1),
(28360993, 9, 677852, 0, 1),
(28360994, 9, 677854, 1, 1),
(28360995, 9, 677855, 0, 1),
(28360996, 9, 677857, NULL, 1),
(28360997, 9, 677858, 1, 1),
(28360998, 9, 677860, NULL, 1),
(28360999, 9, 677862, 1, 1),
(28361000, 9, 677864, NULL, 1),
(28361001, 9, 677866, 1, 1),
(28361002, 9, 677867, 0, 1),
(28361003, 9, 677868, 1, 1),
(28361004, 9, 677870, NULL, 1),
(28361005, 9, 677871, 0, 1),
(28361006, 9, 677872, 0, 1),
(28361007, 9, 677873, 0, 1),
(28361008, 9, 677875, 1, 1),
(28361009, 9, 677876, 0, 1),
(28361010, 9, 677878, 1, 1),
(28361011, 9, 677879, 0, 1),
(28361012, 9, 677881, NULL, 1),
(28361013, 9, 677883, 1, 1),
(28361014, 9, 677885, 1, 1),
(28361015, 9, 677886, 0, 1),
(28361016, 9, 677888, NULL, 1),
(28361017, 9, 677889, 1, 1),
(28361018, 9, 677890, 0, 1),
(28361019, 9, 677891, 0, 1),
(28361020, 9, 677892, 0, 1),
(28361021, 9, 677894, 1, 1),
(28361022, 9, 677895, 0, 1),
(28361023, 9, 677897, 1, 1),
(28361024, 9, 677899, NULL, 1),
(28361025, 9, 677901, NULL, 1),
(28361026, 9, 677902, 0, 1),
(28361027, 9, 677904, NULL, 1),
(28361028, 9, 677905, 0, 1),
(28361029, 10, 677586, NULL, 1),
(28361030, 10, 677906, NULL, 1),
(28361031, 10, 677907, NULL, 1),
(28361032, 10, 677908, NULL, 1),
(28361033, 10, 677594, NULL, 1),
(28361034, 10, 677596, NULL, 1),
(28361035, 10, 677598, NULL, 1),
(28361036, 10, 677909, NULL, 1),
(28361037, 10, 677910, NULL, 1),
(28361038, 10, 677911, 1, 1),
(28361039, 10, 677606, NULL, 1),
(28361040, 10, 677608, NULL, 1),
(28361041, 10, 677609, 0, 1),
(28361042, 10, 677610, 0, 1),
(28361043, 10, 677612, NULL, 1),
(28361044, 10, 677759, NULL, 1),
(28361045, 10, 677912, NULL, 1),
(28361046, 10, 677616, NULL, 1),
(28361047, 10, 677726, NULL, 1),
(28361048, 10, 677619, 0, 1),
(28361049, 10, 677620, 1, 1),
(28361050, 10, 677913, NULL, 1),
(28361051, 10, 677914, NULL, 1),
(28361052, 10, 677915, NULL, 1),
(28361053, 10, 677916, NULL, 1),
(28361054, 10, 677629, 0, 1),
(28361055, 10, 677630, 1, 1),
(28361056, 10, 677631, 0, 1),
(28361057, 10, 677633, 1, 1),
(28361058, 10, 677635, 1, 1),
(28361059, 10, 677917, NULL, 1),
(28361060, 10, 677639, 0, 1),
(28361061, 10, 677641, NULL, 1),
(28361062, 10, 677642, 1, 1),
(28361063, 10, 677645, NULL, 1),
(28361064, 10, 677646, 0, 1),
(28361065, 10, 677647, 0, 1),
(28361066, 10, 677651, 0, 1),
(28361067, 10, 677652, 1, 1),
(28361068, 10, 677653, 1, 1),
(28361069, 10, 677654, 1, 1),
(28361070, 10, 677655, 1, 1),
(28361071, 10, 677658, 0, 1),
(28361072, 10, 677659, 0, 1),
(28361073, 10, 677660, 0, 1),
(28361074, 10, 677661, 0, 1),
(28361075, 10, 677663, 1, 1),
(28361076, 10, 677664, 0, 1),
(28361077, 10, 677666, 1, 1),
(28361078, 10, 677667, 0, 1),
(28361079, 10, 677669, 0, 1),
(28361080, 10, 677670, 0, 1),
(28361081, 10, 677672, 1, 1),
(28361082, 10, 677673, 0, 1),
(28361083, 10, 677674, 0, 1),
(28361084, 10, 677675, 0, 1),
(28361085, 10, 677677, 1, 1),
(28361086, 10, 677678, 0, 1),
(28361087, 10, 677918, NULL, 1),
(28361088, 10, 677681, 0, 1),
(28361089, 10, 677919, NULL, 1),
(28361090, 10, 677920, NULL, 1),
(28361091, 10, 677685, 0, 1),
(28361092, 10, 677686, 0, 1),
(28361093, 10, 677687, 0, 1),
(28361094, 10, 677688, 0, 1),
(28361095, 10, 677689, 0, 1),
(28361096, 10, 677690, 0, 1),
(28361097, 10, 677691, 0, 1),
(28361098, 10, 677692, 0, 1),
(28361099, 11, 677774, NULL, 1),
(28361100, 11, 677776, NULL, 1),
(28361101, 11, 677922, NULL, 1),
(28361102, 11, 677923, NULL, 1),
(28361103, 11, 677780, NULL, 1),
(28361104, 11, 677924, NULL, 1),
(28361105, 11, 677925, NULL, 1),
(28361106, 11, 677926, NULL, 1),
(28361107, 11, 677927, NULL, 1),
(28361108, 11, 677928, NULL, 1),
(28361109, 11, 677929, NULL, 1),
(28361110, 11, 677930, NULL, 1),
(28361111, 11, 677931, NULL, 1),
(28361112, 11, 677932, NULL, 1),
(28361113, 11, 677800, NULL, 1),
(28361114, 11, 677933, NULL, 1),
(28361115, 11, 677804, NULL, 1),
(28361116, 11, 677934, NULL, 1),
(28361117, 11, 677807, 0, 1),
(28361118, 11, 677935, 1, 1),
(28361119, 11, 677936, NULL, 1),
(28361120, 11, 677937, NULL, 1),
(28361121, 11, 677938, NULL, 1),
(28361122, 11, 677939, NULL, 1),
(28361123, 11, 677818, NULL, 1),
(28361124, 11, 677820, NULL, 1),
(28361125, 11, 677940, NULL, 1),
(28361126, 11, 677824, NULL, 1),
(28361127, 11, 677942, NULL, 1),
(28361128, 11, 677826, NULL, 1),
(28361129, 11, 677828, NULL, 1),
(28361130, 11, 677829, 0, 1),
(28361131, 11, 677830, 0, 1),
(28361132, 11, 677832, NULL, 1),
(28361133, 11, 677943, NULL, 1),
(28361134, 11, 677944, NULL, 1),
(28361135, 11, 677945, NULL, 1),
(28361136, 11, 677946, NULL, 1),
(28361137, 11, 677841, NULL, 1),
(28361138, 11, 677843, NULL, 1),
(28361139, 11, 677845, NULL, 1),
(28361140, 11, 677847, NULL, 1),
(28361141, 11, 677947, NULL, 1),
(28361142, 11, 677851, NULL, 1),
(28361143, 11, 677852, 0, 1),
(28361144, 11, 677853, 0, 1),
(28361145, 11, 677855, 1, 1),
(28361146, 11, 677948, NULL, 1),
(28361147, 11, 677950, NULL, 1),
(28361148, 11, 677858, 1, 1),
(28361149, 11, 677951, NULL, 1),
(28361150, 11, 677862, 1, 1),
(28361151, 11, 677864, NULL, 1),
(28361152, 11, 677866, 1, 1),
(28361153, 11, 677952, 1, 1),
(28361154, 11, 677868, 1, 1),
(28361155, 11, 677870, NULL, 1),
(28361156, 11, 677871, 0, 1),
(28361157, 11, 677872, 0, 1),
(28361158, 11, 677873, 0, 1),
(28361159, 11, 677953, 1, 1),
(28361160, 11, 677954, 1, 1),
(28361161, 11, 677878, 1, 1),
(28361162, 11, 677879, 0, 1),
(28361163, 11, 677881, NULL, 1),
(28361164, 11, 677955, 1, 1),
(28361165, 11, 677956, 1, 1),
(28361166, 11, 677886, 0, 1),
(28361167, 11, 677888, NULL, 1),
(28361168, 11, 677889, 0, 1),
(28361169, 11, 677958, 1, 1),
(28361170, 11, 677890, 0, 1),
(28361171, 11, 677891, 0, 1),
(28361172, 11, 677960, NULL, 1),
(28361173, 11, 677962, NULL, 1),
(28361174, 11, 677892, 0, 1),
(28361175, 11, 677894, 1, 1),
(28361176, 11, 677895, 0, 1),
(28361177, 11, 677897, 1, 1),
(28361178, 11, 677963, NULL, 1),
(28361179, 11, 677964, NULL, 1),
(28361180, 11, 677902, 0, 1),
(28361181, 11, 677904, NULL, 1),
(28361182, 11, 677905, 0, 1),
(28361183, 12, 677693, NULL, 1),
(28361184, 12, 677906, NULL, 1),
(28361185, 12, 677590, NULL, 1),
(28361186, 12, 677965, NULL, 1),
(28361187, 12, 677966, NULL, 1),
(28361188, 12, 677596, NULL, 1),
(28361189, 12, 677967, NULL, 1),
(28361190, 12, 677968, NULL, 1),
(28361191, 12, 677698, NULL, 1),
(28361192, 12, 677699, 1, 1),
(28361193, 12, 677722, NULL, 1),
(28361194, 12, 677701, NULL, 1),
(28361195, 12, 677609, 0, 1),
(28361196, 12, 677610, 0, 1),
(28361197, 12, 677702, NULL, 1),
(28361198, 12, 677703, NULL, 1),
(28361199, 12, 677969, NULL, 1),
(28361200, 12, 677618, NULL, 1),
(28361201, 12, 677619, 0, 1),
(28361202, 12, 677970, NULL, 1),
(28361203, 12, 677971, NULL, 1),
(28361204, 12, 677707, NULL, 1),
(28361205, 12, 677972, NULL, 1),
(28361206, 12, 677629, 1, 1),
(28361207, 12, 677631, 0, 1),
(28361208, 12, 677632, 0, 1),
(28361209, 12, 677635, 1, 1),
(28361210, 12, 677637, NULL, 1),
(28361211, 12, 677638, 1, 1),
(28361212, 12, 677639, 1, 1),
(28361213, 12, 677710, NULL, 1),
(28361214, 12, 677642, 1, 1),
(28361215, 12, 677645, NULL, 1),
(28361216, 12, 677646, 1, 1),
(28361217, 12, 677647, 0, 1),
(28361218, 12, 677648, 0, 1),
(28361219, 12, 677651, 0, 1),
(28361220, 12, 677652, 1, 1),
(28361221, 12, 677653, 1, 1),
(28361222, 12, 677654, 0, 1),
(28361223, 12, 677655, 1, 1),
(28361224, 12, 677973, 0, 1),
(28361225, 12, 677659, 1, 1),
(28361226, 12, 677660, 0, 1),
(28361227, 12, 677661, 0, 1),
(28361228, 12, 677713, 1, 1),
(28361229, 12, 677664, 0, 1),
(28361230, 12, 677666, 1, 1),
(28361231, 12, 677667, 0, 1),
(28361232, 12, 677669, 0, 1),
(28361233, 12, 677670, 0, 1),
(28361234, 12, 677671, 0, 1),
(28361235, 12, 677673, 0, 1),
(28361236, 12, 677674, 0, 1),
(28361237, 12, 677675, 0, 1),
(28361238, 12, 677677, 1, 1),
(28361239, 12, 677678, 0, 1),
(28361240, 12, 677715, NULL, 1),
(28361241, 12, 677681, 0, 1),
(28361242, 12, 677716, NULL, 1),
(28361243, 12, 677684, 0, 1),
(28361244, 12, 677718, NULL, 1),
(28361245, 12, 677685, 0, 1),
(28361246, 12, 677686, 0, 1),
(28361247, 12, 677687, 0, 1),
(28361248, 12, 677688, 0, 1),
(28361249, 12, 677689, 0, 1),
(28361250, 12, 677690, 0, 1),
(28361251, 12, 677691, 0, 1),
(28361252, 12, 677692, 0, 1),
(28361253, 13, 677974, NULL, 1),
(28361254, 13, 677776, NULL, 1),
(28361255, 13, 677975, NULL, 1),
(28361256, 13, 677976, NULL, 1),
(28361257, 13, 677780, NULL, 1),
(28361258, 13, 677782, NULL, 1),
(28361259, 13, 677977, NULL, 1),
(28361260, 13, 677978, NULL, 1),
(28361261, 13, 677979, NULL, 1),
(28361262, 13, 677980, NULL, 1),
(28361263, 13, 677981, NULL, 1),
(28361264, 13, 677982, NULL, 1),
(28361265, 13, 677983, NULL, 1),
(28361266, 13, 677984, NULL, 1),
(28361267, 13, 677985, NULL, 1),
(28361268, 13, 677986, NULL, 1),
(28361269, 13, 677987, NULL, 1),
(28361270, 13, 677934, NULL, 1),
(28361271, 13, 677807, 0, 1),
(28361272, 13, 677808, 0, 1),
(28361273, 13, 677988, NULL, 1),
(28361274, 13, 677989, NULL, 1),
(28361275, 13, 677990, NULL, 1),
(28361276, 13, 677991, NULL, 1),
(28361277, 13, 677992, NULL, 1),
(28361278, 13, 677993, NULL, 1),
(28361279, 13, 677822, NULL, 1),
(28361280, 13, 677824, NULL, 1),
(28361281, 13, 677994, NULL, 1),
(28361282, 13, 677995, NULL, 1),
(28361283, 13, 677828, NULL, 1),
(28361284, 13, 677829, 0, 1),
(28361285, 13, 677830, 0, 1),
(28361286, 13, 677997, NULL, 1),
(28361287, 13, 677998, NULL, 1),
(28361288, 13, 677999, NULL, 1),
(28361289, 13, 677836, NULL, 1),
(28361290, 13, 678000, NULL, 1),
(28361291, 13, 677845, NULL, 1),
(28361292, 13, 678001, NULL, 1),
(28361293, 13, 678002, NULL, 1),
(28361294, 13, 677851, NULL, 1),
(28361295, 13, 677852, 0, 1),
(28361296, 13, 677853, 0, 1),
(28361297, 13, 677855, 0, 1),
(28361298, 13, 677857, NULL, 1),
(28361299, 13, 677858, 1, 1),
(28361300, 13, 677951, NULL, 1),
(28361301, 13, 678003, 1, 1),
(28361302, 13, 677864, NULL, 1),
(28361303, 13, 677865, 0, 1),
(28361304, 13, 677867, 1, 1),
(28361305, 13, 677870, NULL, 1),
(28361306, 13, 677871, 0, 1),
(28361307, 13, 678004, 1, 1),
(28361308, 13, 677873, 0, 1),
(28361309, 13, 677953, 1, 1),
(28361310, 13, 677876, 0, 1),
(28361311, 13, 677878, 1, 1),
(28361312, 13, 677879, 0, 1),
(28361313, 13, 677880, NULL, 1),
(28361314, 13, 677882, 0, 1),
(28361315, 13, 677884, 0, 1),
(28361316, 13, 677886, 0, 1),
(28361317, 13, 678005, NULL, 1),
(28361318, 13, 677889, 1, 1),
(28361319, 13, 677890, 0, 1),
(28361320, 13, 677891, 0, 1),
(28361321, 13, 678006, NULL, 1),
(28361322, 13, 677892, 0, 1),
(28361323, 13, 677893, 0, 1),
(28361324, 13, 677895, 0, 1),
(28361325, 13, 677897, 1, 1),
(28361326, 13, 678007, NULL, 1),
(28361327, 13, 678009, NULL, 1),
(28361328, 13, 677902, 1, 1),
(28361329, 13, 678010, NULL, 1),
(28361330, 13, 677905, 0, 1),
(28361331, 14, 677586, NULL, 1),
(28361332, 14, 677694, NULL, 1),
(28361333, 14, 677590, NULL, 1),
(28361334, 14, 678011, NULL, 1),
(28361335, 14, 678012, NULL, 1),
(28361336, 14, 678013, NULL, 1),
(28361337, 14, 677598, NULL, 1),
(28361338, 14, 677600, NULL, 1),
(28361339, 14, 678014, NULL, 1),
(28361340, 14, 678015, 1, 1),
(28361341, 14, 677739, NULL, 1),
(28361342, 14, 677740, NULL, 1),
(28361343, 14, 677609, 0, 1),
(28361344, 14, 677610, 0, 1),
(28361345, 14, 677612, NULL, 1),
(28361346, 14, 677759, NULL, 1),
(28361347, 14, 678016, NULL, 1),
(28361348, 14, 677616, NULL, 1),
(28361349, 14, 678017, NULL, 1),
(28361350, 14, 677619, 0, 1),
(28361351, 14, 677620, 1, 1),
(28361352, 14, 678018, NULL, 1),
(28361353, 14, 678019, NULL, 1),
(28361354, 14, 678020, NULL, 1),
(28361355, 14, 678021, NULL, 1),
(28361356, 14, 677629, 1, 1),
(28361357, 14, 678022, 1, 1),
(28361358, 14, 677631, 0, 1),
(28361359, 14, 677633, 1, 1),
(28361360, 14, 677745, 1, 1),
(28361361, 14, 677917, NULL, 1),
(28361362, 14, 677638, 1, 1),
(28361363, 14, 677639, 0, 1),
(28361364, 14, 677767, NULL, 1),
(28361365, 14, 677711, 1, 1),
(28361366, 14, 677749, NULL, 1),
(28361367, 14, 677646, 1, 1),
(28361368, 14, 677647, 0, 1),
(28361369, 14, 677648, 0, 1),
(28361370, 14, 677649, 0, 1),
(28361371, 14, 677650, 0, 1),
(28361372, 14, 677651, 1, 1),
(28361373, 14, 677652, 1, 1),
(28361374, 14, 677653, 1, 1),
(28361375, 14, 677654, 1, 1),
(28361376, 14, 677655, 1, 1),
(28361377, 14, 677656, 0, 1),
(28361378, 14, 677658, 1, 1),
(28361379, 14, 677660, 0, 1),
(28361380, 14, 677661, 0, 1),
(28361381, 14, 677663, 1, 1),
(28361382, 14, 677664, 0, 1),
(28361383, 14, 677666, 1, 1),
(28361384, 14, 677668, 1, 1),
(28361385, 14, 677669, 0, 1),
(28361386, 14, 677670, 0, 1),
(28361387, 14, 677672, 1, 1),
(28361388, 14, 677673, 0, 1),
(28361389, 14, 677674, 0, 1),
(28361390, 14, 677675, 0, 1),
(28361391, 14, 677676, 0, 1),
(28361392, 14, 677678, 1, 1),
(28361393, 14, 678023, NULL, 1),
(28361394, 14, 677681, 0, 1),
(28361395, 14, 678024, NULL, 1),
(28361396, 14, 677685, 0, 1),
(28361397, 14, 677686, 0, 1),
(28361398, 14, 677687, 0, 1),
(28361399, 14, 677688, 0, 1),
(28361400, 14, 677689, 0, 1),
(28361401, 14, 677690, 0, 1),
(28361402, 14, 677691, 1, 1),
(28361403, 14, 677692, 0, 1),
(28361404, 15, 677774, NULL, 1),
(28361405, 15, 677776, NULL, 1),
(28361406, 15, 677922, NULL, 1),
(28361407, 15, 677923, NULL, 1),
(28361408, 15, 677780, NULL, 1),
(28361409, 15, 677924, NULL, 1),
(28361410, 15, 678025, NULL, 1),
(28361411, 15, 678026, NULL, 1),
(28361412, 15, 678027, NULL, 1),
(28361413, 15, 678028, NULL, 1),
(28361414, 15, 678029, NULL, 1),
(28361415, 15, 678030, NULL, 1),
(28361416, 15, 677931, NULL, 1),
(28361417, 15, 678031, NULL, 1),
(28361418, 15, 677800, NULL, 1),
(28361419, 15, 677933, NULL, 1),
(28361420, 15, 677804, NULL, 1),
(28361421, 15, 678032, NULL, 1),
(28361422, 15, 677807, 0, 1),
(28361423, 15, 677935, 1, 1),
(28361424, 15, 677936, NULL, 1),
(28361425, 15, 677937, NULL, 1),
(28361426, 15, 678033, NULL, 1),
(28361427, 15, 677939, NULL, 1),
(28361428, 15, 677818, NULL, 1),
(28361429, 15, 677820, NULL, 1),
(28361430, 15, 677940, NULL, 1),
(28361431, 15, 677824, NULL, 1),
(28361432, 15, 677942, NULL, 1),
(28361433, 15, 677826, NULL, 1),
(28361434, 15, 677828, NULL, 1),
(28361435, 15, 677829, 0, 1),
(28361436, 15, 677830, 0, 1),
(28361437, 15, 677832, NULL, 1),
(28361438, 15, 677943, NULL, 1),
(28361439, 15, 677836, NULL, 1),
(28361440, 15, 677945, NULL, 1),
(28361441, 15, 677946, NULL, 1),
(28361442, 15, 677843, NULL, 1),
(28361443, 15, 677845, NULL, 1),
(28361444, 15, 677847, NULL, 1),
(28361445, 15, 677849, NULL, 1),
(28361446, 15, 677851, NULL, 1),
(28361447, 15, 677852, 0, 1),
(28361448, 15, 677853, 0, 1),
(28361449, 15, 677855, 1, 1),
(28361450, 15, 678034, NULL, 1),
(28361451, 15, 678035, NULL, 1),
(28361452, 15, 677858, 1, 1),
(28361453, 15, 677951, NULL, 1),
(28361454, 15, 677862, 1, 1),
(28361455, 15, 677864, NULL, 1),
(28361456, 15, 677866, 1, 1),
(28361457, 15, 677952, 1, 1),
(28361458, 15, 677868, 1, 1),
(28361459, 15, 677870, NULL, 1),
(28361460, 15, 677871, 0, 1),
(28361461, 15, 677872, 0, 1),
(28361462, 15, 677873, 0, 1),
(28361463, 15, 677953, 1, 1),
(28361464, 15, 677954, 1, 1),
(28361465, 15, 677878, 1, 1),
(28361466, 15, 677879, 0, 1),
(28361467, 15, 677881, NULL, 1),
(28361468, 15, 677955, 1, 1),
(28361469, 15, 677956, 1, 1),
(28361470, 15, 677886, 0, 1),
(28361471, 15, 677888, NULL, 1),
(28361472, 15, 677889, 0, 1),
(28361473, 15, 677958, 1, 1),
(28361474, 15, 677890, 0, 1),
(28361475, 15, 677891, 0, 1),
(28361476, 15, 677960, NULL, 1),
(28361477, 15, 677962, NULL, 1),
(28361478, 15, 677892, 0, 1),
(28361479, 15, 677894, 1, 1),
(28361480, 15, 677895, 0, 1),
(28361481, 15, 677897, 1, 1),
(28361482, 15, 677963, NULL, 1),
(28361483, 15, 677964, NULL, 1),
(28361484, 15, 677902, 0, 1),
(28361485, 15, 677904, NULL, 1),
(28361486, 15, 677905, 0, 1),
(28361487, 16, 677586, NULL, 1),
(28361488, 16, 678036, NULL, 1),
(28361489, 16, 677590, NULL, 1),
(28361490, 16, 678037, NULL, 1),
(28361491, 16, 678038, NULL, 1),
(28361492, 16, 677596, NULL, 1),
(28361493, 16, 677598, NULL, 1),
(28361494, 16, 678039, NULL, 1),
(28361495, 16, 678040, NULL, 1),
(28361496, 16, 678041, 1, 1),
(28361497, 16, 677722, NULL, 1),
(28361498, 16, 678042, NULL, 1),
(28361499, 16, 677610, 1, 1),
(28361500, 16, 677702, NULL, 1),
(28361501, 16, 677616, NULL, 1),
(28361502, 16, 678043, NULL, 1),
(28361503, 16, 677619, 0, 1),
(28361504, 16, 678044, NULL, 1),
(28361505, 16, 678045, NULL, 1),
(28361506, 16, 678046, NULL, 1),
(28361507, 16, 677628, NULL, 1),
(28361508, 16, 677629, 0, 1),
(28361509, 16, 677631, 0, 1),
(28361510, 16, 678047, 1, 1),
(28361511, 16, 677635, 1, 1),
(28361512, 16, 678048, NULL, 1),
(28361513, 16, 677638, 1, 1),
(28361514, 16, 678049, NULL, 1),
(28361515, 16, 677643, 1, 1),
(28361516, 16, 678050, NULL, 1),
(28361517, 16, 677646, 0, 1),
(28361518, 16, 677647, 0, 1),
(28361519, 16, 677651, 0, 1),
(28361520, 16, 677652, 1, 1),
(28361521, 16, 677658, 1, 1),
(28361522, 16, 677660, 0, 1),
(28361523, 16, 677661, 0, 1),
(28361524, 16, 677662, 1, 1),
(28361525, 16, 677664, 0, 1),
(28361526, 16, 677666, 1, 1),
(28361527, 16, 677668, 1, 1),
(28361528, 16, 678051, 1, 1),
(28361529, 16, 677670, 0, 1),
(28361530, 16, 677671, 0, 1),
(28361531, 16, 677673, 0, 1),
(28361532, 16, 677674, 0, 1),
(28361533, 16, 677675, 0, 1),
(28361534, 16, 677677, 1, 1),
(28361535, 16, 677678, 0, 1),
(28361536, 16, 678052, NULL, 1),
(28361537, 16, 677681, 0, 1),
(28361538, 16, 677684, 0, 1),
(28361539, 16, 678053, NULL, 1),
(28361540, 16, 677685, 0, 1),
(28361541, 16, 677686, 0, 1),
(28361542, 16, 677687, 0, 1),
(28361543, 16, 677688, 0, 1),
(28361544, 16, 677689, 0, 1),
(28361545, 16, 677690, 0, 1),
(28361546, 16, 677691, 0, 1),
(28361547, 16, 677692, 0, 1),
(28361548, 17, 678054, NULL, 1),
(28361549, 17, 678055, NULL, 1),
(28361550, 17, 677922, NULL, 1),
(28361551, 17, 677923, NULL, 1),
(28361552, 17, 677780, NULL, 1),
(28361553, 17, 678056, NULL, 1),
(28361554, 17, 678025, NULL, 1),
(28361555, 17, 678057, NULL, 1),
(28361556, 17, 677788, NULL, 1),
(28361557, 17, 677790, NULL, 1),
(28361558, 17, 678058, NULL, 1),
(28361559, 17, 678059, NULL, 1),
(28361560, 17, 678060, NULL, 1),
(28361561, 17, 678061, NULL, 1),
(28361562, 17, 677800, NULL, 1),
(28361563, 17, 677933, NULL, 1),
(28361564, 17, 677804, NULL, 1),
(28361565, 17, 678032, NULL, 1),
(28361566, 17, 677807, 1, 1),
(28361567, 17, 677808, 1, 1),
(28361568, 17, 678062, NULL, 1),
(28361569, 17, 678063, NULL, 1),
(28361570, 17, 678064, NULL, 1),
(28361571, 17, 678065, NULL, 1),
(28361572, 17, 677818, NULL, 1),
(28361573, 17, 677820, NULL, 1),
(28361574, 17, 677822, NULL, 1),
(28361575, 17, 677824, NULL, 1),
(28361576, 17, 677826, NULL, 1),
(28361577, 17, 677828, NULL, 1),
(28361578, 17, 677829, 0, 1),
(28361579, 17, 677830, 0, 1),
(28361580, 17, 677832, NULL, 1),
(28361581, 17, 678066, NULL, 1),
(28361582, 17, 677836, NULL, 1),
(28361583, 17, 677945, NULL, 1),
(28361584, 17, 677946, NULL, 1),
(28361585, 17, 678067, NULL, 1),
(28361586, 17, 677843, NULL, 1),
(28361587, 17, 677845, NULL, 1),
(28361588, 17, 677847, NULL, 1),
(28361589, 17, 677849, NULL, 1),
(28361590, 17, 677851, NULL, 1),
(28361591, 17, 677852, 0, 1),
(28361592, 17, 677853, 0, 1),
(28361593, 17, 677855, 1, 1),
(28361594, 17, 678068, NULL, 1),
(28361595, 17, 678035, NULL, 1),
(28361596, 17, 677858, 1, 1),
(28361597, 17, 677951, NULL, 1),
(28361598, 17, 677862, 1, 1),
(28361599, 17, 677864, NULL, 1),
(28361600, 17, 677866, 1, 1),
(28361601, 17, 677952, 1, 1),
(28361602, 17, 677868, 1, 1),
(28361603, 17, 677870, NULL, 1),
(28361604, 17, 677871, 0, 1),
(28361605, 17, 677872, 0, 1),
(28361606, 17, 677873, 0, 1),
(28361607, 17, 677875, 1, 1),
(28361608, 17, 677954, 1, 1),
(28361609, 17, 677878, 1, 1),
(28361610, 17, 677879, 0, 1),
(28361611, 17, 677881, NULL, 1),
(28361612, 17, 677955, 1, 1),
(28361613, 17, 677956, 1, 1),
(28361614, 17, 677886, 0, 1),
(28361615, 17, 677887, NULL, 1),
(28361616, 17, 677889, 0, 1),
(28361617, 17, 677890, 0, 1),
(28361618, 17, 677891, 0, 1),
(28361619, 17, 677892, 0, 1),
(28361620, 17, 677894, 1, 1),
(28361621, 17, 677895, 0, 1),
(28361622, 17, 677897, 1, 1),
(28361623, 17, 677963, NULL, 1),
(28361624, 17, 678070, NULL, 1),
(28361625, 17, 677964, NULL, 1),
(28361626, 17, 677902, 0, 1),
(28361627, 17, 677904, NULL, 1),
(28361628, 17, 677905, 0, 1),
(28361629, 18, 677693, NULL, 1),
(28361630, 18, 677694, NULL, 1),
(28361631, 18, 677590, NULL, 1),
(28361632, 18, 678071, NULL, 1),
(28361633, 18, 677966, NULL, 1),
(28361634, 18, 677596, NULL, 1),
(28361635, 18, 677967, NULL, 1),
(28361636, 18, 678072, NULL, 1),
(28361637, 18, 678073, NULL, 1),
(28361638, 18, 678074, 1, 1),
(28361639, 18, 677700, NULL, 1),
(28361640, 18, 677608, NULL, 1),
(28361641, 18, 677609, 0, 1),
(28361642, 18, 677610, 0, 1),
(28361643, 18, 678075, NULL, 1),
(28361644, 18, 678076, NULL, 1),
(28361645, 18, 677616, NULL, 1),
(28361646, 18, 677618, NULL, 1),
(28361647, 18, 677619, 0, 1),
(28361648, 18, 677620, 0, 1),
(28361649, 18, 678077, NULL, 1),
(28361650, 18, 678078, NULL, 1),
(28361651, 18, 678079, NULL, 1),
(28361652, 18, 678080, NULL, 1),
(28361653, 18, 677709, 1, 1),
(28361654, 18, 677630, 1, 1),
(28361655, 18, 677631, 0, 1),
(28361656, 18, 677632, 0, 1),
(28361657, 18, 677635, 1, 1),
(28361658, 18, 677637, NULL, 1),
(28361659, 18, 677638, 1, 1),
(28361660, 18, 677639, 1, 1),
(28361661, 18, 677747, NULL, 1),
(28361662, 18, 677711, 1, 1),
(28361663, 18, 677645, NULL, 1),
(28361664, 18, 677646, 1, 1),
(28361665, 18, 677647, 0, 1),
(28361666, 18, 677648, 0, 1),
(28361667, 18, 677649, 0, 1),
(28361668, 18, 677650, 0, 1),
(28361669, 18, 677651, 0, 1),
(28361670, 18, 677652, 1, 1),
(28361671, 18, 677653, 1, 1),
(28361672, 18, 677654, 0, 1),
(28361673, 18, 677655, 1, 1),
(28361674, 18, 677656, 1, 1),
(28361675, 18, 677973, 0, 1),
(28361676, 18, 677659, 1, 1),
(28361677, 18, 677660, 0, 1),
(28361678, 18, 677661, 0, 1),
(28361679, 18, 677663, 1, 1),
(28361680, 18, 677664, 0, 1),
(28361681, 18, 677666, 1, 1),
(28361682, 18, 677667, 0, 1),
(28361683, 18, 677669, 0, 1),
(28361684, 18, 677670, 0, 1),
(28361685, 18, 677671, 0, 1),
(28361686, 18, 677673, 0, 1),
(28361687, 18, 677674, 0, 1),
(28361688, 18, 677675, 0, 1),
(28361689, 18, 677677, 1, 1),
(28361690, 18, 677678, 0, 1),
(28361691, 18, 678081, NULL, 1),
(28361692, 18, 677681, 0, 1),
(28361693, 18, 677716, NULL, 1),
(28361694, 18, 677684, 0, 1),
(28361695, 18, 677718, NULL, 1),
(28361696, 18, 677685, 0, 1),
(28361697, 18, 677686, 0, 1),
(28361698, 18, 677687, 0, 1),
(28361699, 18, 677688, 0, 1),
(28361700, 18, 677689, 0, 1),
(28361701, 18, 677690, 0, 1),
(28361702, 18, 677691, 0, 1),
(28361703, 18, 677692, 0, 1),
(28361704, 19, 677974, NULL, 1),
(28361705, 19, 678055, NULL, 1),
(28361706, 19, 678082, NULL, 1),
(28361707, 19, 677976, NULL, 1),
(28361708, 19, 678083, NULL, 1),
(28361709, 19, 678084, NULL, 1),
(28361710, 19, 678085, NULL, 1),
(28361711, 19, 678086, NULL, 1),
(28361712, 19, 678027, NULL, 1),
(28361713, 19, 678028, NULL, 1),
(28361714, 19, 678087, NULL, 1),
(28361715, 19, 678088, NULL, 1),
(28361716, 19, 678089, NULL, 1),
(28361717, 19, 678090, NULL, 1),
(28361718, 19, 677985, NULL, 1),
(28361719, 19, 677986, NULL, 1),
(28361720, 19, 677987, NULL, 1),
(28361721, 19, 677934, NULL, 1),
(28361722, 19, 677807, 0, 1),
(28361723, 19, 677808, 0, 1),
(28361724, 19, 678091, NULL, 1),
(28361725, 19, 678092, NULL, 1),
(28361726, 19, 678093, NULL, 1),
(28361727, 19, 678094, NULL, 1),
(28361728, 19, 678095, NULL, 1),
(28361729, 19, 678096, NULL, 1),
(28361730, 19, 677822, NULL, 1),
(28361731, 19, 677824, NULL, 1),
(28361732, 19, 678097, NULL, 1),
(28361733, 19, 677995, NULL, 1),
(28361734, 19, 677828, NULL, 1),
(28361735, 19, 677829, 0, 1),
(28361736, 19, 677830, 0, 1),
(28361737, 19, 677832, NULL, 1),
(28361738, 19, 678066, NULL, 1),
(28361739, 19, 677944, NULL, 1),
(28361740, 19, 677839, NULL, 1),
(28361741, 19, 677843, NULL, 1),
(28361742, 19, 677845, NULL, 1),
(28361743, 19, 677847, NULL, 1),
(28361744, 19, 678002, NULL, 1),
(28361745, 19, 677851, NULL, 1),
(28361746, 19, 677852, 0, 1),
(28361747, 19, 677853, 0, 1),
(28361748, 19, 677855, 1, 1),
(28361749, 19, 678098, NULL, 1),
(28361750, 19, 678035, NULL, 1),
(28361751, 19, 677858, 1, 1),
(28361752, 19, 677951, NULL, 1),
(28361753, 19, 678003, 1, 1),
(28361754, 19, 678099, NULL, 1),
(28361755, 19, 677865, 0, 1),
(28361756, 19, 677867, 1, 1),
(28361757, 19, 677870, NULL, 1),
(28361758, 19, 677871, 1, 1),
(28361759, 19, 678004, 1, 1),
(28361760, 19, 677873, 0, 1),
(28361761, 19, 677953, 1, 1),
(28361762, 19, 677876, 0, 1),
(28361763, 19, 677878, 1, 1),
(28361764, 19, 677879, 0, 1),
(28361765, 19, 677880, NULL, 1),
(28361766, 19, 677882, 0, 1),
(28361767, 19, 677884, 0, 1),
(28361768, 19, 677886, 0, 1),
(28361769, 19, 678100, NULL, 1),
(28361770, 19, 677889, 1, 1),
(28361771, 19, 677890, 0, 1),
(28361772, 19, 677891, 0, 1),
(28361773, 19, 678006, NULL, 1),
(28361774, 19, 677892, 0, 1),
(28361775, 19, 677893, 0, 1),
(28361776, 19, 677895, 0, 1),
(28361777, 19, 677897, 1, 1),
(28361778, 19, 678101, NULL, 1),
(28361779, 19, 678102, NULL, 1),
(28361780, 19, 677902, 1, 1),
(28361781, 19, 678010, NULL, 1),
(28361782, 19, 677905, 0, 1),
(28361783, 20, 677586, NULL, 1),
(28361784, 20, 677588, NULL, 1),
(28361785, 20, 677590, NULL, 1),
(28361786, 20, 677592, NULL, 1),
(28361787, 20, 677594, NULL, 1),
(28361788, 20, 677596, NULL, 1),
(28361789, 20, 677598, NULL, 1),
(28361790, 20, 677600, NULL, 1),
(28361791, 20, 677602, NULL, 1),
(28361792, 20, 677604, 1, 1),
(28361793, 20, 677606, NULL, 1),
(28361794, 20, 677608, NULL, 1),
(28361795, 20, 677612, NULL, 1),
(28361796, 20, 677614, NULL, 1),
(28361797, 20, 677616, NULL, 1),
(28361798, 20, 678103, NULL, 1),
(28361799, 20, 677619, 0, 1),
(28361800, 20, 677620, 1, 1),
(28361801, 20, 677622, NULL, 1),
(28361802, 20, 677624, NULL, 1),
(28361803, 20, 677626, NULL, 1),
(28361804, 20, 677628, NULL, 1),
(28361805, 20, 677629, 0, 1),
(28361806, 20, 677630, 0, 1),
(28361807, 20, 677631, 0, 1),
(28361808, 20, 677633, 1, 1),
(28361809, 20, 677635, 1, 1),
(28361810, 20, 677637, NULL, 1),
(28361811, 20, 677638, 1, 1),
(28361812, 20, 677639, 1, 1),
(28361813, 20, 677641, NULL, 1),
(28361814, 20, 677643, 1, 1),
(28361815, 20, 677645, NULL, 1),
(28361816, 20, 677646, 0, 1),
(28361817, 20, 677647, 0, 1),
(28361818, 20, 677648, 1, 1),
(28361819, 20, 677649, 0, 1),
(28361820, 20, 677650, 0, 1),
(28361821, 20, 677651, 0, 1),
(28361822, 20, 677652, 1, 1),
(28361823, 20, 677653, 0, 1),
(28361824, 20, 677654, 0, 1),
(28361825, 20, 677655, 1, 1),
(28361826, 20, 677656, 0, 1),
(28361827, 20, 677657, 0, 1),
(28361828, 20, 677658, 1, 1),
(28361829, 20, 677659, 0, 1),
(28361830, 20, 677660, 0, 1),
(28361831, 20, 677661, 0, 1),
(28361832, 20, 677663, 1, 1),
(28361833, 20, 677664, 0, 1),
(28361834, 20, 677666, 1, 1),
(28361835, 20, 677667, 0, 1),
(28361836, 20, 677669, 0, 1),
(28361837, 20, 677670, 0, 1),
(28361838, 20, 677672, 1, 1),
(28361839, 20, 677673, 0, 1),
(28361840, 20, 677674, 0, 1),
(28361841, 20, 677675, 0, 1),
(28361842, 20, 677677, 1, 1),
(28361843, 20, 677678, 0, 1),
(28361844, 20, 677680, NULL, 1),
(28361845, 20, 677681, 0, 1),
(28361846, 20, 677683, NULL, 1),
(28361847, 20, 677684, 0, 1),
(28361848, 20, 677685, 0, 1),
(28361849, 20, 677686, 0, 1),
(28361850, 20, 677687, 0, 1),
(28361851, 20, 677688, 0, 1),
(28361852, 20, 677689, 0, 1),
(28361853, 20, 677690, 0, 1),
(28361854, 20, 677691, 0, 1),
(28361855, 20, 677692, 0, 1),
(28361856, 21, 677774, NULL, 1),
(28361857, 21, 677776, NULL, 1),
(28361858, 21, 677778, NULL, 1),
(28361859, 21, 677780, NULL, 1),
(28361860, 21, 677782, NULL, 1),
(28361861, 21, 677977, NULL, 1),
(28361862, 21, 678104, NULL, 1),
(28361863, 21, 677979, NULL, 1),
(28361864, 21, 677980, NULL, 1),
(28361865, 21, 678105, NULL, 1),
(28361866, 21, 678106, NULL, 1),
(28361867, 21, 678107, NULL, 1),
(28361868, 21, 678108, NULL, 1),
(28361869, 21, 677800, NULL, 1),
(28361870, 21, 677802, NULL, 1),
(28361871, 21, 677804, NULL, 1),
(28361872, 21, 677806, NULL, 1),
(28361873, 21, 677807, 0, 1),
(28361874, 21, 677808, 0, 1),
(28361875, 21, 677810, NULL, 1),
(28361876, 21, 677812, NULL, 1),
(28361877, 21, 677814, NULL, 1),
(28361878, 21, 677816, NULL, 1),
(28361879, 21, 677818, NULL, 1),
(28361880, 21, 677820, NULL, 1),
(28361881, 21, 677822, NULL, 1),
(28361882, 21, 677824, NULL, 1),
(28361883, 21, 677826, NULL, 1),
(28361884, 21, 677828, NULL, 1),
(28361885, 21, 677829, 0, 1),
(28361886, 21, 677830, 0, 1),
(28361887, 21, 677832, NULL, 1),
(28361888, 21, 677834, NULL, 1),
(28361889, 21, 678109, NULL, 1),
(28361890, 21, 677838, NULL, 1),
(28361891, 21, 677840, NULL, 1),
(28361892, 21, 678067, NULL, 1),
(28361893, 21, 678000, NULL, 1),
(28361894, 21, 677845, NULL, 1),
(28361895, 21, 678001, NULL, 1),
(28361896, 21, 677849, NULL, 1),
(28361897, 21, 677851, NULL, 1),
(28361898, 21, 677852, 0, 1),
(28361899, 21, 677854, 1, 1),
(28361900, 21, 677855, 0, 1),
(28361901, 21, 677857, NULL, 1),
(28361902, 21, 677858, 1, 1),
(28361903, 21, 677860, NULL, 1),
(28361904, 21, 677862, 1, 1),
(28361905, 21, 677864, NULL, 1),
(28361906, 21, 677866, 1, 1),
(28361907, 21, 677867, 0, 1),
(28361908, 21, 677868, 1, 1),
(28361909, 21, 677870, NULL, 1),
(28361910, 21, 677871, 0, 1),
(28361911, 21, 677872, 0, 1),
(28361912, 21, 677873, 0, 1),
(28361913, 21, 677875, 1, 1),
(28361914, 21, 677876, 0, 1),
(28361915, 21, 677878, 1, 1),
(28361916, 21, 677879, 0, 1),
(28361917, 21, 677881, NULL, 1),
(28361918, 21, 677883, 1, 1),
(28361919, 21, 677885, 1, 1),
(28361920, 21, 677886, 0, 1),
(28361921, 21, 677888, NULL, 1),
(28361922, 21, 677889, 1, 1),
(28361923, 21, 677890, 0, 1),
(28361924, 21, 677891, 0, 1),
(28361925, 21, 677892, 0, 1),
(28361926, 21, 677894, 1, 1),
(28361927, 21, 677895, 0, 1),
(28361928, 21, 677897, 1, 1),
(28361929, 21, 677899, NULL, 1),
(28361930, 21, 677901, NULL, 1),
(28361931, 21, 677902, 0, 1),
(28361932, 21, 677904, NULL, 1),
(28361933, 21, 677905, 0, 1),
(28361934, 22, 677733, NULL, 1),
(28361935, 22, 677588, NULL, 1),
(28361936, 22, 677734, NULL, 1),
(28361937, 22, 678110, NULL, 1),
(28361938, 22, 678111, NULL, 1),
(28361939, 22, 677596, NULL, 1),
(28361940, 22, 677697, NULL, 1),
(28361941, 22, 677737, NULL, 1),
(28361942, 22, 677738, NULL, 1),
(28361943, 22, 677603, 1, 1),
(28361944, 22, 677739, NULL, 1),
(28361945, 22, 677740, NULL, 1),
(28361946, 22, 677616, NULL, 1),
(28361947, 22, 677618, NULL, 1),
(28361948, 22, 677619, 0, 1),
(28361949, 22, 677620, 0, 1),
(28361950, 22, 678112, NULL, 1),
(28361951, 22, 678113, NULL, 1),
(28361952, 22, 677743, NULL, 1),
(28361953, 22, 678114, NULL, 1),
(28361954, 22, 677629, 1, 1),
(28361955, 22, 677630, 0, 1),
(28361956, 22, 677631, 0, 1),
(28361957, 22, 677632, 0, 1),
(28361958, 22, 677745, 1, 1),
(28361959, 22, 677746, NULL, 1),
(28361960, 22, 677638, 1, 1),
(28361961, 22, 677639, 1, 1),
(28361962, 22, 677747, NULL, 1),
(28361963, 22, 677748, 1, 1),
(28361964, 22, 677749, NULL, 1),
(28361965, 22, 677646, 0, 1),
(28361966, 22, 677647, 0, 1),
(28361967, 22, 677648, 0, 1),
(28361968, 22, 677750, 1, 1),
(28361969, 22, 677650, 1, 1),
(28361970, 22, 677651, 0, 1),
(28361971, 22, 677652, 1, 1),
(28361972, 22, 677653, 1, 1),
(28361973, 22, 677654, 0, 1),
(28361974, 22, 677655, 1, 1),
(28361975, 22, 677656, 1, 1),
(28361976, 22, 677657, 1, 1),
(28361977, 22, 677658, 0, 1),
(28361978, 22, 677659, 1, 1),
(28361979, 22, 677660, 0, 1),
(28361980, 22, 677661, 0, 1),
(28361981, 22, 677663, 1, 1),
(28361982, 22, 677664, 0, 1),
(28361983, 22, 677751, 1, 1),
(28361984, 22, 677667, 0, 1),
(28361985, 22, 677669, 0, 1),
(28361986, 22, 677670, 0, 1),
(28361987, 22, 677672, 1, 1),
(28361988, 22, 677673, 0, 1),
(28361989, 22, 677674, 0, 1),
(28361990, 22, 677675, 0, 1),
(28361991, 22, 677676, 0, 1),
(28361992, 22, 677678, 0, 1),
(28361993, 22, 678115, NULL, 1),
(28361994, 22, 677681, 0, 1),
(28361995, 22, 677716, NULL, 1),
(28361996, 22, 677684, 0, 1),
(28361997, 22, 677753, NULL, 1),
(28361998, 22, 677685, 0, 1),
(28361999, 22, 677686, 0, 1),
(28362000, 22, 677687, 0, 1),
(28362001, 22, 677688, 0, 1),
(28362002, 22, 677689, 0, 1),
(28362003, 22, 677690, 0, 1),
(28362004, 22, 677691, 0, 1),
(28362005, 22, 677692, 0, 1),
(28362006, 23, 678116, NULL, 1),
(28362007, 23, 677975, NULL, 1),
(28362008, 23, 677976, NULL, 1),
(28362009, 23, 677780, NULL, 1),
(28362010, 23, 678117, NULL, 1),
(28362011, 23, 677784, NULL, 1),
(28362012, 23, 678118, NULL, 1),
(28362013, 23, 677979, NULL, 1),
(28362014, 23, 677980, NULL, 1),
(28362015, 23, 678119, NULL, 1),
(28362016, 23, 678120, NULL, 1),
(28362017, 23, 678107, NULL, 1),
(28362018, 23, 678121, NULL, 1),
(28362019, 23, 677985, NULL, 1),
(28362020, 23, 678122, NULL, 1),
(28362021, 23, 677987, NULL, 1),
(28362022, 23, 678123, NULL, 1),
(28362023, 23, 677807, 0, 1),
(28362024, 23, 677808, 0, 1),
(28362025, 23, 678124, NULL, 1),
(28362026, 23, 678125, NULL, 1),
(28362027, 23, 678126, NULL, 1),
(28362028, 23, 678127, NULL, 1),
(28362029, 23, 677992, NULL, 1),
(28362030, 23, 678128, NULL, 1),
(28362031, 23, 677822, NULL, 1),
(28362032, 23, 678129, NULL, 1),
(28362033, 23, 677995, NULL, 1),
(28362034, 23, 677828, NULL, 1),
(28362035, 23, 677829, 0, 1),
(28362036, 23, 677830, 0, 1),
(28362037, 23, 678130, NULL, 1),
(28362038, 23, 677836, NULL, 1),
(28362039, 23, 678131, NULL, 1),
(28362040, 23, 677845, NULL, 1),
(28362041, 23, 678132, NULL, 1),
(28362042, 23, 678002, NULL, 1),
(28362043, 23, 677851, NULL, 1),
(28362044, 23, 677852, 0, 1),
(28362045, 23, 678133, 1, 1),
(28362046, 23, 677855, 0, 1),
(28362047, 23, 677857, NULL, 1),
(28362048, 23, 677858, 1, 1),
(28362049, 23, 677862, 1, 1),
(28362050, 23, 677864, NULL, 1),
(28362051, 23, 677865, 0, 1),
(28362052, 23, 677867, 1, 1),
(28362053, 23, 677870, NULL, 1),
(28362054, 23, 677871, 0, 1),
(28362055, 23, 677872, 0, 1),
(28362056, 23, 677873, 0, 1),
(28362057, 23, 678134, 1, 1),
(28362058, 23, 677876, 0, 1),
(28362059, 23, 677878, 1, 1),
(28362060, 23, 677879, 0, 1),
(28362061, 23, 678135, NULL, 1),
(28362062, 23, 677882, 0, 1),
(28362063, 23, 677956, 1, 1),
(28362064, 23, 677886, 0, 1),
(28362065, 23, 677887, NULL, 1),
(28362066, 23, 677889, 0, 1),
(28362067, 23, 677890, 0, 1),
(28362068, 23, 677891, 0, 1),
(28362069, 23, 677892, 0, 1),
(28362070, 23, 677893, 0, 1),
(28362071, 23, 678136, 1, 1),
(28362072, 23, 677897, 1, 1),
(28362073, 23, 678137, NULL, 1),
(28362074, 23, 678009, NULL, 1),
(28362075, 23, 677902, 0, 1),
(28362076, 23, 678010, NULL, 1),
(28362077, 23, 677905, 0, 1),
(28362078, 24, 677774, NULL, 1),
(28362079, 24, 677776, NULL, 1),
(28362080, 24, 677922, NULL, 1),
(28362081, 24, 677923, NULL, 1),
(28362082, 24, 677780, NULL, 1),
(28362083, 24, 677924, NULL, 1),
(28362084, 24, 677925, NULL, 1),
(28362085, 24, 677926, NULL, 1),
(28362086, 24, 677927, NULL, 1),
(28362087, 24, 677928, NULL, 1),
(28362088, 24, 677929, NULL, 1),
(28362089, 24, 677930, NULL, 1),
(28362090, 24, 677931, NULL, 1),
(28362091, 24, 677932, NULL, 1),
(28362092, 24, 677800, NULL, 1),
(28362093, 24, 677933, NULL, 1),
(28362094, 24, 677804, NULL, 1),
(28362095, 24, 678032, NULL, 1),
(28362096, 24, 677807, 0, 1),
(28362097, 24, 677935, 1, 1),
(28362098, 24, 677936, NULL, 1),
(28362099, 24, 677937, NULL, 1),
(28362100, 24, 677938, NULL, 1),
(28362101, 24, 677939, NULL, 1),
(28362102, 24, 677818, NULL, 1),
(28362103, 24, 677820, NULL, 1),
(28362104, 24, 677940, NULL, 1),
(28362105, 24, 677824, NULL, 1),
(28362106, 24, 677942, NULL, 1),
(28362107, 24, 677826, NULL, 1),
(28362108, 24, 677828, NULL, 1),
(28362109, 24, 677829, 0, 1),
(28362110, 24, 677830, 0, 1),
(28362111, 24, 677832, NULL, 1),
(28362112, 24, 677943, NULL, 1),
(28362113, 24, 677944, NULL, 1),
(28362114, 24, 677945, NULL, 1),
(28362115, 24, 677946, NULL, 1),
(28362116, 24, 678067, NULL, 1),
(28362117, 24, 677843, NULL, 1),
(28362118, 24, 677845, NULL, 1),
(28362119, 24, 677847, NULL, 1),
(28362120, 24, 677947, NULL, 1),
(28362121, 24, 677851, NULL, 1),
(28362122, 24, 677852, 0, 1),
(28362123, 24, 677853, 0, 1),
(28362124, 24, 677855, 1, 1),
(28362125, 24, 678138, NULL, 1),
(28362126, 24, 677950, NULL, 1),
(28362127, 24, 677858, 1, 1),
(28362128, 24, 677951, NULL, 1),
(28362129, 24, 677862, 1, 1),
(28362130, 24, 677864, NULL, 1),
(28362131, 24, 677866, 1, 1),
(28362132, 24, 677952, 1, 1),
(28362133, 24, 677868, 1, 1),
(28362134, 24, 677870, NULL, 1),
(28362135, 24, 677871, 0, 1),
(28362136, 24, 677872, 0, 1),
(28362137, 24, 677873, 0, 1),
(28362138, 24, 677953, 1, 1),
(28362139, 24, 677954, 1, 1),
(28362140, 24, 677878, 1, 1),
(28362141, 24, 677879, 0, 1),
(28362142, 24, 677881, NULL, 1),
(28362143, 24, 677955, 1, 1),
(28362144, 24, 677956, 1, 1),
(28362145, 24, 677886, 0, 1),
(28362146, 24, 677888, NULL, 1),
(28362147, 24, 677889, 0, 1),
(28362148, 24, 677958, 1, 1),
(28362149, 24, 677890, 0, 1),
(28362150, 24, 677891, 0, 1),
(28362151, 24, 677960, NULL, 1),
(28362152, 24, 677962, NULL, 1),
(28362153, 24, 677892, 0, 1),
(28362154, 24, 677894, 1, 1),
(28362155, 24, 677895, 0, 1),
(28362156, 24, 677897, 1, 1),
(28362157, 24, 677963, NULL, 1),
(28362158, 24, 677964, NULL, 1),
(28362159, 24, 677902, 0, 1),
(28362160, 24, 677904, NULL, 1),
(28362161, 24, 677905, 0, 1),
(28362162, 25, 677693, NULL, 1),
(28362163, 25, 677694, NULL, 1),
(28362164, 25, 677590, NULL, 1),
(28362165, 25, 678011, NULL, 1),
(28362166, 25, 678139, NULL, 1),
(28362167, 25, 677596, NULL, 1),
(28362168, 25, 677967, NULL, 1),
(28362169, 25, 678072, NULL, 1),
(28362170, 25, 678073, NULL, 1),
(28362171, 25, 678074, 1, 1),
(28362172, 25, 677700, NULL, 1),
(28362173, 25, 677608, NULL, 1),
(28362174, 25, 677609, 0, 1),
(28362175, 25, 677610, 0, 1),
(28362176, 25, 678075, NULL, 1),
(28362177, 25, 678076, NULL, 1),
(28362178, 25, 677616, NULL, 1),
(28362179, 25, 677618, NULL, 1),
(28362180, 25, 677619, 0, 1),
(28362181, 25, 677620, 0, 1),
(28362182, 25, 677705, NULL, 1),
(28362183, 25, 677706, NULL, 1),
(28362184, 25, 678079, NULL, 1),
(28362185, 25, 678140, NULL, 1),
(28362186, 25, 677709, 1, 1),
(28362187, 25, 677630, 1, 1),
(28362188, 25, 677631, 0, 1),
(28362189, 25, 677632, 0, 1),
(28362190, 25, 677635, 1, 1),
(28362191, 25, 677637, NULL, 1),
(28362192, 25, 677638, 1, 1),
(28362193, 25, 677639, 1, 1),
(28362194, 25, 677747, NULL, 1),
(28362195, 25, 677711, 1, 1),
(28362196, 25, 677645, NULL, 1),
(28362197, 25, 677646, 1, 1),
(28362198, 25, 677647, 0, 1),
(28362199, 25, 677648, 0, 1),
(28362200, 25, 677649, 0, 1),
(28362201, 25, 677650, 0, 1),
(28362202, 25, 677651, 0, 1),
(28362203, 25, 677652, 1, 1),
(28362204, 25, 677653, 1, 1),
(28362205, 25, 677654, 0, 1),
(28362206, 25, 677655, 1, 1),
(28362207, 25, 677656, 1, 1),
(28362208, 25, 677973, 0, 1),
(28362209, 25, 677659, 1, 1),
(28362210, 25, 677660, 0, 1),
(28362211, 25, 677661, 0, 1),
(28362212, 25, 677663, 1, 1),
(28362213, 25, 677664, 0, 1),
(28362214, 25, 677666, 1, 1),
(28362215, 25, 677667, 0, 1),
(28362216, 25, 677669, 0, 1),
(28362217, 25, 677670, 0, 1),
(28362218, 25, 677671, 0, 1),
(28362219, 25, 677673, 0, 1),
(28362220, 25, 677674, 0, 1),
(28362221, 25, 677675, 0, 1),
(28362222, 25, 677677, 1, 1),
(28362223, 25, 677678, 0, 1),
(28362224, 25, 678141, NULL, 1),
(28362225, 25, 677681, 0, 1),
(28362226, 25, 677716, NULL, 1),
(28362227, 25, 677684, 0, 1),
(28362228, 25, 677718, NULL, 1),
(28362229, 25, 677685, 0, 1),
(28362230, 25, 677686, 0, 1),
(28362231, 25, 677687, 0, 1),
(28362232, 25, 677688, 0, 1),
(28362233, 25, 677689, 0, 1),
(28362234, 25, 677690, 0, 1),
(28362235, 25, 677691, 0, 1),
(28362236, 25, 677692, 0, 1),
(28362237, 26, 677974, NULL, 1),
(28362238, 26, 678055, NULL, 1),
(28362239, 26, 678082, NULL, 1),
(28362240, 26, 677976, NULL, 1),
(28362241, 26, 678083, NULL, 1),
(28362242, 26, 678084, NULL, 1),
(28362243, 26, 677784, NULL, 1),
(28362244, 26, 678142, NULL, 1),
(28362245, 26, 677788, NULL, 1),
(28362246, 26, 677790, NULL, 1),
(28362247, 26, 678143, NULL, 1),
(28362248, 26, 678144, NULL, 1),
(28362249, 26, 678107, NULL, 1),
(28362250, 26, 678145, NULL, 1),
(28362251, 26, 677985, NULL, 1),
(28362252, 26, 677986, NULL, 1),
(28362253, 26, 677987, NULL, 1),
(28362254, 26, 677934, NULL, 1),
(28362255, 26, 677807, 0, 1),
(28362256, 26, 677808, 0, 1),
(28362257, 26, 677988, NULL, 1),
(28362258, 26, 677989, NULL, 1),
(28362259, 26, 678146, NULL, 1),
(28362260, 26, 678147, NULL, 1),
(28362261, 26, 677992, NULL, 1),
(28362262, 26, 677993, NULL, 1),
(28362263, 26, 677822, NULL, 1),
(28362264, 26, 677824, NULL, 1),
(28362265, 26, 677995, NULL, 1),
(28362266, 26, 677828, NULL, 1),
(28362267, 26, 677829, 0, 1),
(28362268, 26, 677830, 0, 1),
(28362269, 26, 678130, NULL, 1),
(28362270, 26, 678148, NULL, 1),
(28362271, 26, 677836, NULL, 1),
(28362272, 26, 677839, NULL, 1),
(28362273, 26, 678131, NULL, 1),
(28362274, 26, 677845, NULL, 1),
(28362275, 26, 678132, NULL, 1),
(28362276, 26, 678002, NULL, 1),
(28362277, 26, 677851, NULL, 1),
(28362278, 26, 677852, 0, 1),
(28362279, 26, 677853, 0, 1),
(28362280, 26, 677855, 0, 1),
(28362281, 26, 677857, NULL, 1),
(28362282, 26, 677858, 1, 1),
(28362283, 26, 678149, NULL, 1),
(28362284, 26, 678003, 1, 1),
(28362285, 26, 677864, NULL, 1),
(28362286, 26, 677865, 0, 1),
(28362287, 26, 677867, 1, 1),
(28362288, 26, 677870, NULL, 1),
(28362289, 26, 678150, 1, 1),
(28362290, 26, 678004, 1, 1),
(28362291, 26, 677873, 0, 1),
(28362292, 26, 677953, 1, 1),
(28362293, 26, 677876, 0, 1);
INSERT INTO `mr_good_attribute` (`id`, `GoodID`, `CatalogAttributeValueID`, `BoolValue`, `IsActive`) VALUES
(28362294, 26, 677878, 1, 1),
(28362295, 26, 677879, 0, 1),
(28362296, 26, 677880, NULL, 1),
(28362297, 26, 677882, 0, 1),
(28362298, 26, 677884, 0, 1),
(28362299, 26, 677886, 0, 1),
(28362300, 26, 678005, NULL, 1),
(28362301, 26, 677889, 1, 1),
(28362302, 26, 677890, 0, 1),
(28362303, 26, 677891, 0, 1),
(28362304, 26, 678006, NULL, 1),
(28362305, 26, 677892, 0, 1),
(28362306, 26, 677893, 0, 1),
(28362307, 26, 677895, 0, 1),
(28362308, 26, 677897, 1, 1),
(28362309, 26, 678151, NULL, 1),
(28362310, 26, 678152, NULL, 1),
(28362311, 26, 677902, 1, 1),
(28362312, 26, 678010, NULL, 1),
(28362313, 26, 677905, 0, 1),
(28362314, 27, 677693, NULL, 1),
(28362315, 27, 677694, NULL, 1),
(28362316, 27, 677590, NULL, 1),
(28362317, 27, 677695, NULL, 1),
(28362318, 27, 677696, NULL, 1),
(28362319, 27, 677596, NULL, 1),
(28362320, 27, 677697, NULL, 1),
(28362321, 27, 677698, NULL, 1),
(28362322, 27, 677699, 1, 1),
(28362323, 27, 677700, NULL, 1),
(28362324, 27, 677740, NULL, 1),
(28362325, 27, 677609, 0, 1),
(28362326, 27, 677610, 0, 1),
(28362327, 27, 677702, NULL, 1),
(28362328, 27, 677703, NULL, 1),
(28362329, 27, 677616, NULL, 1),
(28362330, 27, 677704, NULL, 1),
(28362331, 27, 677619, 0, 1),
(28362332, 27, 677705, NULL, 1),
(28362333, 27, 677706, NULL, 1),
(28362334, 27, 677707, NULL, 1),
(28362335, 27, 677708, NULL, 1),
(28362336, 27, 677709, 1, 1),
(28362337, 27, 677630, 0, 1),
(28362338, 27, 677631, 0, 1),
(28362339, 27, 677632, 0, 1),
(28362340, 27, 677635, 1, 1),
(28362341, 27, 677637, NULL, 1),
(28362342, 27, 677638, 1, 1),
(28362343, 27, 677639, 0, 1),
(28362344, 27, 677710, NULL, 1),
(28362345, 27, 677711, 1, 1),
(28362346, 27, 677645, NULL, 1),
(28362347, 27, 677646, 1, 1),
(28362348, 27, 677647, 0, 1),
(28362349, 27, 677648, 0, 1),
(28362350, 27, 677649, 0, 1),
(28362351, 27, 677650, 0, 1),
(28362352, 27, 677651, 0, 1),
(28362353, 27, 677652, 1, 1),
(28362354, 27, 677653, 1, 1),
(28362355, 27, 677654, 0, 1),
(28362356, 27, 677655, 1, 1),
(28362357, 27, 677656, 1, 1),
(28362358, 27, 677712, 0, 1),
(28362359, 27, 677659, 1, 1),
(28362360, 27, 677660, 0, 1),
(28362361, 27, 677661, 0, 1),
(28362362, 27, 677713, 1, 1),
(28362363, 27, 677664, 0, 1),
(28362364, 27, 677666, 1, 1),
(28362365, 27, 677667, 0, 1),
(28362366, 27, 677669, 0, 1),
(28362367, 27, 677670, 0, 1),
(28362368, 27, 677671, 0, 1),
(28362369, 27, 677673, 0, 1),
(28362370, 27, 677674, 0, 1),
(28362371, 27, 677675, 0, 1),
(28362372, 27, 677677, 1, 1),
(28362373, 27, 677678, 0, 1),
(28362374, 27, 677715, NULL, 1),
(28362375, 27, 677681, 0, 1),
(28362376, 27, 677716, NULL, 1),
(28362377, 27, 677684, 0, 1),
(28362378, 27, 677718, NULL, 1),
(28362379, 27, 677685, 0, 1),
(28362380, 27, 677686, 0, 1),
(28362381, 27, 677687, 0, 1),
(28362382, 27, 677688, 0, 1),
(28362383, 27, 677689, 0, 1),
(28362384, 27, 677690, 0, 1),
(28362385, 27, 677691, 0, 1),
(28362386, 27, 677692, 0, 1),
(28362387, 28, 677774, NULL, 1),
(28362388, 28, 677776, NULL, 1),
(28362389, 28, 678153, NULL, 1),
(28362390, 28, 677778, NULL, 1),
(28362391, 28, 677780, NULL, 1),
(28362392, 28, 678154, NULL, 1),
(28362393, 28, 677977, NULL, 1),
(28362394, 28, 678155, NULL, 1),
(28362395, 28, 677979, NULL, 1),
(28362396, 28, 678058, NULL, 1),
(28362397, 28, 678156, NULL, 1),
(28362398, 28, 678107, NULL, 1),
(28362399, 28, 678108, NULL, 1),
(28362400, 28, 677800, NULL, 1),
(28362401, 28, 677986, NULL, 1),
(28362402, 28, 677804, NULL, 1),
(28362403, 28, 677934, NULL, 1),
(28362404, 28, 677807, 0, 1),
(28362405, 28, 677808, 0, 1),
(28362406, 28, 678157, NULL, 1),
(28362407, 28, 678158, NULL, 1),
(28362408, 28, 678159, NULL, 1),
(28362409, 28, 678160, NULL, 1),
(28362410, 28, 677818, NULL, 1),
(28362411, 28, 677820, NULL, 1),
(28362412, 28, 677822, NULL, 1),
(28362413, 28, 677824, NULL, 1),
(28362414, 28, 677942, NULL, 1),
(28362415, 28, 677826, NULL, 1),
(28362416, 28, 677828, NULL, 1),
(28362417, 28, 677829, 0, 1),
(28362418, 28, 677830, 0, 1),
(28362419, 28, 677832, NULL, 1),
(28362420, 28, 678066, NULL, 1),
(28362421, 28, 677836, NULL, 1),
(28362422, 28, 677838, NULL, 1),
(28362423, 28, 677840, NULL, 1),
(28362424, 28, 677841, NULL, 1),
(28362425, 28, 678000, NULL, 1),
(28362426, 28, 677845, NULL, 1),
(28362427, 28, 678001, NULL, 1),
(28362428, 28, 677849, NULL, 1),
(28362429, 28, 677851, NULL, 1),
(28362430, 28, 677852, 0, 1),
(28362431, 28, 678133, 1, 1),
(28362432, 28, 677855, 1, 1),
(28362433, 28, 678161, NULL, 1),
(28362434, 28, 678162, NULL, 1),
(28362435, 28, 677858, 1, 1),
(28362436, 28, 677860, NULL, 1),
(28362437, 28, 677862, 1, 1),
(28362438, 28, 677864, NULL, 1),
(28362439, 28, 677866, 1, 1),
(28362440, 28, 677867, 0, 1),
(28362441, 28, 677868, 1, 1),
(28362442, 28, 677870, NULL, 1),
(28362443, 28, 677871, 0, 1),
(28362444, 28, 678163, 1, 1),
(28362445, 28, 677873, 0, 1),
(28362446, 28, 677953, 1, 1),
(28362447, 28, 677876, 0, 1),
(28362448, 28, 677878, 1, 1),
(28362449, 28, 677879, 0, 1),
(28362450, 28, 677955, 1, 1),
(28362451, 28, 677956, 1, 1),
(28362452, 28, 677886, 0, 1),
(28362453, 28, 677889, 0, 1),
(28362454, 28, 677892, 0, 1),
(28362455, 28, 677894, 1, 1),
(28362456, 28, 677895, 0, 1),
(28362457, 28, 677897, 1, 1),
(28362458, 28, 678164, NULL, 1),
(28362459, 28, 678165, NULL, 1),
(28362460, 28, 677902, 0, 1),
(28362461, 28, 677904, NULL, 1),
(28362462, 28, 677905, 0, 1);

INSERT INTO `mr_good_price` (`id`, `GoodID`, `PriceCash`, `RecPriceCash`, `RecCurrencyCashID`, `CurrencyCashID`, `CurrencyID`, `Price`, `Description`, `Code`, `Existence`, `StockID`, `Guarantee`, `GuaranteeMeasure`, `WriteDate`, `SL`, `IsBestPrice`, `StockAutoloadID`) VALUES
(4185114, 1, '618.00', NULL, NULL, 27, NULL, NULL, NULL, NULL, 0, 1, NULL, NULL, '2021-05-19 21:59:59', NULL, 0, NULL);

INSERT INTO `mr_good_price_old` (`id`, `GoodID`, `SL`, `WriteDate`) VALUES
(89181, 1, '{\"GoodPriceList\": [{\"date\": 1621461599, \"prices\": [{\"SL\": null, \"id\": 0, \"Code\": null, \"Price\": null, \"GoodID\": 1, \"StockID\": 1, \"Existence\": 0, \"Guarantee\": null, \"PriceCash\": \"618.00\", \"WriteDate\": \"2021-05-19 21:59:59\", \"CurrencyID\": null, \"Description\": null, \"IsBestPrice\": 0, \"RecPriceCash\": null, \"CurrencyCashID\": 27, \"StockAutoloadID\": null, \"GuaranteeMeasure\": null, \"RecCurrencyCashID\": null}], \"description\": \"\"}]}', '2021-05-19 21:59:59');

INSERT INTO `mr_good_source` (`id`, `GoodID`, `IntId`, `StringId`, `Link`, `Name`, `Description`, `WriteDate`, `Checked`) VALUES
(1, 1, 1872716, 'za5v0083ua', 'https://catalog.onliner.by/tabletpc/lenovo/za5v0083ua', 'Onliner.by', 'Импорт', '2021-05-19 21:35:01', 1),
(2, 2, 1643460, 'ipad2019', 'https://catalog.onliner.by/tabletpc/apple/ipad2019', 'Onliner.by', 'Импорт', '2021-05-19 21:35:01', 1),
(4, 4, 1545497, 'smt515nzkdser', 'https://catalog.onliner.by/tabletpc/samsung/smt515nzkdser', 'Onliner.by', 'Импорт', '2021-05-19 21:35:01', 1),
(6, 6, 1808452, 'my232', 'https://catalog.onliner.by/tabletpc/apple/my232', 'Onliner.by', 'Импорт', '2021-05-19 21:35:01', 1),
(8, 8, 1907580, 'bah3l09', 'https://catalog.onliner.by/tabletpc/huawei/bah3l09', 'Onliner.by', 'Импорт', '2021-05-19 21:35:01', 1),
(9, 9, 1867135, 'x509jabq084', 'https://catalog.onliner.by/notebook/asus/x509jabq084', 'Onliner.by', 'Импорт', '2021-05-19 21:35:01', 1),
(10, 10, 1370793, 'mipad464gbblk', 'https://catalog.onliner.by/tabletpc/xiaomi/mipad464gbblk', 'Onliner.by', 'Импорт', '2021-05-19 21:35:01', 1),
(11, 11, 1918057, 'fa506iuhn216', 'https://catalog.onliner.by/notebook/asus/fa506iuhn216', 'Onliner.by', 'Импорт', '2021-05-19 21:35:01', 1),
(12, 12, 1283855, 'mr7f2fda', 'https://catalog.onliner.by/tabletpc/apple/mr7f2fda', 'Onliner.by', 'Импорт', '2021-05-19 21:35:01', 1),
(13, 13, 1808431, 'mwtj2', 'https://catalog.onliner.by/notebook/apple/mwtj2', 'Onliner.by', 'Импорт', '2021-05-19 21:35:01', 1),
(14, 14, 1643788, 'smt865nznaser', 'https://catalog.onliner.by/tabletpc/samsung/smt865nznaser', 'Onliner.by', 'Импорт', '2021-05-19 21:35:01', 1),
(15, 15, 1883326, 'fa506iial114', 'https://catalog.onliner.by/notebook/asus/fa506iial114', 'Onliner.by', 'Импорт', '2021-05-19 21:35:01', 1),
(16, 16, 1114782, 'agsl09sg', 'https://catalog.onliner.by/tabletpc/huawei/agsl09sg', 'Onliner.by', 'Импорт', '2021-05-19 21:35:01', 1),
(17, 17, 1923360, 'fx505dtbq078', 'https://catalog.onliner.by/notebook/asus/fx505dtbq078', 'Onliner.by', 'Импорт', '2021-05-19 21:35:01', 1),
(18, 18, 1525807, 'muqw2', 'https://catalog.onliner.by/tabletpc/apple/muqw2', 'Onliner.by', 'Импорт', '2021-05-19 21:35:01', 1),
(19, 19, 1702347, 'macbookpro16', 'https://catalog.onliner.by/notebook/apple/macbookpro16', 'Onliner.by', 'Импорт', '2021-05-19 21:35:01', 1),
(20, 20, 1899417, 'za5t0029ua', 'https://catalog.onliner.by/tabletpc/lenovo/za5t0029ua', 'Onliner.by', 'Импорт', '2021-05-19 21:35:01', 1),
(21, 21, 1867134, 'x509jabq010', 'https://catalog.onliner.by/notebook/asus/x509jabq010', 'Onliner.by', 'Импорт', '2021-05-19 21:35:01', 1),
(22, 22, 1820877, 'my2h2', 'https://catalog.onliner.by/tabletpc/apple/my2h2', 'Onliner.by', 'Импорт', '2021-05-19 21:35:01', 1),
(23, 23, 1116028, 'mqd32', 'https://catalog.onliner.by/notebook/apple/mqd32', 'Onliner.by', 'Импорт', '2021-05-19 21:35:01', 1),
(24, 24, 1860776, 'fa506iuhn200', 'https://catalog.onliner.by/notebook/asus/fa506iuhn200', 'Onliner.by', 'Импорт', '2021-05-19 21:35:01', 1),
(25, 25, 1525725, 'muuj2', 'https://catalog.onliner.by/tabletpc/apple/muuj2', 'Onliner.by', 'Импорт', '2021-05-19 21:35:01', 1),
(26, 26, 1616404, 'muhn2', 'https://catalog.onliner.by/notebook/apple/muhn2', 'Onliner.by', 'Импорт', '2021-05-19 21:35:01', 1),
(27, 27, 1665414, 'mw772', 'https://catalog.onliner.by/tabletpc/apple/mw772', 'Onliner.by', 'Импорт', '2021-05-19 21:35:01', 1),
(28, 28, 1894678, '81wb002tre', 'https://catalog.onliner.by/notebook/lenovo/81wb002tre', 'Onliner.by', 'Импорт', '2021-05-19 21:35:01', 1);