id,CurrencyID,Scale,Rate,WriteDate
11,160,1,2.5992,2020-09-14 09:42:01.000000
13,126,10,6.9382,2020-09-14 09:42:01.000000
15,132,100,3.4708,2020-09-14 09:42:01.000000
16,51,1,3.0785,2020-09-14 09:48:02.000000
17,33,10,3.8030,2020-09-14 09:48:02.000000
18,160,1,2.5940,2020-09-15 03:00:01.000000
19,51,1,3.0744,2020-09-15 03:00:01.000000
20,126,10,6.9071,2020-09-15 03:00:01.000000
21,33,10,3.8009,2020-09-15 03:00:01.000000
22,132,100,3.4647,2020-09-15 03:00:01.000000
23,160,1,2.5900,2020-09-16 03:00:01.000000
24,51,1,3.0780,2020-09-16 03:00:01.000000
25,126,10,6.9269,2020-09-16 03:00:01.000000
26,33,10,3.8215,2020-09-16 03:00:01.000000
27,132,100,3.4437,2020-09-16 03:00:01.000000
28,160,1,2.5781,2020-09-17 03:00:01.000000
29,51,1,3.0586,2020-09-17 03:00:02.000000
30,126,10,6.8822,2020-09-17 03:00:02.000000
31,33,10,3.8157,2020-09-17 03:00:02.000000
32,132,100,3.4420,2020-09-17 03:00:02.000000
33,160,1,2.5755,2020-09-18 03:00:01.000000
34,51,1,3.0365,2020-09-18 03:00:01.000000
35,126,10,6.8211,2020-09-18 03:00:01.000000
36,33,10,3.8052,2020-09-18 03:00:01.000000
37,132,100,3.4258,2020-09-18 03:00:01.000000
38,160,1,2.5658,2020-09-19 03:00:01.000000
39,51,1,3.0414,2020-09-19 03:00:01.000000
40,126,10,6.8286,2020-09-19 03:00:01.000000
41,33,10,3.7970,2020-09-19 03:00:01.000000
42,132,100,3.4205,2020-09-19 03:00:01.000000
43,160,1,2.5833,2020-09-22 03:00:02.000000
44,51,1,3.0555,2020-09-22 03:00:02.000000
45,126,10,6.7959,2020-09-22 03:00:02.000000
46,33,10,3.8109,2020-09-22 03:00:02.000000
47,132,100,3.3978,2020-09-22 03:00:02.000000
48,160,1,2.5905,2020-09-23 03:00:01.000000
49,51,1,3.0398,2020-09-23 03:00:01.000000
50,126,10,6.7466,2020-09-23 03:00:01.000000
51,33,10,3.8181,2020-09-23 03:00:01.000000
52,132,100,3.3975,2020-09-23 03:00:01.000000
53,160,1,2.5908,2020-09-24 03:00:01.000000
54,51,1,3.0296,2020-09-24 03:00:01.000000
55,126,10,6.7625,2020-09-24 03:00:01.000000
56,33,10,3.8166,2020-09-24 03:00:01.000000
57,132,100,3.3936,2020-09-24 03:00:01.000000
58,160,1,2.6042,2020-09-25 03:00:01.000000
59,51,1,3.0359,2020-09-25 03:00:01.000000
60,126,10,6.6968,2020-09-25 03:00:01.000000
61,33,10,3.8128,2020-09-25 03:00:01.000000
62,132,100,3.3779,2020-09-25 03:00:01.000000
63,51,1,3.0318,2020-09-26 03:00:01.000000
64,126,10,6.6505,2020-09-26 03:00:01.000000
65,33,10,3.8084,2020-09-26 03:00:01.000000
66,132,100,3.3813,2020-09-26 03:00:01.000000
67,160,1,2.6264,2020-09-29 03:00:02.000000
68,51,1,3.0570,2020-09-29 03:00:02.000000
69,126,10,6.7133,2020-09-29 03:00:02.000000
70,33,10,3.8524,2020-09-29 03:00:02.000000
71,132,100,3.3365,2020-09-29 03:00:02.000000
72,160,1,2.6403,2020-09-30 03:00:01.000000
73,51,1,3.0840,2020-09-30 03:00:01.000000
74,126,10,6.7648,2020-09-30 03:00:01.000000
75,33,10,3.8721,2020-09-30 03:00:01.000000
76,132,100,3.3149,2020-09-30 03:00:01.000000
77,160,1,2.6236,2020-10-01 03:00:02.000000
78,51,1,3.0727,2020-10-01 03:00:02.000000
79,126,10,6.7755,2020-10-01 03:00:02.000000
80,33,10,3.8538,2020-10-01 03:00:02.000000
81,132,100,3.3343,2020-10-01 03:00:02.000000
82,160,1,2.6019,2020-10-02 03:00:02.000000
83,51,1,3.0541,2020-10-02 03:00:02.000000
84,126,10,6.7827,2020-10-02 03:00:02.000000
85,33,10,3.8315,2020-10-02 03:00:02.000000
86,132,100,3.3649,2020-10-02 03:00:02.000000
87,160,1,2.6150,2020-10-03 03:00:02.000000
88,51,1,3.0681,2020-10-03 03:00:02.000000
89,126,10,6.8257,2020-10-03 03:00:02.000000
90,33,10,3.8508,2020-10-03 03:00:02.000000
91,132,100,3.3479,2020-10-03 03:00:02.000000
92,160,1,2.6188,2020-10-06 19:55:02.000000
93,51,1,3.0762,2020-10-06 19:55:02.000000
94,126,10,6.8507,2020-10-06 19:55:02.000000
95,33,10,3.8564,2020-10-06 19:55:02.000000
96,132,100,3.3493,2020-10-06 19:55:02.000000
97,160,1,2.6225,2020-10-07 13:32:02.000000
98,51,1,3.0908,2020-10-07 13:32:02.000000
99,126,10,6.8766,2020-10-07 13:32:02.000000
100,33,10,3.8618,2020-10-07 13:32:02.000000
101,132,100,3.3430,2020-10-07 13:32:02.000000
102,160,1,2.6205,2020-10-08 12:32:03.000000
103,51,1,3.0818,2020-10-08 12:32:03.000000
104,126,10,6.8695,2020-10-08 12:32:03.000000
105,33,10,3.8589,2020-10-08 12:32:03.000000
106,132,100,3.3548,2020-10-08 12:32:03.000000
107,160,1,2.6130,2020-10-09 11:33:09.000000
108,51,1,3.0743,2020-10-09 11:33:09.000000
109,126,10,6.8460,2020-10-09 11:33:09.000000
110,33,10,3.8479,2020-10-09 11:33:09.000000
111,132,100,3.3526,2020-10-09 11:33:09.000000
112,160,1,2.5780,2020-10-10 10:33:03.000000
113,51,1,3.0404,2020-10-10 10:33:03.000000
114,126,10,6.7877,2020-10-10 10:33:03.000000
115,33,10,3.8445,2020-10-10 10:33:03.000000
116,132,100,3.3465,2020-10-10 10:33:03.000000
117,160,1,2.5700,2020-10-13 11:19:02.000000
118,51,1,3.0332,2020-10-13 11:19:02.000000
119,126,10,6.7801,2020-10-13 11:19:02.000000
120,33,10,3.8062,2020-10-13 11:19:02.000000
121,132,100,3.3349,2020-10-13 11:19:02.000000
122,160,1,2.5707,2020-10-14 10:19:03.000000
123,51,1,3.0298,2020-10-14 10:19:03.000000
124,126,10,6.7596,2020-10-14 10:19:03.000000
125,33,10,3.8169,2020-10-14 10:19:03.000000
126,132,100,3.3300,2020-10-14 10:19:03.000000
127,160,1,2.5760,2020-10-16 11:14:03.000000
128,51,1,3.0175,2020-10-16 11:14:03.000000
129,126,10,6.6246,2020-10-16 11:14:03.000000
130,33,10,3.8270,2020-10-16 11:14:03.000000
131,132,100,3.3051,2020-10-16 11:14:03.000000
132,160,1,2.5729,2020-10-18 09:16:03.000000
133,51,1,3.0118,2020-10-18 09:16:03.000000
134,126,10,6.5978,2020-10-18 09:16:03.000000
135,33,10,3.8390,2020-10-18 09:16:03.000000
136,132,100,3.2977,2020-10-18 09:16:03.000000
137,160,1,2.5708,2020-10-20 07:18:02.000000
138,51,1,3.0138,2020-10-20 07:18:02.000000
139,126,10,6.6271,2020-10-20 07:18:02.000000
140,33,10,3.8444,2020-10-20 07:18:02.000000
141,132,100,3.2999,2020-10-20 07:18:02.000000
142,160,1,2.5466,2020-10-22 05:20:04.000000
143,51,1,3.0216,2020-10-22 05:20:04.000000
144,126,10,6.5748,2020-10-22 05:20:04.000000
145,33,10,3.8253,2020-10-22 05:20:04.000000
146,132,100,3.3052,2020-10-22 05:20:04.000000
147,160,1,2.5534,2020-10-28 09:52:15.000000
148,126,10,6.5716,2020-10-28 09:52:15.000000
149,33,10,3.7978,2020-10-28 09:52:15.000000
150,132,100,3.3398,2020-10-28 09:52:15.000000
151,160,1,2.5990,2020-10-29 07:21:36.000000
152,51,1,3.0521,2020-10-29 07:21:36.000000
153,126,10,6.6137,2020-10-29 07:21:36.000000
154,33,10,3.8720,2020-10-29 07:21:36.000000
155,126,10,6.6469,2020-10-30 20:28:03.000000
156,33,10,3.9150,2020-10-30 20:28:03.000000
157,132,100,3.3274,2020-10-30 20:28:03.000000
158,160,1,2.6352,2020-10-31 00:50:14.000000
159,51,1,3.0778,2020-10-31 00:50:14.000000
160,126,10,6.6600,2020-10-31 00:50:14.000000
161,33,10,3.9407,2020-10-31 00:50:14.000000
162,132,100,3.3290,2020-10-31 00:50:14.000000
163,160,1,2.6579,2020-11-03 16:31:02.000000
164,51,1,3.0940,2020-11-03 16:31:02.000000
165,126,10,6.7190,2020-11-03 16:31:02.000000
166,33,10,3.9726,2020-11-03 16:31:02.000000
167,132,100,3.2988,2020-11-03 16:31:02.000000
168,160,1,2.6563,2020-11-04 04:11:02.000000
169,51,1,3.0983,2020-11-04 04:11:02.000000
170,126,10,6.8021,2020-11-04 04:11:02.000000
171,33,10,3.9751,2020-11-04 04:11:02.000000
172,132,100,3.3211,2020-11-04 04:11:02.000000
173,160,1,2.6430,2020-11-05 00:38:17.000000
174,51,1,3.0842,2020-11-05 00:38:17.000000
175,126,10,6.7773,2020-11-05 00:38:17.000000
176,33,10,3.9387,2020-11-05 00:38:17.000000
177,132,100,3.3397,2020-11-05 00:38:17.000000
178,160,1,2.6153,2020-11-06 16:09:39.000000
179,51,1,3.0756,2020-11-06 16:09:39.000000
180,126,10,6.8172,2020-11-06 16:09:39.000000
181,33,10,3.9455,2020-11-06 16:09:39.000000
182,132,100,3.3438,2020-11-06 16:09:39.000000
183,51,1,3.0537,2020-11-08 18:59:14.000000
184,126,10,6.7490,2020-11-08 18:59:14.000000
185,33,10,3.8943,2020-11-08 18:59:14.000000
186,160,1,2.5770,2020-11-10 17:07:30.000000
187,51,1,3.0617,2020-11-10 17:07:30.000000
188,126,10,6.8149,2020-11-10 17:07:30.000000
189,33,10,3.9174,2020-11-10 17:07:30.000000
190,33,10,3.9174,2020-11-10 17:07:30.000000
191,132,100,3.3442,2020-11-10 17:07:30.000000
192,160,1,2.5569,2020-11-11 03:18:31.000000
193,51,1,3.0256,2020-11-11 03:18:31.000000
194,126,10,6.6961,2020-11-11 03:18:31.000000
195,33,10,3.8706,2020-11-11 03:18:31.000000
196,160,1,2.5551,2020-11-12 09:41:17.000000
197,51,1,3.0184,2020-11-12 09:41:17.000000
198,126,10,6.7186,2020-11-12 09:41:17.000000
199,33,10,3.8619,2020-11-12 09:41:17.000000
200,132,100,3.3546,2020-11-12 09:41:17.000000
201,160,1,2.5680,2020-11-13 05:35:32.000000
202,51,1,3.0247,2020-11-13 05:35:32.000000
203,126,10,6.7576,2020-11-13 05:35:32.000000
204,33,10,3.8796,2020-11-13 05:35:32.000000
205,132,100,3.3319,2020-11-13 05:35:32.000000
206,160,1,2.5668,2020-11-14 03:54:57.000000
207,51,1,3.0319,2020-11-14 03:54:57.000000
208,126,10,6.7511,2020-11-14 03:54:57.000000
209,33,10,3.8827,2020-11-14 03:54:57.000000
210,132,100,3.3215,2020-11-14 03:54:57.000000
211,160,1,2.5614,2020-11-17 01:17:46.000000
212,51,1,3.0348,2020-11-17 01:17:46.000000
213,33,10,3.8929,2020-11-17 01:17:46.000000
214,132,100,3.3288,2020-11-17 01:17:46.000000
215,160,1,2.5559,2020-11-18 07:27:05.000000
216,51,1,3.0311,2020-11-18 07:27:05.000000
217,126,10,6.7494,2020-11-18 07:27:05.000000
218,33,10,3.9011,2020-11-18 07:27:05.000000
219,160,1,2.5528,2020-11-19 02:13:03.000000
220,126,10,6.7835,2020-11-19 02:13:03.000000
221,33,10,3.8962,2020-11-19 02:13:03.000000
222,132,100,3.3610,2020-11-19 02:13:03.000000
223,160,1,2.5564,2020-11-20 15:42:47.000000
224,51,1,3.0286,2020-11-20 15:42:47.000000
225,126,10,6.7497,2020-11-20 15:42:47.000000
226,33,10,3.8802,2020-11-20 15:42:47.000000
227,132,100,3.3512,2020-11-20 15:42:47.000000
228,160,1,2.5522,2020-11-21 13:29:31.000000
229,51,1,3.0300,2020-11-21 13:29:31.000000
230,126,10,6.7720,2020-11-21 13:29:31.000000
231,33,10,3.8839,2020-11-21 13:29:31.000000
232,132,100,3.3559,2020-11-21 13:29:31.000000
233,160,1,2.5514,2020-11-24 01:08:04.000000
234,51,1,3.0284,2020-11-24 01:08:04.000000
235,126,10,6.7837,2020-11-24 01:08:04.000000
236,33,10,3.8861,2020-11-24 01:08:04.000000
237,132,100,3.3658,2020-11-24 01:08:04.000000
238,160,1,2.5548,2020-11-25 07:11:03.000000
239,51,1,3.0295,2020-11-25 07:11:03.000000
240,126,10,6.7920,2020-11-25 07:11:03.000000
241,33,10,3.8857,2020-11-25 07:11:03.000000
242,132,100,3.3685,2020-11-25 07:11:03.000000
243,160,1,2.5600,2020-11-26 03:13:08.000000
244,51,1,3.0438,2020-11-26 03:13:08.000000
245,126,10,6.8171,2020-11-26 03:13:08.000000
246,33,10,3.8926,2020-11-26 03:13:08.000000
247,132,100,3.3894,2020-11-26 03:13:08.000000
248,160,1,2.5670,2020-11-27 00:32:07.000000
249,160,1,2.5670,2020-11-27 00:32:07.000000
250,160,1,2.5670,2020-11-27 00:32:07.000000
251,160,1,2.5670,2020-11-27 00:32:07.000000
252,160,1,2.5670,2020-11-27 00:32:07.000000
253,160,1,2.5670,2020-11-27 00:32:07.000000
254,160,1,2.5670,2020-11-27 00:32:07.000000
255,160,1,2.5670,2020-11-27 00:32:07.000000
256,160,1,2.5670,2020-11-27 00:32:07.000000
257,160,1,2.5670,2020-11-27 00:32:07.000000
258,126,10,6.8287,2020-11-27 00:32:09.000000
259,126,10,6.8287,2020-11-27 00:32:09.000000
260,126,10,6.8287,2020-11-27 00:32:09.000000
261,126,10,6.8287,2020-11-27 00:32:09.000000
262,126,10,6.8287,2020-11-27 00:32:09.000000
263,126,10,6.8287,2020-11-27 00:32:09.000000
264,126,10,6.8287,2020-11-27 00:32:09.000000
265,126,10,6.8287,2020-11-27 00:32:09.000000
266,33,10,3.9036,2020-11-27 00:32:09.000000
267,33,10,3.9036,2020-11-27 00:32:09.000000
268,132,100,3.3976,2020-11-27 00:32:10.000000
269,160,1,2.5817,2020-11-28 06:35:06.000000
270,51,1,3.0794,2020-11-28 06:35:06.000000
271,126,10,6.8639,2020-11-28 06:35:06.000000
272,33,10,3.9245,2020-11-28 06:35:06.000000
273,132,100,3.4056,2020-11-28 06:35:06.000000
274,160,1,2.5873,2020-12-01 13:39:41.000000
275,51,1,3.0987,2020-12-01 13:39:41.000000
276,126,10,6.9252,2020-12-01 13:39:41.000000
277,33,10,3.9355,2020-12-01 13:39:41.000000
278,132,100,3.3982,2020-12-01 13:39:41.000000
279,51,1,3.1000,2020-12-02 08:19:01.000000
280,126,10,6.9331,2020-12-02 08:19:01.000000
281,33,10,3.9420,2020-12-02 08:19:01.000000
282,132,100,3.3986,2020-12-02 08:19:01.000000
283,160,1,2.5881,2020-12-03 04:20:02.000000
284,160,1,2.5881,2020-12-03 04:20:02.000000
285,51,1,3.1249,2020-12-03 04:20:02.000000
286,51,1,3.1249,2020-12-03 04:20:02.000000
287,126,10,6.9892,2020-12-03 04:20:02.000000
288,126,10,6.9892,2020-12-03 04:20:02.000000
289,126,10,6.9892,2020-12-03 04:20:02.000000
290,33,10,3.9429,2020-12-03 04:20:02.000000
291,33,10,3.9429,2020-12-03 04:20:02.000000
292,33,10,3.9429,2020-12-03 04:20:02.000000
293,132,100,3.4247,2020-12-03 04:20:02.000000
294,132,100,3.4247,2020-12-03 04:20:02.000000
295,132,100,3.4247,2020-12-03 04:20:02.000000
296,160,1,2.5862,2020-12-04 01:54:46.000000
297,51,1,3.1344,2020-12-04 01:54:46.000000
298,126,10,6.9927,2020-12-04 01:54:46.000000
299,33,10,3.9435,2020-12-04 01:54:46.000000
300,132,100,3.4372,2020-12-04 01:54:46.000000
301,160,1,2.5697,2020-12-05 07:49:02.000000
302,51,1,3.1245,2020-12-05 07:49:02.000000
303,126,10,6.9901,2020-12-05 07:49:02.000000
304,33,10,3.9357,2020-12-05 07:49:02.000000
305,132,100,3.4615,2020-12-05 07:49:02.000000
306,160,1,2.5674,2020-12-08 05:55:02.000000
307,51,1,3.1076,2020-12-08 05:55:02.000000
308,126,10,6.9366,2020-12-08 05:55:02.000000
309,33,10,3.9255,2020-12-08 05:55:02.000000
310,132,100,3.4560,2020-12-08 05:55:02.000000
311,160,1,2.5572,2020-12-09 01:56:01.000000
312,51,1,3.0968,2020-12-09 01:56:01.000000
313,126,10,6.9260,2020-12-09 01:56:01.000000
314,33,10,3.9166,2020-12-09 01:56:01.000000
315,132,100,3.4742,2020-12-09 01:56:01.000000
316,160,1,2.5482,2020-12-10 07:59:18.000000
317,51,1,3.0928,2020-12-10 07:59:18.000000
318,126,10,6.9509,2020-12-10 07:59:18.000000
319,33,10,3.8978,2020-12-10 07:59:18.000000
320,132,100,3.4775,2020-12-10 07:59:18.000000
321,160,1,2.5476,2020-12-11 11:09:38.000000
322,51,1,3.0801,2020-12-11 11:09:38.000000
323,126,10,6.9630,2020-12-11 11:09:38.000000
324,33,10,3.8934,2020-12-11 11:09:38.000000
325,132,100,3.4583,2020-12-11 11:09:38.000000
326,160,1,2.5334,2020-12-12 04:06:04.000000
327,51,1,3.0750,2020-12-12 04:06:04.000000
328,126,10,6.9174,2020-12-12 04:06:04.000000
329,33,10,3.8709,2020-12-12 04:06:04.000000
330,132,100,3.4639,2020-12-12 04:06:04.000000
331,160,1,2.5287,2020-12-15 01:26:02.000000
332,51,1,3.0718,2020-12-15 01:26:02.000000
333,126,10,6.9208,2020-12-15 01:26:02.000000
334,33,10,3.8643,2020-12-15 01:26:02.000000
335,132,100,3.4672,2020-12-15 01:26:02.000000
336,160,1,2.5300,2020-12-16 06:22:03.000000
337,51,1,3.0721,2020-12-16 06:22:03.000000
338,126,10,6.9180,2020-12-16 06:22:03.000000
339,33,10,3.8652,2020-12-16 06:22:03.000000
340,132,100,3.4448,2020-12-16 06:22:03.000000
341,160,1,2.5249,2020-12-17 02:24:02.000000
342,126,10,6.9496,2020-12-17 02:24:02.000000
343,33,10,3.8669,2020-12-17 02:24:02.000000
344,132,100,3.4403,2020-12-17 02:24:02.000000
345,160,1,2.5109,2020-12-18 00:49:02.000000
346,51,1,3.0700,2020-12-18 00:49:02.000000
347,126,10,6.9259,2020-12-18 00:49:02.000000
348,33,10,3.8442,2020-12-18 00:49:02.000000
349,132,100,3.4432,2020-12-18 00:49:02.000000
350,160,1,2.5068,2020-12-19 06:52:01.000000
351,51,1,3.0713,2020-12-19 06:52:01.000000
352,126,10,6.9079,2020-12-19 06:52:01.000000
353,33,10,3.8327,2020-12-19 06:52:01.000000
354,132,100,3.4164,2020-12-19 06:52:01.000000
355,160,1,2.5068,2020-12-21 01:34:54.000000
356,51,1,3.0713,2020-12-21 01:34:54.000000
357,126,10,6.9079,2020-12-21 01:34:54.000000
358,33,10,3.8327,2020-12-21 01:34:54.000000
359,132,100,3.4164,2020-12-21 01:34:54.000000
360,160,1,2.5320,2020-12-22 06:38:03.000000
361,51,1,3.0936,2020-12-22 06:38:03.000000
362,126,10,6.8261,2020-12-22 06:38:03.000000
363,33,10,3.8655,2020-12-22 06:38:03.000000
364,132,100,3.3990,2020-12-22 06:38:03.000000
365,51,1,3.1363,2020-12-23 02:39:02.000000
366,126,10,6.9538,2020-12-23 02:39:02.000000
367,33,10,3.9191,2020-12-23 02:39:02.000000
368,132,100,3.4095,2020-12-23 02:39:02.000000
369,160,1,2.5838,2020-12-24 09:44:02.000000
370,51,1,3.1486,2020-12-24 09:44:02.000000
371,126,10,6.9987,2020-12-24 09:44:02.000000
372,33,10,3.9530,2020-12-24 09:44:02.000000
373,132,100,3.4252,2020-12-24 09:44:02.000000
374,160,1,2.5891,2020-12-25 05:46:01.000000
375,51,1,3.1584,2020-12-25 05:46:01.000000
376,126,10,7.0009,2020-12-25 05:46:01.000000
377,33,10,3.9644,2020-12-25 05:46:01.000000
378,132,100,3.4549,2020-12-25 05:46:01.000000
379,160,1,2.5736,2020-12-29 10:49:16.000000
380,51,1,3.1478,2020-12-29 10:49:16.000000
381,126,10,7.0240,2020-12-29 10:49:16.000000
382,33,10,3.9367,2020-12-29 10:49:16.000000
383,132,100,3.4913,2020-12-29 10:49:16.000000
384,51,1,3.1492,2020-12-30 05:57:02.000000
385,126,10,6.9898,2020-12-30 05:57:02.000000
386,33,10,3.9379,2020-12-30 05:57:02.000000
387,132,100,3.4916,2020-12-30 05:57:02.000000
388,160,1,2.5789,2020-12-31 01:59:04.000000
389,51,1,3.1680,2020-12-31 01:59:04.000000
390,126,10,6.9893,2020-12-31 01:59:04.000000
391,33,10,3.9515,2020-12-31 01:59:04.000000
392,132,100,3.4871,2020-12-31 01:59:04.000000
393,160,1,2.5795,2021-01-05 02:08:03.000000
394,51,1,3.1644,2021-01-05 02:08:03.000000
395,126,10,6.9690,2021-01-05 02:08:03.000000
396,33,10,3.9929,2021-01-05 02:08:03.000000
397,132,100,3.5077,2021-01-05 02:08:03.000000
398,160,1,2.5821,2021-01-06 08:10:01.000000
399,51,1,3.1703,2021-01-06 08:10:01.000000
400,126,10,6.9727,2021-01-06 08:10:01.000000
401,33,10,3.9961,2021-01-06 08:10:01.000000
402,132,100,3.4631,2021-01-06 08:10:01.000000
403,160,1,2.5655,2021-01-07 04:12:02.000000
404,51,1,3.1648,2021-01-07 04:12:02.000000
405,126,10,7.0163,2021-01-07 04:12:02.000000
406,33,10,3.9735,2021-01-07 04:12:02.000000
407,132,100,3.4853,2021-01-07 04:12:02.000000
408,160,1,2.5798,2021-01-13 02:34:51.000000
409,51,1,3.1380,2021-01-13 02:34:51.000000
410,126,10,6.9343,2021-01-13 02:34:51.000000
411,33,10,3.9937,2021-01-13 02:34:51.000000
412,132,100,3.4750,2021-01-13 02:34:51.000000
413,160,1,2.5696,2021-01-14 08:06:02.000000
414,51,1,3.1368,2021-01-14 08:06:02.000000
415,126,10,6.9198,2021-01-14 08:06:02.000000
416,33,10,3.9729,2021-01-14 08:06:02.000000
417,132,100,3.4919,2021-01-14 08:06:02.000000
418,160,1,2.5721,2021-01-15 04:08:03.000000
419,51,1,3.1261,2021-01-15 04:08:03.000000
420,126,10,6.8932,2021-01-15 04:08:03.000000
421,33,10,3.9791,2021-01-15 04:08:03.000000
422,160,1,2.5560,2021-01-16 00:10:01.000000
423,51,1,3.1017,2021-01-16 00:10:01.000000
424,126,10,6.8235,2021-01-16 00:10:01.000000
425,33,10,3.9480,2021-01-16 00:10:01.000000
426,132,100,3.4826,2021-01-16 00:10:01.000000
427,160,1,2.5372,2021-01-22 09:55:03.000000
428,51,1,3.0799,2021-01-22 09:55:03.000000
429,126,10,6.7999,2021-01-22 09:55:03.000000
430,33,10,3.9253,2021-01-22 09:55:03.000000
431,132,100,3.4595,2021-01-22 09:55:03.000000
432,160,1,2.5475,2021-01-23 05:57:02.000000
433,51,1,3.0986,2021-01-23 05:57:02.000000
434,126,10,6.8374,2021-01-23 05:57:02.000000
435,33,10,3.9331,2021-01-23 05:57:02.000000
436,132,100,3.4261,2021-01-23 05:57:02.000000
437,160,1,2.5565,2021-01-26 04:04:02.000000
438,51,1,3.1137,2021-01-26 04:04:02.000000
439,126,10,6.8350,2021-01-26 04:04:02.000000
440,33,10,3.9449,2021-01-26 04:04:02.000000
441,132,100,3.4123,2021-01-26 04:04:02.000000
442,160,1,2.5782,2021-01-27 00:06:03.000000
443,51,1,3.1288,2021-01-27 00:06:03.000000
444,126,10,6.8730,2021-01-27 00:06:03.000000
445,33,10,3.9839,2021-01-27 00:06:03.000000
446,132,100,3.4135,2021-01-27 00:06:03.000000
447,160,1,2.5818,2021-01-28 06:09:02.000000
448,126,10,6.8882,2021-01-28 06:09:02.000000
449,33,10,3.9918,2021-01-28 06:09:02.000000
450,132,100,3.4399,2021-01-28 06:09:02.000000
451,160,1,2.6228,2021-01-29 02:11:03.000000
452,51,1,3.1711,2021-01-29 02:11:03.000000
453,126,10,6.9793,2021-01-29 02:11:03.000000
454,33,10,4.0514,2021-01-29 02:11:03.000000
455,132,100,3.4362,2021-01-29 02:11:03.000000
456,160,1,2.6262,2021-01-30 08:14:04.000000
457,51,1,3.1798,2021-01-30 08:14:04.000000
458,126,10,7.0090,2021-01-30 08:14:04.000000
459,33,10,4.0748,2021-01-30 08:14:04.000000
460,132,100,3.4458,2021-01-30 08:14:04.000000
461,160,1,2.6195,2021-02-02 13:16:01.000000
462,51,1,3.1742,2021-02-02 13:16:01.000000
463,126,10,7.0173,2021-02-02 13:16:01.000000
464,33,10,4.0523,2021-02-02 13:16:01.000000
465,132,100,3.4693,2021-02-02 13:16:01.000000
466,160,1,2.6293,2021-02-03 09:18:02.000000
467,51,1,3.1762,2021-02-03 09:18:02.000000
468,126,10,7.0281,2021-02-03 09:18:02.000000
469,33,10,4.0718,2021-02-03 09:18:02.000000
470,132,100,3.4670,2021-02-03 09:18:02.000000
471,160,1,2.6404,2021-02-04 05:20:02.000000
472,51,1,3.1764,2021-02-04 05:20:02.000000
473,126,10,7.0698,2021-02-04 05:20:02.000000
474,33,10,4.0872,2021-02-04 05:20:02.000000
475,132,100,3.4694,2021-02-04 05:20:02.000000
476,160,1,2.6364,2021-02-05 01:48:35.000000
477,51,1,3.1639,2021-02-05 01:48:35.000000
478,126,10,7.0253,2021-02-05 01:48:35.000000
479,33,10,4.0797,2021-02-05 01:48:35.000000
480,132,100,3.4847,2021-02-05 01:48:35.000000
481,160,1,2.6282,2021-02-06 07:25:01.000000
482,51,1,3.1448,2021-02-06 07:25:01.000000
483,126,10,6.9977,2021-02-06 07:25:01.000000
484,33,10,4.0621,2021-02-06 07:25:01.000000
485,132,100,3.5023,2021-02-06 07:25:01.000000
486,51,1,3.1469,2021-02-09 05:30:05.000000
487,126,10,7.0088,2021-02-09 05:30:05.000000
488,33,10,4.0512,2021-02-09 05:30:05.000000
489,132,100,3.5196,2021-02-09 05:30:05.000000
490,160,1,2.5997,2021-02-10 02:15:28.000000
491,51,1,3.1422,2021-02-10 02:15:28.000000
492,126,10,7.0316,2021-02-10 02:15:28.000000
493,33,10,4.0407,2021-02-10 02:15:28.000000
494,132,100,3.5103,2021-02-10 02:15:28.000000
495,160,1,2.5783,2021-02-11 07:34:02.000000
496,51,1,3.1256,2021-02-11 07:34:02.000000
497,126,10,6.9729,2021-02-11 07:34:02.000000
498,33,10,4.0000,2021-02-11 07:34:02.000000
499,132,100,3.4912,2021-02-11 07:34:02.000000
500,160,1,2.5748,2021-02-12 03:36:01.000000
501,126,10,6.9364,2021-02-12 03:36:01.000000
502,33,10,3.9869,2021-02-12 03:36:01.000000
503,132,100,3.4929,2021-02-12 03:36:01.000000
504,160,1,2.5886,2021-02-13 09:39:01.000000
505,51,1,3.1355,2021-02-13 09:39:01.000000
506,126,10,6.9625,2021-02-13 09:39:01.000000
507,33,10,4.0082,2021-02-13 09:39:01.000000
508,132,100,3.4964,2021-02-13 09:39:01.000000
509,160,1,2.5805,2021-02-16 07:46:01.000000
510,51,1,3.1319,2021-02-16 07:46:01.000000
511,126,10,6.9826,2021-02-16 07:46:01.000000
512,33,10,3.9957,2021-02-16 07:46:01.000000
513,132,100,3.5200,2021-02-16 07:46:01.000000
514,160,1,2.5799,2021-02-17 03:48:01.000000
515,51,1,3.1310,2021-02-17 03:48:01.000000
516,126,10,6.9844,2021-02-17 03:48:01.000000
517,33,10,3.9948,2021-02-17 03:48:01.000000
518,132,100,3.5205,2021-02-17 03:48:01.000000
519,160,1,2.5902,2021-02-18 09:51:02.000000
520,51,1,3.1277,2021-02-18 09:51:02.000000
521,126,10,6.9449,2021-02-18 09:51:02.000000
522,33,10,4.0107,2021-02-18 09:51:02.000000
523,132,100,3.5148,2021-02-18 09:51:02.000000
524,160,1,2.5916,2021-02-19 05:53:01.000000
525,51,1,3.1233,2021-02-19 05:53:01.000000
526,126,10,6.9760,2021-02-19 05:53:01.000000
527,33,10,4.0074,2021-02-19 05:53:01.000000
528,132,100,3.5154,2021-02-19 05:53:01.000000
529,160,1,2.5917,2021-02-20 02:34:30.000000
530,51,1,3.1390,2021-02-20 02:34:30.000000
531,126,10,7.0036,2021-02-20 02:34:30.000000
532,33,10,4.0161,2021-02-20 02:34:30.000000
533,132,100,3.5062,2021-02-20 02:34:30.000000
534,160,1,2.5963,2021-02-23 00:02:03.000000
535,51,1,3.1482,2021-02-23 00:02:03.000000
536,126,10,6.9923,2021-02-23 00:02:03.000000
537,33,10,4.0165,2021-02-23 00:02:03.000000
538,132,100,3.4855,2021-02-23 00:02:03.000000
539,160,1,2.6006,2021-02-24 06:04:01.000000
540,51,1,3.1623,2021-02-24 06:04:01.000000
541,126,10,7.0055,2021-02-24 06:04:01.000000
542,33,10,4.0249,2021-02-24 06:04:01.000000
543,132,100,3.5054,2021-02-24 06:04:02.000000
544,160,1,2.6036,2021-02-25 02:47:19.000000
545,51,1,3.1684,2021-02-25 02:47:19.000000
546,126,10,7.0108,2021-02-25 02:47:19.000000
547,33,10,4.0390,2021-02-25 02:47:19.000000
548,132,100,3.5310,2021-02-25 02:47:19.000000
549,160,1,2.6020,2021-02-26 08:08:02.000000
550,51,1,3.1755,2021-02-26 08:08:02.000000
551,126,10,7.0444,2021-02-26 08:08:02.000000
552,33,10,4.0346,2021-02-26 08:08:02.000000
553,132,100,3.5411,2021-02-26 08:08:02.000000
554,160,1,2.6057,2021-02-27 04:10:04.000000
555,51,1,3.1662,2021-02-27 04:10:04.000000
556,126,10,6.9917,2021-02-27 04:10:04.000000
557,33,10,4.0311,2021-02-27 04:10:04.000000
558,132,100,3.5028,2021-02-27 04:10:04.000000
559,51,1,3.1407,2021-03-02 02:53:17.000000
560,126,10,6.9255,2021-03-02 02:53:17.000000
561,33,10,4.0261,2021-03-02 02:53:17.000000
562,132,100,3.5146,2021-03-02 02:53:17.000000
563,160,1,2.6234,2021-03-03 08:19:02.000000
564,51,1,3.1515,2021-03-03 08:19:02.000000
565,126,10,6.9422,2021-03-03 08:19:02.000000
566,33,10,4.0536,2021-03-03 08:19:02.000000
567,132,100,3.5161,2021-03-03 08:19:02.000000
568,160,1,2.6073,2021-03-04 04:21:02.000000
569,51,1,3.1529,2021-03-04 04:21:02.000000
570,126,10,6.9527,2021-03-04 04:21:02.000000
571,33,10,4.0336,2021-03-04 04:21:02.000000
572,132,100,3.5453,2021-03-04 04:21:02.000000
573,160,1,2.6080,2021-03-05 00:23:02.000000
574,51,1,3.1417,2021-03-05 00:23:02.000000
575,126,10,6.8913,2021-03-05 00:23:02.000000
576,33,10,4.0313,2021-03-05 00:23:02.000000
577,132,100,3.5339,2021-03-05 00:23:02.000000
578,160,1,2.6105,2021-03-07 16:35:48.000000
579,51,1,3.1197,2021-03-07 16:35:48.000000
580,126,10,6.8018,2021-03-07 16:35:48.000000
581,33,10,4.0262,2021-03-07 16:35:48.000000
582,132,100,3.5091,2021-03-07 16:35:48.000000
583,160,1,2.6085,2021-03-10 00:34:06.000000
584,51,1,3.0998,2021-03-10 00:34:06.000000
585,126,10,6.7752,2021-03-10 00:34:06.000000
586,33,10,4.0050,2021-03-10 00:34:06.000000
587,132,100,3.5166,2021-03-10 00:34:06.000000
588,160,1,2.6048,2021-03-11 06:37:01.000000
589,51,1,3.0957,2021-03-11 06:37:01.000000
590,126,10,6.7799,2021-03-11 06:37:01.000000
591,33,10,4.0026,2021-03-11 06:37:01.000000
592,132,100,3.5198,2021-03-11 06:37:01.000000
593,160,1,2.5932,2021-03-12 03:14:59.000000
594,51,1,3.0981,2021-03-12 03:14:59.000000
595,33,10,3.9959,2021-03-12 03:14:59.000000
596,132,100,3.5280,2021-03-12 03:14:59.000000
597,160,1,2.5933,2021-03-13 08:42:04.000000
598,51,1,3.0956,2021-03-13 08:42:04.000000
599,126,10,6.7328,2021-03-13 08:42:04.000000
600,33,10,3.9852,2021-03-13 08:42:04.000000
601,132,100,3.5259,2021-03-13 08:42:04.000000
602,51,1,3.0947,2021-03-16 06:47:01.000000
603,126,10,6.7523,2021-03-16 06:47:01.000000
604,33,10,3.9912,2021-03-16 06:47:01.000000
605,160,1,2.5918,2021-03-17 03:35:33.000000
606,51,1,3.0898,2021-03-17 03:35:33.000000
607,126,10,6.7292,2021-03-17 03:35:33.000000
608,33,10,3.9870,2021-03-17 03:35:33.000000
609,132,100,3.5540,2021-03-17 03:35:33.000000
610,160,1,2.5971,2021-03-18 08:52:03.000000
611,51,1,3.0896,2021-03-18 08:52:03.000000
612,126,10,6.7153,2021-03-18 08:52:03.000000
613,33,10,3.9942,2021-03-18 08:52:03.000000
614,132,100,3.5535,2021-03-18 08:52:03.000000
615,160,1,2.6002,2021-03-19 04:54:02.000000
616,51,1,3.1082,2021-03-19 04:54:02.000000
617,126,10,6.7174,2021-03-19 04:54:02.000000
618,33,10,3.9982,2021-03-19 04:54:02.000000
619,132,100,3.5309,2021-03-19 04:54:02.000000
620,51,1,3.0978,2021-03-20 00:56:03.000000
621,126,10,6.6816,2021-03-20 00:56:03.000000
622,33,10,3.9910,2021-03-20 00:56:04.000000
623,132,100,3.5066,2021-03-20 00:56:04.000000
624,160,1,2.6034,2021-03-23 09:04:05.000000
625,51,1,3.0955,2021-03-23 09:04:05.000000
626,126,10,6.7176,2021-03-23 09:04:05.000000
627,33,10,3.9990,2021-03-23 09:04:05.000000
628,160,1,2.6155,2021-03-24 05:05:04.000000
629,51,1,3.1157,2021-03-24 05:05:04.000000
630,126,10,6.7504,2021-03-24 05:05:04.000000
631,33,10,4.0157,2021-03-24 05:05:04.000000
632,132,100,3.4676,2021-03-24 05:05:04.000000
633,160,1,2.6272,2021-03-25 01:06:01.000000
634,126,10,6.7193,2021-03-25 01:06:01.000000
635,33,10,4.0295,2021-03-25 01:06:01.000000
636,132,100,3.4512,2021-03-25 01:06:01.000000
637,160,1,2.6279,2021-03-26 07:09:02.000000
638,51,1,3.1035,2021-03-26 07:09:02.000000
639,126,10,6.6939,2021-03-26 07:09:02.000000
640,33,10,4.0198,2021-03-26 07:09:02.000000
641,132,100,3.4525,2021-03-26 07:09:02.000000
642,51,1,3.0943,2021-03-27 04:04:48.000000
643,126,10,6.6824,2021-03-27 04:04:48.000000
644,33,10,4.0162,2021-03-27 04:04:48.000000
645,132,100,3.4650,2021-03-27 04:04:48.000000
646,51,1,3.0905,2021-03-30 01:18:01.000000
647,126,10,6.6337,2021-03-30 01:18:01.000000
648,33,10,3.9975,2021-03-30 01:18:01.000000
649,132,100,3.4588,2021-03-30 01:18:01.000000
650,160,1,2.6242,2021-03-31 07:20:03.000000
651,51,1,3.0809,2021-03-31 07:20:03.000000
652,126,10,6.6257,2021-03-31 07:20:03.000000
653,33,10,3.9968,2021-03-31 07:20:03.000000
654,132,100,3.4640,2021-03-31 07:20:03.000000
655,160,1,2.6231,2021-04-01 04:15:15.000000
656,51,1,3.0789,2021-04-01 04:15:15.000000
657,126,10,6.5974,2021-04-01 04:15:15.000000
658,160,1,2.6298,2021-04-02 09:25:02.000000
659,51,1,3.0863,2021-04-02 09:25:02.000000
660,126,10,6.6839,2021-04-02 09:25:02.000000
661,33,10,4.0002,2021-04-02 09:25:02.000000
662,132,100,3.4682,2021-04-02 09:25:02.000000
663,160,1,2.6388,2021-04-04 07:51:21.000000
664,51,1,3.1089,2021-04-04 07:51:21.000000
665,126,10,6.7558,2021-04-04 07:51:22.000000
666,33,10,4.0211,2021-04-04 07:51:22.000000
667,160,1,2.6552,2021-04-06 04:17:30.000000
668,51,1,3.1171,2021-04-06 04:17:30.000000
669,126,10,6.7821,2021-04-06 04:17:30.000000
670,33,10,4.0432,2021-04-06 04:17:30.000000
671,132,100,3.4675,2021-04-06 04:17:31.000000
672,160,1,2.6546,2021-04-07 09:35:02.000000
673,51,1,3.1353,2021-04-07 09:35:02.000000
674,33,10,4.0515,2021-04-07 09:35:02.000000
675,132,100,3.4746,2021-04-07 09:35:02.000000
676,160,1,2.6676,2021-04-08 05:37:01.000000
677,126,10,6.9262,2021-04-08 05:37:01.000000
678,33,10,4.0766,2021-04-08 05:37:01.000000
679,132,100,3.4348,2021-04-08 05:37:01.000000
680,160,1,2.6621,2021-04-09 01:39:03.000000
681,51,1,3.1635,2021-04-09 01:39:03.000000
682,126,10,6.9371,2021-04-09 01:39:03.000000
683,33,10,4.0643,2021-04-09 01:39:03.000000
684,132,100,3.4535,2021-04-09 01:39:03.000000
685,160,1,2.6411,2021-04-10 07:42:01.000000
686,51,1,3.1436,2021-04-10 07:42:01.000000
687,126,10,6.9168,2021-04-10 07:42:01.000000
688,33,10,4.0278,2021-04-10 07:42:01.000000
689,132,100,3.4298,2021-04-10 07:42:01.000000
690,160,1,2.6431,2021-04-13 05:49:02.000000
691,51,1,3.1430,2021-04-13 05:49:02.000000
692,126,10,6.9436,2021-04-13 05:49:02.000000
693,33,10,4.0373,2021-04-13 05:49:02.000000
694,160,1,2.6398,2021-04-14 09:43:03.000000
695,51,1,3.1403,2021-04-14 09:43:03.000000
696,126,10,6.8819,2021-04-14 09:43:03.000000
697,33,10,4.0312,2021-04-14 09:43:03.000000
698,132,100,3.4181,2021-04-14 09:43:03.000000
699,160,1,2.6145,2021-04-15 05:45:01.000000
700,126,10,6.8568,2021-04-15 05:45:01.000000
701,33,10,4.0029,2021-04-15 05:45:01.000000
702,132,100,3.4537,2021-04-15 05:45:01.000000
703,160,1,2.6121,2021-04-16 01:47:02.000000
704,51,1,3.1260,2021-04-16 01:47:02.000000
705,126,10,6.8683,2021-04-16 01:47:02.000000
706,33,10,4.0035,2021-04-16 01:47:02.000000
707,132,100,3.4019,2021-04-16 01:47:02.000000
708,160,1,2.5965,2021-04-17 07:50:01.000000
709,126,10,6.8401,2021-04-17 07:50:01.000000
710,33,10,3.9812,2021-04-17 07:50:01.000000
711,132,100,3.4363,2021-04-17 07:50:01.000000
712,160,1,2.5960,2021-04-20 05:58:01.000000
713,51,1,3.1140,2021-04-20 05:58:01.000000
714,126,10,6.8707,2021-04-20 05:58:01.000000
715,33,10,3.9885,2021-04-20 05:58:01.000000
716,132,100,3.4055,2021-04-20 05:58:01.000000
717,160,1,2.5864,2021-04-21 02:00:02.000000
718,51,1,3.1186,2021-04-21 02:00:02.000000
719,126,10,6.8457,2021-04-21 02:00:02.000000
720,33,10,3.9807,2021-04-21 02:00:02.000000
721,132,100,3.4027,2021-04-21 02:00:02.000000
722,160,1,2.5980,2021-04-22 11:57:15.000000
723,51,1,3.1209,2021-04-22 11:57:15.000000
724,126,10,6.8495,2021-04-22 11:57:15.000000
725,33,10,3.9976,2021-04-22 11:57:15.000000
726,132,100,3.3814,2021-04-22 11:57:15.000000
727,160,1,2.5947,2021-04-23 04:48:30.000000
728,51,1,3.1253,2021-04-23 04:48:30.000000
729,126,10,6.8567,2021-04-23 04:48:30.000000
730,33,10,3.9974,2021-04-23 04:48:30.000000
731,132,100,3.3951,2021-04-23 04:48:30.000000
732,160,1,2.5687,2021-04-24 00:36:02.000000
733,33,10,3.9556,2021-04-24 00:36:02.000000
734,160,1,2.5309,2021-05-13 00:08:56.000000
735,51,1,3.0705,2021-05-13 00:08:56.000000
736,33,10,3.9294,2021-05-13 00:08:56.000000
737,160,1,2.5327,2021-05-14 20:07:19.000000
738,51,1,3.0619,2021-05-14 20:07:19.000000
739,33,10,3.9229,2021-05-14 20:07:19.000000
740,160,1,2.5256,2021-05-15 00:37:58.000000
741,51,1,3.0596,2021-05-15 00:37:58.000000
742,33,10,3.9236,2021-05-15 00:37:58.000000
743,160,1,2.5215,2021-05-16 10:06:07.000000
744,51,1,3.0606,2021-05-16 10:06:07.000000
745,33,10,3.9171,2021-05-16 10:06:07.000000
746,160,1,2.5180,2021-05-18 06:13:09.000000
747,51,1,3.0592,2021-05-18 06:13:09.000000
748,33,10,3.9102,2021-05-18 06:13:09.000000
749,160,1,2.5161,2021-05-19 01:30:06.000000
750,51,1,3.0695,2021-05-19 01:30:06.000000
751,33,10,3.9160,2021-05-19 01:30:06.000000
752,51,1,3.0758,2021-05-20 07:33:03.000000
753,33,10,3.9077,2021-05-20 07:33:03.000000
754,160,1,2.5132,2021-05-21 03:35:03.000000
755,51,1,3.0650,2021-05-21 03:35:03.000000
756,160,1,2.5080,2021-05-22 09:38:01.000000
757,51,1,3.0636,2021-05-22 09:38:01.000000
758,33,10,3.9000,2021-05-22 09:38:01.000000
759,160,1,2.5092,2021-05-25 07:45:01.000000
760,51,1,3.0611,2021-05-25 07:45:01.000000
761,33,10,3.9031,2021-05-25 07:45:01.000000
762,160,1,2.5039,2021-05-26 03:46:03.000000
763,51,1,3.0685,2021-05-26 03:46:03.000000
764,33,10,3.9096,2021-05-26 03:46:03.000000
765,160,1,2.5062,2021-05-27 09:49:03.000000
766,51,1,3.0687,2021-05-27 09:49:03.000000
767,33,10,3.9201,2021-05-27 09:49:03.000000
768,160,1,2.5235,2021-05-28 05:51:02.000000
769,51,1,3.0777,2021-05-28 05:51:02.000000
770,33,10,3.9568,2021-05-28 05:51:02.000000
771,160,1,2.5329,2021-05-29 01:53:02.000000
772,51,1,3.0870,2021-05-29 01:53:02.000000
773,33,10,3.9786,2021-05-29 01:53:02.000000
774,160,1,2.5328,2021-06-01 00:00:01.000000
775,51,1,3.0884,2021-06-01 00:00:01.000000
776,160,1,2.5312,2021-06-02 06:03:01.000000
777,51,1,3.0944,2021-06-02 06:03:01.000000
778,33,10,3.9674,2021-06-02 06:03:01.000000
779,160,1,2.5383,2021-06-03 02:05:07.000000
780,51,1,3.0950,2021-06-03 02:05:07.000000
781,33,10,3.9760,2021-06-03 02:05:07.000000
782,160,1,2.5374,2021-06-04 08:08:02.000000
783,51,1,3.0927,2021-06-04 08:08:02.000000
784,33,10,3.9704,2021-06-04 08:08:02.000000
785,160,1,2.5388,2021-06-05 04:10:03.000000
786,51,1,3.0760,2021-06-05 04:10:03.000000
787,33,10,3.9605,2021-06-05 04:10:03.000000
788,160,1,2.5282,2021-06-08 02:16:06.000000
789,51,1,3.0741,2021-06-08 02:16:06.000000
790,33,10,3.9523,2021-06-08 02:16:06.000000
791,160,1,2.5222,2021-06-09 08:19:04.000000
792,51,1,3.0697,2021-06-09 08:19:04.000000
793,33,10,3.9422,2021-06-09 08:19:04.000000
794,160,1,2.5007,2021-06-10 04:21:03.000000
795,51,1,3.0465,2021-06-10 04:21:03.000000
796,33,10,3.9151,2021-06-10 04:21:03.000000
797,160,1,2.4976,2021-06-11 00:22:02.000000
798,51,1,3.0383,2021-06-11 00:22:02.000000
799,33,10,3.9078,2021-06-11 00:22:02.000000
800,160,1,2.4810,2021-06-12 06:25:02.000000
801,51,1,3.0232,2021-06-12 06:25:02.000000
802,33,10,3.8821,2021-06-12 06:25:02.000000
803,160,1,2.4892,2021-06-15 04:31:02.000000
804,51,1,3.0149,2021-06-15 04:31:02.000000
805,33,10,3.8902,2021-06-15 04:31:02.000000
806,160,1,2.4866,2021-06-16 00:33:02.000000
807,51,1,3.0173,2021-06-16 00:33:02.000000
808,33,10,3.8853,2021-06-16 00:33:02.000000
809,160,1,2.4954,2021-06-17 06:36:02.000000
810,51,1,3.0262,2021-06-17 06:36:02.000000
811,33,10,3.8999,2021-06-17 06:36:02.000000
812,160,1,2.5207,2021-06-18 02:38:05.000000
813,51,1,3.0125,2021-06-18 02:38:05.000000
814,33,10,3.9185,2021-06-18 02:38:05.000000
815,160,1,2.5153,2021-06-19 08:41:03.000000
816,51,1,2.9964,2021-06-19 08:41:03.000000
817,33,10,3.9080,2021-06-19 08:41:03.000000
818,51,1,3.0068,2021-06-22 06:47:02.000000
819,33,10,3.9148,2021-06-22 06:47:02.000000
820,160,1,2.5368,2021-06-23 02:49:02.000000
821,51,1,3.0185,2021-06-23 02:49:02.000000
822,33,10,3.9170,2021-06-23 02:49:02.000000
823,160,1,2.5362,2021-06-24 08:51:04.000000
824,51,1,3.0260,2021-06-24 08:51:04.000000
825,33,10,3.9157,2021-06-24 08:51:04.000000
826,160,1,2.5335,2021-06-25 04:53:04.000000
827,51,1,3.0246,2021-06-25 04:53:04.000000
828,33,10,3.9165,2021-06-25 04:53:04.000000
829,160,1,2.5295,2021-06-26 00:55:01.000000
830,51,1,3.0210,2021-06-26 00:55:01.000000
831,33,10,3.9203,2021-06-26 00:55:01.000000
832,160,1,2.5260,2021-06-29 09:03:01.000000
833,51,1,3.0142,2021-06-29 09:03:01.000000
834,33,10,3.9126,2021-06-29 09:03:01.000000
835,33,10,3.9193,2021-06-30 05:05:02.000000
836,160,1,2.5324,2021-07-01 01:07:01.000000
837,51,1,3.0116,2021-07-01 01:07:01.000000
838,33,10,3.9213,2021-07-01 01:07:01.000000
839,51,1,3.0002,2021-07-02 07:22:58.000000
840,33,10,3.9163,2021-07-02 07:22:58.000000
841,160,1,2.5426,2021-07-03 03:11:05.000000
842,51,1,3.0073,2021-07-03 03:11:05.000000
843,33,10,3.9230,2021-07-03 03:11:05.000000
844,160,1,2.5358,2021-07-06 01:18:05.000000
845,51,1,3.0105,2021-07-06 01:18:05.000000
846,33,10,3.9247,2021-07-06 01:18:05.000000
847,160,1,2.5340,2021-07-07 07:32:04.000000
848,51,1,3.0035,2021-07-07 07:32:04.000000
849,33,10,3.9190,2021-07-07 07:32:04.000000
850,160,1,2.5552,2021-07-08 03:23:01.000000
851,51,1,3.0223,2021-07-08 03:23:01.000000
852,33,10,3.9532,2021-07-08 03:23:01.000000
853,160,1,2.5921,2021-07-09 09:26:03.000000
854,51,1,3.0649,2021-07-09 09:26:03.000000
855,33,10,3.9991,2021-07-09 09:26:03.000000
856,160,1,2.5743,2021-07-10 05:28:05.000000
857,51,1,3.0502,2021-07-10 05:28:05.000000
858,33,10,3.9680,2021-07-10 05:28:05.000000
859,160,1,2.5704,2021-07-13 03:35:05.000000
860,33,10,3.9699,2021-07-13 03:35:05.000000
861,160,1,2.5663,2021-07-14 09:38:02.000000
862,51,1,3.0422,2021-07-14 09:38:02.000000
863,160,1,2.5613,2021-07-15 05:40:06.000000
864,51,1,3.0212,2021-07-15 05:40:06.000000
865,33,10,3.9591,2021-07-15 05:40:06.000000
866,160,1,2.5442,2021-07-16 01:42:03.000000
867,51,1,3.0112,2021-07-16 01:42:03.000000
868,33,10,3.9396,2021-07-16 01:42:03.000000
869,160,1,2.5338,2021-07-17 07:45:05.000000
870,51,1,2.9919,2021-07-17 07:45:05.000000
871,33,10,3.9183,2021-07-17 07:45:05.000000
872,160,1,2.5359,2021-07-20 05:51:06.000000
873,51,1,2.9875,2021-07-20 05:51:06.000000
874,160,1,2.5348,2021-07-21 01:53:02.000000
875,51,1,2.9873,2021-07-21 01:53:02.000000
876,33,10,3.9125,2021-07-21 01:53:02.000000
877,51,1,2.9794,2021-07-22 07:56:01.000000
878,33,10,3.9137,2021-07-22 07:56:01.000000
879,160,1,2.5148,2021-07-23 03:58:03.000000
880,51,1,2.9662,2021-07-23 03:58:03.000000
881,33,10,3.8888,2021-07-23 03:58:03.000000
882,160,1,2.5136,2021-07-24 10:01:03.000000
883,51,1,2.9597,2021-07-24 10:01:03.000000
884,33,10,3.8824,2021-07-24 10:01:03.000000
885,160,1,2.5196,2021-07-27 08:08:04.000000
886,51,1,2.9703,2021-07-27 08:08:04.000000
887,33,10,3.8871,2021-07-27 08:08:04.000000
888,160,1,2.5224,2021-07-28 04:10:05.000000
889,51,1,2.9721,2021-07-28 04:10:05.000000
890,33,10,3.8800,2021-07-28 04:10:05.000000
891,160,1,2.5216,2021-07-29 00:12:03.000000
892,51,1,2.9776,2021-07-29 00:12:03.000000
893,33,10,3.8807,2021-07-29 00:12:03.000000
894,160,1,2.5105,2021-07-30 06:15:03.000000
895,51,1,2.9797,2021-07-30 06:15:03.000000
896,33,10,3.8867,2021-07-30 06:15:03.000000
897,160,1,2.4997,2021-07-31 02:17:07.000000
898,51,1,2.9741,2021-07-31 02:17:07.000000
899,33,10,3.8704,2021-07-31 02:17:07.000000
900,160,1,2.4968,2021-08-03 00:24:04.000000
901,51,1,2.9665,2021-08-03 00:24:04.000000
902,33,10,3.8647,2021-08-03 00:24:04.000000
903,160,1,2.5038,2021-08-04 06:27:04.000000
904,51,1,2.9744,2021-08-04 06:27:04.000000
905,33,10,3.8732,2021-08-04 06:27:04.000000
906,160,1,2.5158,2021-08-05 02:29:03.000000
907,51,1,2.9835,2021-08-05 02:29:03.000000
908,33,10,3.8933,2021-08-05 02:29:03.000000
909,160,1,2.5248,2021-08-06 08:32:01.000000
910,51,1,2.9886,2021-08-06 08:32:01.000000
911,33,10,3.9071,2021-08-06 08:32:01.000000
912,160,1,2.5140,2021-08-07 04:34:06.000000
913,51,1,2.9735,2021-08-07 04:34:06.000000
914,33,10,3.8870,2021-08-07 04:34:06.000000
915,160,1,2.5118,2021-08-13 19:47:29.000000
916,51,1,2.9510,2021-08-13 19:47:29.000000
917,33,10,3.8788,2021-08-13 19:47:29.000000
918,160,1,2.5025,2021-08-14 05:42:04.000000
919,51,1,2.9345,2021-08-14 05:42:04.000000
920,33,10,3.8609,2021-08-14 05:42:04.000000
921,160,1,2.4958,2021-08-17 03:49:02.000000
922,51,1,2.9392,2021-08-17 03:49:02.000000
923,33,10,3.8546,2021-08-17 03:49:02.000000
924,160,1,2.5191,2021-08-20 11:37:17.000000
925,51,1,2.9440,2021-08-20 11:37:17.000000
926,33,10,3.8808,2021-08-20 11:37:17.000000
927,160,1,2.5065,2021-08-25 17:36:12.000000
928,51,1,2.9413,2021-08-25 17:36:12.000000
929,33,10,3.8684,2021-08-25 17:36:12.000000
930,160,1,2.5058,2021-08-26 08:11:03.000000
931,51,1,2.9432,2021-08-26 08:11:03.000000
932,33,10,3.8695,2021-08-26 08:11:03.000000
933,160,1,2.5137,2021-08-27 04:12:03.000000
934,51,1,2.9593,2021-08-27 04:12:03.000000
935,33,10,3.8773,2021-08-27 04:12:03.000000
936,160,1,2.5175,2021-08-28 00:14:03.000000
937,51,1,2.9591,2021-08-28 00:14:03.000000
938,33,10,3.8863,2021-08-28 00:14:03.000000
939,160,1,2.5069,2021-08-31 08:21:03.000000
940,51,1,2.9587,2021-08-31 08:21:03.000000
941,33,10,3.8756,2021-08-31 08:21:03.000000
942,160,1,2.5041,2021-09-01 04:23:03.000000
943,51,1,2.9613,2021-09-01 04:23:03.000000
944,33,10,3.8751,2021-09-01 04:23:03.000000
945,160,1,2.5104,2021-09-02 00:25:02.000000
946,33,10,3.8819,2021-09-02 00:25:02.000000
947,51,1,2.9792,2021-09-03 06:28:02.000000
948,33,10,3.8931,2021-09-03 06:28:02.000000
949,160,1,2.5123,2021-09-04 02:30:04.000000
950,51,1,2.9823,2021-09-04 02:30:04.000000
951,33,10,3.8948,2021-09-04 02:30:04.000000
952,160,1,2.5156,2021-09-07 00:37:05.000000
953,51,1,2.9827,2021-09-07 00:37:05.000000
954,33,10,3.8959,2021-09-07 00:37:05.000000
955,160,1,2.5179,2021-09-08 06:39:02.000000
956,51,1,2.9894,2021-09-08 06:39:02.000000
957,33,10,3.8956,2021-09-08 06:39:02.000000
958,160,1,2.5194,2021-09-09 02:41:04.000000
959,51,1,2.9820,2021-09-09 02:41:04.000000
960,33,10,3.9007,2021-09-09 02:41:04.000000
961,51,1,2.9688,2021-09-10 08:43:02.000000
962,160,1,2.4999,2021-09-11 04:45:02.000000
963,51,1,2.9604,2021-09-11 04:45:02.000000
964,33,10,3.8825,2021-09-11 04:45:02.000000
965,160,1,2.5047,2021-09-14 02:52:01.000000
966,51,1,2.9527,2021-09-14 02:52:01.000000
967,33,10,3.8804,2021-09-14 02:52:01.000000
968,160,1,2.4924,2021-09-16 11:02:23.000000
969,51,1,2.9464,2021-09-16 11:02:23.000000
970,33,10,3.8744,2021-09-16 11:02:23.000000
971,160,1,2.5002,2021-09-27 16:46:19.000000
972,51,1,2.9340,2021-09-27 16:46:19.000000
973,33,10,3.8681,2021-09-27 16:46:19.000000
974,160,1,2.4940,2021-09-28 02:33:04.000000
975,51,1,2.9175,2021-09-28 02:33:04.000000
976,33,10,3.8591,2021-09-28 02:33:04.000000
977,160,1,2.5000,2021-09-29 08:36:02.000000
978,51,1,2.9206,2021-09-29 08:36:02.000000
979,33,10,3.8705,2021-09-29 08:36:02.000000
980,160,1,2.4381,2021-10-21 01:41:33.243435
981,51,1,2.8348,2021-10-21 01:41:33.251401
982,33,10,3.8122,2021-10-21 01:41:33.256202
983,160,1,2.4362,2021-10-22 07:46:04.624684
984,51,1,2.8343,2021-10-22 07:46:04.628877
985,33,10,3.8086,2021-10-22 07:46:04.632919
986,160,1,2.4299,2021-10-23 03:47:03.971798
987,51,1,2.8268,2021-10-23 03:47:03.976791
988,33,10,3.8037,2021-10-23 03:47:03.980783
