id,GoodID,StockID,VendorCode
92,1,7,1245678
93,1,10,5997049
309500,1,12,108393
79,4,7,0338581
309499,4,12,98460
94,6,7,1229426
95,6,10,5973692
309498,6,12,115253
309497,8,12,110010
501113,8,5,0000210405
361814,8,7,1554885
281593,9,10,5913630
339589,9,23,X509JA-BQ084
344059,9,12,108774
344060,9,7,1238497
361659,9,25,X509JA-BQ084
2254,11,7,1355497
2255,11,10,5978296
361602,11,12,109383
2132,13,7,1234607
2133,13,10,5973863
310221,13,12,107510
458368,13,12,108851
2159,15,7,1275757
2160,15,10,5956497
310229,15,23,FA506II-AL114
327559,15,12,109056
103,16,7,0137547
104,16,10,497371
309515,16,12,107462
2214,17,7,0928459
2215,17,10,5788877
303717,17,10,6294042
332905,17,23,FX505DT-BQ078
361619,17,12,104451
98,18,10,954913
296456,18,7,0298389
361431,19,7,0870271
361432,19,10,5784827
526901,19,23,MVVJ2
105,22,10,5973691
296457,22,7,1232925
361433,24,23,FA506IU-HN200
361434,24,10,5913776
488836,24,7,1236584
497406,24,12,107832
2271,26,7,0527505
2272,26,10,1126747
86,27,7,0798423
87,27,10,5740336
2672,28,7,1355342
2182,30,7,1250793
327556,30,12,109233
124,35,7,0338733
125,35,10,938971
325850,35,12,98467
122,37,7,0291239
123,37,10,803967
309509,37,12,107463
102,39,10,5662217
309505,39,12,101625
101,39,7,0674021
84,41,7,0544731
85,41,10,1166089
309503,41,25,SM-T295NZKASER
325705,41,12,104792
361820,41,23,SM-T295NZKASER
82,43,7,1117053
83,43,10,5895324
325697,43,12,106094
111,45,7,1529592
2241,50,7,1240971
2242,50,10,5913778
310234,50,12,109021
132,51,7,1252010
133,51,10,5980113
361840,51,23,SM-P610NZAASER
2167,52,7,1355503
2168,52,10,6030325
332899,52,12,110094
332900,52,10,6246526
119,53,7,1095114
120,53,10,5860348
622016,53,12,111522
130,55,7,0773117
343586,57,7,1434748
303656,57,10,6038612
2236,61,7,1238496
2237,61,10,5913660
310262,61,12,108775
310263,61,23,90NB0PB3-M01960
139,62,7,0798425
140,62,10,5740330
2230,65,7,1267003
2231,65,10,6139048
310230,65,12,107517
2258,68,10,6293063
88,71,7,1430424
89,71,10,6038616
309506,71,12,110009
492888,71,5,0000210404
336815,74,12,108932
339587,74,7,1280670
342847,74,25,S533FL-BQ086
80,77,7,1118562
81,77,10,5900269
309496,77,12,106113
346649,77,5,3796141
281594,78,10,5956463
337004,78,12,108777
342850,78,25,X509JA-EJ022
344076,78,7,1355526
158,81,7,0785743
159,81,10,5657565
515920,81,12,111991
281645,89,7,1188080
2449,92,10,1058081
344041,94,25,D509DJ-BQ068
344042,94,12,111307
346819,94,7,1238492
117,98,7,1265120
118,98,10,5953814
309512,98,12,110610
589388,99,10,5784844
145,100,7,1231834
146,100,10,5980103
361873,100,23,SM-P615NZAASER
518706,102,7,1572825
150,104,7,0338589
151,104,10,938974
156,106,7,1265132
157,106,10,5953826
309524,106,12,115290
331013,108,10,955164
343587,108,7,0298409
3133,109,7,1354582
310435,109,23,81WB0027RE
127,110,7,1276435
143,112,7,0581990
144,112,10,1161338
361968,112,25,SM-T295NZSASER
589330,112,23,SM-T295NZSASER
126,115,10,5957834
309516,115,12,110612
2858,118,7,1283884
303719,125,10,6011308
341954,125,7,1250789
346815,125,12,113157
152,126,7,0381391
153,126,10,938996
2139,127,7,0976125
2140,127,10,5781389
344028,127,12,105695
362321,127,23,D509DA-EJ075
164,131,7,0171929
458309,131,23,SM-T595NZKASER
165,131,10,701258
2741,132,7,1263061
2742,132,10,6050023
2515,139,7,0928193
2516,139,10,5815709
327562,139,12,104617
2268,145,7,1355500
2269,145,10,5913798
327558,145,12,109602
147,146,10,5740339
296461,146,7,0798422
362396,149,12,111441
362397,149,10,6126120
174,154,7,0813717
175,154,10,5740337
2862,159,7,1069195
310293,159,23,81W8007XRE
362167,159,10,5886598
362168,159,12,107258
2121,161,7,1355505
2122,161,10,6030317
361562,163,10,5956474
361563,163,12,108726
535156,163,7,1236583
584790,163,12,108726
96,164,10,5657564
361835,164,7,0582007
361836,164,12,115841
532740,164,25,SM-T290NZKASER
515919,166,7,0137531
361872,170,10,5980750
309526,177,25,SM-T825NZKASER
121,179,7,1244343
516877,179,10,5996117
325849,179,12,108206
131,181,7,1115080
341792,181,12,105982
361588,184,10,6587933
481332,184,7,1355502
110,190,7,1231835
361817,190,10,5980105
604075,190,12,108950
187,194,7,0298391
188,194,10,954916
296594,195,7,1234621
2199,197,7,0732934
2200,197,10,6246944
179,200,7,1266384
185,201,7,1252022
186,201,10,5983043
166,203,7,1174470
167,203,10,5944027
309518,203,25,PMT4991_4G_D
2154,208,7,1240973
2155,208,10,5876902
2263,210,7,1135056
310310,210,23,81LW0067RE
362273,210,10,5905949
362274,210,12,106502
388587,214,12,108773
510458,214,7,1355544
203,220,7,1250808
204,220,10,5960694
241,222,7,0869233
189,235,7,1252019
190,235,10,5995098
309522,244,25,SM-T835NZKASER
226,247,7,1250809
227,247,10,5973693
2721,255,7,0849652
310350,255,23,7QL94ES
362161,255,12,107446
362162,255,10,5740495
281649,258,7,1117112
2521,263,7,1354590
2777,269,7,0928196
207,270,7,1266146
208,270,10,5995106
534051,270,23,SM-P615NZAESER
346652,272,7,1231832
362022,272,23,SM-P610NZIASER
362023,272,10,5980115
211,274,7,1277123
212,274,10,5973694
237,278,7,0798420
238,278,10,5740307
361557,281,12,109336
361559,281,10,6021303
200,286,7,0542446
201,286,10,938976
296459,286,7,0359780
217,291,7,1245709
361946,291,23,SM-P615NZIASER
361947,291,10,5980107
281647,295,7,1265121
2680,299,7,0527509
2681,299,10,1126752
458375,301,10,6587932
484262,301,7,0928460
2429,309,7,1250794
2430,309,10,6009927
361753,309,12,110014
388590,319,25,D509DA-EJ329
205,324,7,1252020
206,324,10,5995112
361997,324,23,SM-P615NZIESER
507346,324,10,5995103
181,328,7,1265133
182,328,10,5957842
362014,330,10,5793884
362015,330,7,1204265
199,332,10,5860340
361847,333,10,5784834
361848,333,7,0870270
499857,333,12,105119
233,336,10,1025269
362031,336,7,1578767
2632,339,7,1272291
310377,339,23,81WB0076RE
2788,344,7,1245719
362319,344,12,108629
362320,344,23,81NB00E8RE
232,345,7,1404916
362062,345,23,SM-P610NZIESER
2907,348,7,1099745
219,357,7,0869304
2543,362,7,1283675
2544,362,10,6043794
310266,362,12,109727
310267,362,23,NX.HPMEU.00B
309519,378,12,104961
336816,383,7,1174454
2327,385,7,1232675
2328,385,10,5973883
310248,385,12,107514
240,388,7,0315942
2682,389,7,0527498
2683,389,10,1126628
388604,397,10,6009928
388605,397,7,1250791
2368,399,7,1231680
2369,399,10,5973871
310245,399,12,107513
172,400,7,1231833
173,400,10,5980111
362001,400,23,SM-P610NZBASER
343590,402,12,115254
362090,432,10,588672
2307,434,7,1234608
2308,434,10,5973867
332907,434,12,107511
2535,438,7,1007496
2536,438,10,5854725
310306,438,12,108426
2719,440,7,0975323
2720,440,10,5841160
310337,440,12,105075
160,454,7,0798421
161,454,10,5740304
2507,463,7,1355529
2414,465,7,1283673
2415,465,10,6043781
310253,465,12,109722
2677,474,7,1272349
310322,474,12,109331
3229,477,7,0974550
310365,477,23,7QK36ES
2373,490,7,1355535
2374,490,10,5913788
310290,490,23,90NB0MP1-M10330
2547,492,7,1238477
2548,492,10,5913695
344058,492,12,108019
362057,505,10,5885437
362058,505,7,1126081
362074,507,7,0371924
362063,526,7,0292941
362064,526,10,712114
310238,557,12,104168
2854,566,7,1354583
332924,566,23,81WE0054RE
361688,566,12,109840
361689,566,10,6037447
224,567,7,1252021
225,567,10,5995108
362079,567,23,SM-P610NZBESER
361660,572,12,117627
493483,572,7,1625821
361661,572,10,6418148
2522,581,7,1250795
388558,581,12,110016
362163,597,10,712091
362164,597,7,0371903
309530,601,25,SM-T835NZAASER
362107,604,10,632212
362108,604,12,96934
2463,626,7,1472064
310285,626,23,9TX20EA
362039,646,10,97856
362040,646,12,90217
362141,660,7,0137033
362142,660,10,425949
3130,661,7,1354589
3131,661,10,6034724
310392,661,23,NH.Q87EU.005
296592,666,7,1263079
2817,674,7,1069194
2818,674,10,5954979
362049,674,12,112786
2833,676,7,1245712
2834,676,10,5938337
339591,676,23,81VW00E3RE
346829,676,12,108630
362104,685,7,1126083
362105,685,10,5810855
242,700,7,0227734
362092,714,10,712096
362093,714,7,0613949
2394,719,7,1245718
303729,731,10,5796374
339657,731,12,104884
344123,731,7,0876165
234,742,7,0860455
621777,753,7,1434745
362021,763,12,96370
362126,768,10,751643
362127,768,7,0338897
362017,770,10,712110
362018,770,7,0305231
246,772,7,0171928
247,772,10,701266
362032,772,23,SM-T595NZAASER
362147,776,10,632202
362148,776,7,0781196
362099,778,12,96936
362100,778,7,0226772
362101,778,10,632217
362041,779,10,632216
362042,779,7,0338910
2389,798,7,1404431
2390,798,10,6088355
327568,798,12,110980
3080,805,7,1352210
310361,805,23,82C7000YRU
361679,805,12,109892
361680,805,10,6050669
362050,809,7,1126394
362051,809,10,5810859
362120,813,7,1566121
362055,824,7,1126082
362056,824,10,5885438
362125,834,7,1612696
3092,843,7,1382573
3093,843,10,6100627
2668,849,7,1409116
327570,849,12,110828
243,870,7,0215707
244,870,10,632213
362135,887,7,0613947
362136,887,10,712093
2172,892,7,1355504
2173,892,10,6030313
310227,892,12,112307
2775,902,7,1283674
2776,902,10,6043797
310329,902,12,109726
239,905,7,0137032
362146,905,10,425951
534231,907,7,0338918
362106,907,10,625504
362149,932,7,0338730
362150,932,10,632199
3315,937,7,0785527
3316,937,10,1099046
3280,939,7,0537607
332943,939,23,7JU09EA
534230,946,7,0338919
587809,946,10,625506
3235,949,10,666730
3085,968,7,1283845
2152,970,7,1232199
362153,973,10,751644
362159,979,10,784489
362160,979,7,0338731
362033,981,7,0304529
362034,981,10,712105
362077,984,10,625500
534232,984,7,0338921
362094,986,10,625509
362095,986,7,0338924
362085,990,10,632220
2281,995,7,0975951
3059,1010,7,0885116
310393,1010,23,81DE02R6RU
2993,1024,7,0520960
2855,1056,7,1355376
2710,1058,7,1267084
2711,1058,10,6128407
343062,1071,10,6011305
344074,1071,7,1250790
2819,1081,7,1263050
2820,1081,10,5973886
310366,1081,12,109717
361580,1081,12,109717
2441,1086,7,1268731
2442,1086,10,5938494
310288,1086,23,81NB0096RK
2726,1100,7,0994140
490956,1100,10,5854394
493469,1100,12,105307
2728,1109,7,0849651
310379,1109,23,7QL90ES
361914,1109,10,5740496
361915,1109,12,107445
281648,1116,7,0921143
362352,1145,18,72474
362353,1145,12,109989
362354,1145,10,6066579
534734,1145,7,1352211
598723,1145,23,82C70010RU
310483,1151,23,90NB0P71-M02260
361707,1151,12,109837
518758,1151,7,1355554
3200,1151,10,5956422
2761,1168,7,1267004
2762,1168,10,6139056
2505,1170,7,1267002
2506,1170,10,6139051
332916,1170,12,107518
310247,1180,12,107821
2553,1185,7,1232676
2554,1185,10,5973885
310394,1185,12,107515
362137,1201,10,712111
362138,1201,7,0296626
520459,1201,12,94611
341958,1230,10,5784851
499879,1230,7,0870268
501367,1230,23,MVVM2
362154,1235,7,0870883
362155,1235,10,1123405
362204,1274,10,6126115
362205,1274,12,117626
493526,1274,7,1403676
2813,1276,7,1276494
2814,1276,10,6026578
332935,1276,12,109578
339601,1276,5,3808839
346841,1286,12,108727
346842,1286,7,1355498
2990,1303,7,1268730
310291,1303,23,81NB00E9RE
361853,1303,12,109207
361854,1303,10,5938507
362216,1341,10,6126122
362217,1341,12,120557
3113,1343,7,0532382
310436,1343,23,81HQ00R8RU
310340,1363,12,110335
362139,1374,12,119667
362140,1374,10,6050982
490974,1374,7,1267103
2674,1392,7,1247676
332940,1392,23,81WC003BRE
361554,1392,10,5980488
361555,1392,12,108730
3329,1404,7,1069687
3124,1412,7,1062903
3125,1412,10,5869058
310378,1412,12,105756
362222,1455,10,6417702
362223,1455,12,117631
2364,1472,7,0127970
3197,1476,7,1403641
3198,1476,10,6092844
310430,1476,12,110829
2812,1485,7,1280649
310284,1485,23,NX.H1YEU.026
388573,1487,23,20SL00FERU
388574,1487,7,1355359
388572,1487,10,6054099
362080,1492,7,1125952
362081,1492,10,5840802
210,1494,10,5847449
209,1494,7,1125950
2582,1507,7,1236596
310309,1507,23,F705MA-BX121
362391,1521,12,110375
362392,1521,10,5938033
535225,1521,7,1277202
3218,1524,7,1272348
2192,1532,7,1080219
2193,1532,10,5890092
310241,1532,25,PSB141C04CGP_DG_CIS
3055,1540,7,1064962
332938,1540,23,NX.HEDEU.057
362350,1540,12,105677
362351,1540,10,5878456
2397,1563,7,0928462
2448,1580,7,0768787
362143,1585,12,99251
362144,1585,10,712108
362145,1585,7,0371910
388582,1588,7,1459040
388588,1599,10,712103
388589,1599,7,0304517
2636,1600,7,0521313
2175,1607,7,1355501
2176,1607,10,6030308
310231,1607,12,112851
2806,1609,7,1515223
2626,1614,7,1355360
310339,1614,12,109984
3087,1630,7,1267219
2480,1633,10,6049973
362156,1642,10,632214
250,1666,7,0870885
251,1666,10,1123410
3263,1674,7,1354593
310317,1674,23,81WC004YRE
362157,1674,12,109889
362158,1674,10,5939522
2355,1687,7,1069688
2356,1687,10,5877771
332926,1687,12,105904
362011,1697,7,1125951
2533,1766,7,1382574
2534,1766,10,6100620
361518,1770,12,117406
362069,1771,7,0870884
2860,1790,7,1355315
310327,1790,23,81W2001SRE
3096,1813,10,5913652
3095,1813,7,1240975
327577,1813,12,110982
3317,1822,7,1236580
3212,1824,7,0974764
3213,1824,10,5997166
2497,1839,7,1123084
2498,1839,10,5900780
310287,1839,12,106760
3104,1841,7,1062915
2864,1877,7,0842032
2644,1900,7,0537594
310382,1900,23,6HL13EA
2696,1922,7,1506479
310358,1922,12,114502
310359,1922,23,NX.HN0EU.00N
2736,1924,7,1506218
2737,1924,10,6069757
332906,1924,12,114766
2706,1929,7,1382571
310363,1929,23,81RG001URU
362211,1929,10,6067335
362212,1929,12,109999
3264,1942,7,1355537
3265,1942,10,5978675
310482,1942,23,90NB0P61-M05630
361904,1942,12,111585
3325,1958,7,1277122
3326,1958,10,6026575
310491,1958,12,109584
332956,1958,5,3808841
515945,1958,5,0000209180
3038,1965,7,1267071
3039,1965,10,6050030
327573,1965,12,112432
361708,1983,12,117635
361709,1983,10,6418156
490963,1983,7,1625820
534944,2019,10,5909946
578183,2019,12,123949
591090,2019,7,1065743
2319,2100,7,0536404
310240,2100,23,81HN00NFRU
362422,2100,12,103802
362423,2100,10,5752207
2297,2120,7,1355546
2298,2120,10,5991340
310251,2120,12,111928
3194,2122,7,1440390
2733,2123,7,1506217
2734,2123,10,6069780
361981,2127,10,6399779
361980,2127,12,117650
3373,2144,7,1354585
3374,2144,10,6026561
332946,2144,5,3808844
332947,2144,12,109982
3214,2155,7,1275758
3215,2155,10,5913763
310348,2155,12,109589
2577,2161,7,1240974
2578,2161,10,5913710
310349,2161,12,109051
310336,2174,12,107667
3283,2175,7,1225093
3386,2176,7,0976185
3387,2176,10,5937867
2114,2178,7,0983959
332898,2178,23,8AC52ES
3385,2184,7,0976186
303727,2184,10,5898651
362206,2204,10,6417698
362207,2204,12,117634
2778,2245,7,0520964
2779,2245,10,1058075
3318,2274,7,1355551
310469,2274,12,109836
310470,2274,23,90NB0MW3-M06380
3319,2274,10,5956479
362047,2283,12,117628
362048,2283,10,6418160
493616,2283,7,1625827
2904,2310,7,1250796
2905,2310,10,6011359
310320,2310,12,109274
776,2320,7,0887964
777,2320,10,5669600
8560,2323,10,6144335
769,2331,7,0545075
770,2331,10,1132723
513791,2331,23,2XN60AA
281682,2335,7,0545078
281683,2335,10,1132679
15,2338,7,1128580
16,2338,10,5832119
333552,2339,12,100495
362548,2339,18,67548
470769,2339,10,1029740
794,2343,7,0821364
795,2343,10,5740408
333564,2343,25,27GL850-B
362559,2343,12,103969
362560,2343,18,70340
507908,2343,5,0000202098
786,2347,7,0027604
470771,2347,20,49592
510402,2347,5,0000180540
788,2347,10,666952
333561,2347,12,92390
343776,2347,25,24MK600M-B
785,2350,7,1416109
787,2350,10,6145686
333547,2350,12,113837
362561,2350,20,61190
362562,2350,23,BHR4269GL
493137,2350,5,0000211353
8607,2352,7,1263161
8608,2352,10,5965559
814,2354,7,0027641
296510,2354,10,464362
333565,2354,25,29UM69G-B
333566,2354,12,76053
339436,2354,20,43596
812,2358,7,0290666
534348,2358,18,66011
534349,2358,12,94295
534350,2358,25,G2590FX
604113,2358,23,G2590FX
813,2358,10,799388
8542,2361,10,5961696
858,2362,7,0590683
333578,2362,10,5920930
333579,2362,12,112631
333580,2362,25,C27RG50FQI
944,2366,7,0831062
945,2366,10,5756682
333592,2366,12,106763
362672,2366,18,70984
792,2370,7,0873579
793,2370,10,5794261
333562,2370,12,112632
582096,2370,20,60449
516629,2373,18,64292
518716,2373,7,0345264
819,2374,7,0026909
820,2374,10,803921
333570,2374,12,94298
362584,2374,25,C24G1
513786,2374,23,C24G1
808,2378,7,1246719
809,2378,10,689689
303672,2378,7,0262046
333558,2378,12,100810
799,2382,7,0027609
800,2382,10,479620
333549,2382,12,76418
333550,2382,25,24MP59G-P
362563,2382,18,52738
362564,2382,23,24MP59G-P
871,2386,7,0272526
362601,2386,10,803923
362602,2386,12,94299
362603,2386,18,66162
362604,2386,23,C27G1
510403,2386,5,0000207314
534354,2386,7,1708853
834,2392,7,0222835
835,2392,10,641375
333563,2392,12,107985
37,2393,7,1128579
38,2393,10,5832118
823,2396,7,0222851
824,2396,10,813809
333569,2396,12,96316
341851,2396,20,51989
362590,2396,23,24MK600M-W
333568,2396,25,24MK600M-W
3320,2398,7,0974529
815,2400,7,0549793
816,2400,10,1154990
342825,2400,12,100778
8539,2403,7,0308149
878,2404,7,0027998
879,2404,10,252721
333593,2404,12,114248
589339,2404,23,LU28E590DS/RU
843,2408,7,0027979
844,2408,10,431067
333598,2408,12,64235
362573,2408,18,41095
832,2412,7,1172891
833,2412,10,660402
11,2414,7,0532918
12,2414,10,6022454
925,2417,7,0026895
926,2417,10,810379
333604,2417,25,24V2Q
333605,2417,5,3696650
333606,2417,12,96194
362588,2417,18,67288
362589,2417,23,24V2Q
343570,2418,5,3631165
950,2421,7,0027210
951,2421,10,837261
310913,2421,20,47269
310914,2421,12,106051
339441,2421,7,0780629
362575,2421,23,GW2480
534344,2421,18,58276
70,2422,7,1276473
71,2422,10,6120066
333572,2425,12,91693
362568,2425,23,27MK600M-B
362569,2425,25,27MK600M-B
362570,2425,18,62606
493142,2425,20,51556
493143,2425,5,0000179868
296511,2425,10,683250
859,2425,7,0027622
849,2429,7,0027934
850,2429,10,372938
333559,2429,12,76189
589338,2429,23,LC24F390FHIXRU
10046,2431,10,5726547
853,2437,7,0332802
854,2437,10,1006756
362579,2437,18,67290
362580,2437,25,Q3279VWFD8
362581,2437,23,Q3279VWFD8
493182,2437,5,0000214990
339442,2437,12,98573
282030,2439,7,1263160
1125,2442,7,1128368
1126,2442,10,5877048
310936,2442,20,58363
25,2444,7,1062897
26,2444,10,5689558
33,2448,10,5997478
867,2451,7,0925018
868,2451,10,5877766
333584,2451,12,104613
333585,2451,25,29WL500-B
818,2455,10,1052719
333556,2455,25,27UL500-W
333557,2455,12,100043
362566,2455,23,27UL500-W
362567,2455,18,65588
501163,2455,20,55395
817,2455,7,0411942
909,2459,7,0028003
362587,2459,10,632273
1062,2467,7,0260130
1063,2467,10,896308
333626,2467,12,98569
518718,2467,5,0000207216
862,2470,7,0545087
863,2470,10,1132783
362850,2470,12,101458
362851,2470,23,2XN62AA
2715,2472,7,0918940
2716,2472,10,5805459
310299,2472,12,104516
810,2478,7,0027583
811,2478,10,666948
343777,2478,12,91692
982,2483,7,0027012
983,2483,10,530029
333613,2483,12,86060
8545,2488,7,0241099
927,2492,7,0411957
928,2492,10,1003375
333628,2492,12,98331
333629,2492,25,27UL850-W
339450,2492,20,52376
362591,2492,18,65262
960,2496,7,0416134
333620,2496,12,100155
362661,2496,18,67547
333621,2496,10,6961688
333594,2500,5,3795567
388638,2500,10,6248204
388639,2500,12,117762
493175,2500,5,0000243437
513792,2500,7,1219150
46,2502,7,1358464
309539,2502,25,V241FAK-BA071T
362973,2507,7,0115224
493107,2507,5,0000132858
826,2509,7,0027603
827,2509,10,538621
333574,2509,12,85399
333575,2509,25,24MK430H-B
362571,2509,23,24MK430H-B
362572,2509,18,60711
501162,2509,20,46924
1052,2513,7,0835407
1053,2513,10,5748889
333637,2513,25,SE2419HR
333638,2513,12,113702
1050,2517,7,0272531
1051,2517,10,647751
327676,2517,20,50482
333656,2517,12,106759
63,2520,7,1062893
64,2520,10,5689542
339444,2521,7,0027954
8527,2522,7,0381138
7,2524,7,0976396
8,2524,10,6000639
910,2525,7,0027937
885,2529,7,0027614
886,2529,10,406284
333619,2529,12,54068
965,2533,7,0027318
966,2533,10,15489
296517,2533,7,0027319
470770,2533,20,9361
912,2540,7,0335138
913,2540,10,5657927
333603,2540,25,CQ32G1
339440,2540,5,3746423
362592,2540,10,6304994
994,2544,7,0027528
995,2544,10,881137
470774,2544,12,118391
1067,2548,10,931926
1066,2548,7,1614921
362596,2548,7,1540988
362597,2548,25,GW2780
362598,2548,23,GW2780
310921,2548,20,52619
310922,2548,12,98332
1021,2551,7,0027870
493210,2551,10,508508
501177,2551,5,0000146536
842,2556,7,0027980
333576,2556,12,64234
388628,2556,10,408754
362675,2560,10,6380756
388630,2564,10,545228
388631,2564,7,0027582
501165,2564,5,0000166004
586241,2564,12,85400
518721,2564,25,22MK430H-B
388629,2564,18,60712
20,2566,7,1128582
21,2566,10,5832121
904,2568,7,0027948
905,2568,10,386454
333616,2568,12,60307
883,2571,7,0027938
884,2571,10,372939
333609,2571,12,76188
916,2576,7,0334948
917,2576,10,1126193
333595,2576,12,104614
333596,2576,25,32GK650F-B
875,2581,10,5964207
296516,2581,7,1272310
333623,2581,12,109330
343780,2581,5,3812037
493158,2581,5,0000210049
534340,2581,25,34GL750-B
339439,2585,5,3802252
362599,2585,10,6005620
362600,2585,12,110078
493186,2585,5,0000269987
510404,2585,7,1263022
1073,2589,7,0260124
296527,2589,10,896270
339462,2589,12,96196
346751,2589,5,3685488
362802,2589,25,27V2Q
362803,2589,18,70934
362804,2589,23,27V2Q
493206,2589,5,0000214980
362433,2590,10,6417711
362434,2590,12,117629
514317,2590,7,0533563
362553,2593,25,24G2U/BK
362554,2593,10,5901991
362555,2593,7,0997612
493138,2593,5,0000203214
851,2605,7,0027935
852,2605,10,400648
296513,2605,7,0540658
333601,2605,12,64255
362606,2605,23,LC24F396FHIXRU
303673,2609,7,0027987
860,2614,7,1268715
861,2614,10,6023522
333591,2614,12,115298
362565,2614,18,69680
980,2617,7,0027607
981,2617,10,358036
333647,2617,12,54065
1054,2626,10,5748897
333677,2626,25,S3220DGF
336050,2628,7,1276464
343572,2628,10,6124982
856,2631,7,0333115
857,2631,10,6117315
333586,2631,5,3756889
333587,2631,12,111476
333588,2631,25,VX2458-C-MHD
985,2635,7,1356636
303674,2635,7,1506219
890,2639,7,0416133
891,2639,10,1072589
333611,2639,25,27UL650-W
333612,2639,12,100044
339446,2639,20,52844
362574,2639,18,65589
362768,2656,7,0335056
362769,2656,10,6563592
493199,2656,5,0000176063
1057,2660,7,1456184
1058,2660,10,6033305
470798,2660,12,118394
1059,2664,7,0219706
1060,2664,10,803926
333632,2664,25,C32G1
339449,2664,5,3703688
362766,2664,12,94300
362767,2664,23,C32G1
507920,2664,5,0000221537
887,2667,7,0170816
888,2667,10,718523
333590,2667,12,93234
362585,2667,18,62917
362586,2667,23,27MK600M-W
493160,2667,5,0000181335
532768,2667,20,51325
1019,2671,7,0027939
1020,2671,10,408761
333662,2671,12,113896
362789,2671,23,LC27F396FHIXRU
929,2674,7,1120452
930,2674,10,5877047
310945,2674,20,58364
333686,2674,25,P2720DC
604171,2679,12,111471
9219,2681,7,1164800
296957,2681,10,5946145
347041,2681,18,68753
1220,2683,7,1154422
3462,2686,7,0134163
837,2687,7,0027626
838,2687,10,457043
333571,2687,25,27MP59G-P
333573,2687,12,76419
362644,2687,23,27MP59G-P
362646,2687,18,52838
493162,2687,5,0000140275
1074,2690,7,0964193
1075,2690,10,5846789
362696,2690,18,71007
362697,2690,25,24G2U5/BK
362698,2690,12,105398
493221,2690,5,0000203216
2502,2692,7,1355531
2503,2692,10,6030390
327563,2692,12,111358
327564,2692,23,90NB0QY1-M02140
281708,2694,7,0027912
343788,2694,5,3682426
920,2698,7,1099923
336283,2698,5,3779547
493214,2698,5,0000219685
481301,2698,25,VG279Q
2381,2700,7,1515224
332918,2700,12,114914
332919,2700,23,NX.HN5EU.00K
1031,2702,7,0027874
296525,2702,10,632245
2402,2704,7,1410728
310250,2704,12,111565
332915,2704,23,81Y400CHRE
954,2706,10,406282
1070,2710,7,1460095
1071,2710,10,6117345
333653,2710,12,111479
346743,2710,5,3798011
2888,2711,7,1382572
2889,2711,10,6100410
1144,2714,10,775138
470803,2714,12,93672
976,2718,10,665711
333649,2718,12,91216
362605,2718,7,0240751
346742,2718,20,48967
975,2718,7,0240751
1042,2726,7,0027612
1043,2726,10,404933
333673,2726,12,54067
346746,2726,5,3566736
362726,2730,23,LS24E390HLO/RU
362727,2730,7,1227893
507100,2730,7,0027975
61,2733,7,0532909
62,2733,10,5894954
309538,2733,25,V241FFK-BA019D
339451,2734,7,0572016
2970,2738,7,1403640
2971,2738,10,6089778
332955,2738,12,110397
339660,2738,5,3808847
972,2743,7,0324544
333651,2743,12,98322
362610,2743,10,973749
1017,2747,7,0280427
1018,2747,10,925694
333648,2747,12,96611
388633,2747,25,PD2700U
388634,2747,10,6477797
604121,2747,20,54300
362739,2751,10,810387
362740,2751,12,95973
362741,2751,18,66964
470794,2751,20,50610
534368,2751,25,24B1H
296531,2751,7,0026891
362809,2755,10,6563600
362810,2755,7,0333315
493189,2755,5,0000174822
528770,2755,25,VA2719-2K-SMHD
591400,2755,12,122122
958,2760,7,0284614
969,2769,7,1353216
970,2769,10,5964200
333650,2769,12,110626
362684,2769,25,29WN600-W
1103,2773,7,1268717
282039,2774,7,1099885
336459,2774,5,3805968
1061,2777,10,5748886
333691,2777,25,SE2417HGX
362817,2777,7,0835408
470807,2777,20,56533
586239,2777,12,118347
362731,2784,7,1442579
362732,2784,10,5964209
493177,2784,5,0000226324
534363,2784,12,122121
49,2788,7,0171811
303655,2788,10,755575
309534,2788,25,V222GBK-BA020T
296512,2789,10,6024454
622348,2789,12,118398
1176,2793,7,0334973
296526,2793,10,775152
310942,2793,20,57539
310943,2793,12,93674
1292,2798,7,0027179
2908,2801,7,1276492
2909,2801,10,6026576
310433,2801,12,109583
339622,2801,5,3808856
1078,2806,10,5877043
333678,2806,25,AW2720HF
1132,2810,7,0244440
1133,2810,10,713403
339468,2810,25,P2419HCb
343793,2810,7,1283676
582098,2810,20,53905
1089,2814,7,0280421
1090,2814,10,925705
333684,2814,25,GW2280
333685,2814,12,96608
343790,2814,20,51210
1244,2818,10,909952
1243,2818,7,1557080
362654,2818,23,BL2480
362655,2818,12,101290
362656,2818,18,65427
534364,2818,7,1557080
8649,2820,7,0547363
8650,2820,10,1156443
604129,2822,10,6946136
8582,2828,7,0208254
303979,2828,10,878965
876,2830,7,0027971
877,2830,10,516841
333597,2830,12,46802
339443,2830,20,32306
362622,2830,25,S24D300HSI
510405,2830,23,LS24D300HSI/RU
3380,2831,7,1268728
8553,2838,7,1501339
303984,2838,10,6089691
336569,2838,5,3808932
947,2840,10,5933186
296514,2840,7,0027369
8529,2842,7,1440624
347037,2842,5,3814951
3134,2843,7,1232167
3135,2843,10,6233420
1207,2852,7,0227915
1208,2852,10,775052
346843,2855,7,1147933
1040,2856,7,0027951
362647,2860,7,0027989
362648,2860,10,613261
362649,2860,18,44988
931,2864,7,0369052
296520,2864,10,516181
310931,2864,20,28714
327674,2864,7,0369052
362616,2864,23,E2270SWN
507927,2864,5,0000192240
532769,2864,25,E2270SWN
501187,2864,12,52794
1114,2868,7,1496859
1014,2872,10,5950565
310932,2872,20,58264
343782,2872,20,54667
1251,2884,7,0220404
333827,2884,12,91409
492755,2884,23,210-APWT
1252,2884,10,671164
1294,2899,7,0027589
1295,2899,10,353834
333861,2899,12,54051
362723,2903,12,52804
362725,2903,7,0027001
470789,2903,20,35566
510412,2903,23,M2470SWDA2
362724,2903,10,131671
1135,2907,10,118891
1055,2915,7,1214851
1056,2915,10,6006440
310935,2915,20,58794
513788,2919,10,6438930
940,2932,7,0997615
941,2932,10,6030248
333630,2932,5,3793402
493168,2932,5,0000203962
1131,2936,7,0027875
296529,2936,10,632254
501181,2936,5,0000198196
501182,2936,23,246E9QJAB/00
2982,2946,7,1204320
8625,2949,10,1003624
281691,2952,10,508509
362950,2952,7,0027869
1081,2964,7,0284603
1082,2964,10,660395
310934,2964,20,41752
362583,2968,10,6460372
908,2968,7,1268716
8706,2969,7,0208242
303985,2969,10,878963
281689,2976,10,689708
282044,2978,7,0308161
281694,2980,7,0027947
1177,2988,7,0027606
1178,2988,10,366645
333799,2988,25,24MP58D-P
333800,2988,12,54064
937,2992,7,1356630
938,2992,10,6006442
310927,2992,20,58795
362669,2992,12,112005
534358,2992,7,1614916
918,2997,7,0606909
919,2997,10,5800152
362612,2997,25,24GL650-B
362613,2997,12,103968
1141,3001,7,0533782
1127,3005,7,0605590
1128,3005,10,5728935
333665,3005,5,3805078
333666,3005,25,276E8VJSB/01
362865,3005,23,276E8VJSB/01
1173,3013,7,0027378
1174,3013,10,516076
296532,3020,7,0026919
296533,3020,10,399753
470796,3020,7,1247538
488951,3020,12,87550
507930,3020,5,0000204421
333828,3020,20,37519
534365,3020,25,E2270SWDN
296976,3021,7,1231769
1006,3029,7,0821366
1007,3029,10,5917932
501194,3029,12,118395
3270,3034,7,1080687
1313,3042,7,0272497
2828,3044,7,1062835
2829,3044,10,5875384
310367,3044,12,106604
281688,3049,10,508510
362718,3049,23,243V7QDSB/00
362719,3049,12,76016
362720,3049,10,508510
510410,3049,5,0000149312
534429,3049,25,243V7QDSB/00
591401,3049,20,51343
333671,3059,25,34WN650-W
362761,3059,7,1440596
362762,3059,12,114384
362763,3059,10,5964216
493197,3059,5,0000220638
518725,3059,18,72413
362900,3070,10,6009051
362901,3070,7,0684742
72,3073,7,1276476
73,3073,10,6132068
470780,3074,7,0482106
532770,3074,10,6662144
30,3089,7,1268780
303654,3089,10,6022451
309532,3089,25,V241FAK-BA052T
310910,3093,25,27GL83A-B
3163,3098,7,0948655
3164,3098,10,6050894
8772,3100,10,5961692
281712,3109,10,775144
362818,3109,7,0240770
362819,3109,12,93671
74,3111,7,1122620
75,3111,10,6000645
1142,3112,10,775146
362671,3112,12,93673
470783,3112,20,50886
507913,3112,7,0541482
3052,3117,7,0928425
3053,3117,10,5804670
310420,3117,23,5490-275579
1117,3119,7,0215145
1118,3119,10,774856
333755,3119,5,3691351
333756,3119,25,246E9QJAB/01
281642,3121,7,1240866
331561,3121,5,3800603
1370,3123,7,0215051
3230,3124,7,0928362
3231,3124,10,5791419
336529,3126,25,3i9100FD8HD1SD12X165L2W5
961,3143,7,0027588
962,3143,10,404927
333682,3143,12,54050
1149,3155,7,1353210
1150,3155,10,5964185
333720,3155,12,110625
1145,3159,7,1356627
1146,3159,10,6063838
310958,3159,20,59598
362896,3159,23,210-AWLE
281713,3163,7,1237284
362811,3167,10,6129593
362812,3167,7,1228514
497357,3167,25,278E1A/00
77,3169,7,1062899
78,3169,10,5689567
9760,3170,10,1008349
8537,3177,7,0504181
8568,3202,10,6089795
296956,3202,7,1440623
336443,3202,5,3814950
2549,3204,7,0849653
310330,3204,23,8MG51ES
282033,3217,7,0918930
41,3230,10,5779909
362476,3230,23,PIO101730AEDGPRO
296973,3239,7,1161473
499903,3239,10,5935964
9801,3242,7,1161452
347106,3242,18,68742
347092,3244,18,68717
8636,3247,7,1154522
336761,3247,18,68529
499891,3247,10,5931591
8727,3259,7,0372739
282031,3329,7,0762127
282032,3329,10,6026905
8551,3382,7,0116763
8552,3382,10,566063
336435,3382,18,59585
363021,3393,7,1118585
597037,3393,7,1730971
54,3405,7,0171810
55,3405,10,5884500
309531,3405,25,V222GBK-BA005D
3191,3416,7,1506221
3192,3416,10,6073088
310413,3416,12,114487
2978,3419,7,1506180
2979,3419,10,6069799
310415,3419,23,NH.Q7PEU.00F
310416,3419,12,114486
296967,3426,7,1230554
8985,3432,7,0357869
296603,3436,7,1355361
346844,3436,10,6066852
281584,3439,7,1382557
2892,3442,10,6067339
310390,3442,23,20SL00FARU
3199,3471,7,1352585
8538,3489,7,1038365
363216,3489,10,5845659
3366,3499,7,1283853
3367,3499,10,6026579
3260,3505,7,1263098
3261,3505,10,6128409
310432,3505,12,112487
2899,3539,7,1355552
9731,3552,7,1164802
347103,3552,18,68756
8832,3555,7,1154645
336925,3555,18,68532
497337,3555,10,5931600
535158,3560,7,1228348
535159,3560,10,6791213
535160,3560,12,123735
3101,3610,7,1272186
3102,3610,10,6103073
310343,3610,12,110976
310351,3613,12,108723
2386,3627,7,1382262
310252,3627,12,110376
361803,3627,23,81Y300D9RE
361804,3627,10,5939517
2925,3630,7,1063216
2926,3630,10,5937882
332933,3630,12,107575
3469,3633,7,1065750
3470,3633,10,5911938
310403,3633,12,108717
2991,3656,7,1135059
310298,3656,23,81UT005JRK
362310,3656,10,5905950
362311,3656,12,106576
42,3676,7,1252015
43,3676,10,5895822
3224,3678,7,1228622
3225,3678,10,5854790
52,3679,7,1252014
53,3679,10,5895823
57,3685,7,1240941
58,3685,10,5895810
296455,3692,7,1062891
281643,3698,7,1062892
3226,3725,7,0974779
8994,3727,10,5961694
8648,3729,10,5942596
2637,3733,7,0975953
2638,3733,10,6050396
2910,3763,7,0928421
3269,3789,7,0928439
310458,3789,23,3593-5007
29,3790,10,6138604
296454,3790,7,0330502
47,3810,7,1276474
48,3810,10,6128414
331769,3820,5,3808350
481280,3820,10,6026749
492924,3820,5,0000208914
76,3820,7,1215011
3398,3832,7,0601158
310368,3854,12,101323
44,3859,7,0533290
45,3859,10,5894952
309533,3859,25,V241FAK-BA027D
67,3895,7,0269068
68,3895,10,755587
309540,3895,25,V241ICGK-BA141T
514176,3895,10,6488078
3480,3905,7,0785550
2955,3933,7,1403647
2956,3933,10,6102556
296596,3933,10,6269976
3187,3937,7,1506166
3188,3937,10,6066871
310468,3937,12,112890
3141,3939,7,1506165
3142,3939,10,6066869
361785,3941,10,6066909
361786,3941,23,NX.EFTEU.01J
361787,3941,12,113139
488891,3941,7,1615500
362315,3943,23,NX.EFTEU.01H
362316,3943,10,6066907
362317,3943,7,1502159
362318,3943,12,113138
362045,3944,10,6066893
362046,3944,23,NX.EFTEU.01G
493562,3944,7,1502137
3243,3946,7,1440379
3244,3946,10,6069885
310411,3946,12,112411
361690,3950,12,110947
361692,3950,7,1382567
310302,3950,23,81Y300NCRE
361691,3950,10,6100051
362251,3956,10,6100386
362252,3956,12,110941
535474,3956,7,1382549
2963,3968,7,1355413
2492,3974,7,1403645
2493,3974,10,6097478
310264,3974,12,110879
332909,3974,23,81Y300D7RE
2651,3980,7,1355364
2652,3980,10,6066585
310301,3980,12,109997
2997,3982,7,1266182
2998,3982,10,6075171
310319,3982,23,2D356ES
2738,3997,7,1263078
2739,3997,10,6050247
2629,4039,7,1379593
2630,4039,10,6026564
327584,4039,12,109906
332951,4039,5,3820968
3381,4053,7,1263063
3382,4053,10,6050251
2826,4125,7,1354584
310334,4125,23,81Y3005SRE
310335,4125,12,109891
296597,4125,10,5939521
2717,4132,7,1065748
281600,4163,7,0984519
281601,4163,10,5898663
339617,4163,12,106212
344096,4163,5,3807927
3455,4164,7,1099744
344084,4166,7,1062914
3153,4168,7,1063217
3154,4168,10,5954976
310341,4168,12,107261
344079,4168,5,3790462
281614,4198,7,0974530
2634,4200,7,1134946
310281,4200,23,81VD0056RE
362343,4200,10,5783210
362344,4200,12,107775
362165,4387,12,119962
362166,4387,10,1160173
493484,4387,7,0302765
1101,4422,10,5950570
310993,4422,20,54670
1275,4425,7,1019127
1034,4428,7,1069745
1035,4428,10,6231648
346748,4428,5,3798374
362825,4428,12,116666
493248,4428,5,0000237938
1048,4431,10,5748892
333724,4431,25,SE2719HR
333725,4431,12,106716
3324,4433,7,0358317
332949,4433,23,4PS99EA
3294,4442,7,0240613
1109,4446,7,0027621
333696,4446,25,27MK430H-B
362630,4446,23,27MK430H-B
362631,4446,18,62815
510406,4446,5,0000181336
591391,4446,20,49963
333695,4446,12,93233
1110,4446,10,713135
296528,4452,7,0027807
346756,4452,5,3697146
1231,4458,7,0027429
1232,4458,10,446150
518726,4458,12,118386
2499,4466,7,0133678
310255,4466,23,81BF00HYRU
1260,4467,7,0027314
1261,4467,10,367419
310978,4467,20,42639
296523,4470,10,58210
343786,4470,20,29370
343787,4470,12,54353
470795,4470,7,0026947
492758,4470,23,E970SWN
481305,4473,7,0027807
1162,4476,7,1356631
1163,4476,10,6141565
510407,4476,12,118399
1094,4479,10,6024456
1166,4488,7,0533800
1167,4488,10,1144120
470801,4488,12,118392
310472,4489,23,7300-295481
362398,4489,12,117100
3488,4489,10,6070034
3219,4499,7,1240933
3220,4499,10,5937967
3335,4502,7,1063218
1229,4503,7,0027645
1230,4503,10,658085
333659,4503,25,32GK850F-B
333660,4503,12,96550
339456,4503,5,3689284
1190,4512,10,925702
311014,4512,20,51848
333869,4512,12,96609
333870,4512,25,BL2780
362921,4512,23,BL2780
484270,4512,7,1613769
1189,4512,7,1613769
1372,4521,7,0027991
1373,4521,10,484827
333830,4527,5,3700269
513810,4527,5,0000243548
3418,4531,7,1240925
997,4536,7,0026985
998,4536,10,368952
333654,4536,25,I2481FXH
333655,4536,12,67285
343785,4536,5,3577991
362703,4536,18,25169
513795,4536,23,I2481FXH
293211,4539,10,385031
333767,4539,12,64250
362883,4539,18,18448
497343,4539,25,M2470SWH
582103,4539,20,35411
293210,4539,7,0027002
362882,4539,23,M2470SWH
1108,4548,7,1353221
296518,4548,10,5964201
333640,4548,12,110074
333641,4548,25,32MN500M-B
333642,4548,5,3814938
2947,4549,7,1355543
2948,4549,10,5978678
310307,4549,12,110981
332927,4549,23,90NB0P61-M02820
2803,4552,7,1355532
2804,4552,10,6030486
310338,4552,12,112069
1164,4558,7,1356629
1165,4558,10,6006444
310960,4558,20,58796
339471,4561,7,1215468
510413,4561,20,64389
578123,4561,18,72328
488947,4561,10,6357085
513799,4561,12,115940
3247,4572,7,1466530
3303,4573,7,1440383
3304,4573,10,6069876
2435,4576,7,1459898
2436,4576,10,6069838
332929,4576,12,112889
281610,4579,7,1466543
362132,4579,23,NH.Q87EU.003
362133,4579,10,6069808
362134,4579,12,112760
578146,4580,10,6849758
3307,4582,7,1506179
3308,4582,10,6069788
310375,4582,25,NH.Q7JEU.017
310376,4582,23,NH.Q7JEU.017
361595,4582,12,115977
3413,4585,7,1506222
3414,4585,10,6073086
310440,4585,12,114485
1283,4586,7,0272541
1284,4586,10,5740413
333728,4586,12,107840
333729,4586,5,3730952
1417,4589,7,0272538
1418,4589,10,1049382
470825,4589,12,118389
56,4591,7,0269066
1113,4592,7,0222829
310297,4595,12,110321
1157,4596,7,0240776
1158,4596,10,713661
604189,4596,12,93302
3305,4598,7,1382575
3306,4598,10,6087581
526915,4598,12,110600
1336,4602,7,0026894
1337,4602,10,774820
333771,4602,12,96193
341859,4602,20,51858
362677,4602,23,24P1
362679,4602,25,24P1
3415,4604,10,6070019
310452,4604,23,5300-295565
362463,4604,12,117099
1318,4608,7,0215108
296537,4611,7,0206821
1211,4614,7,0027525
1212,4614,10,522312
1194,4620,7,0027182
1195,4620,10,410130
310955,4620,20,42028
310956,4620,12,66606
346744,4633,7,0027167
534417,4633,12,63522
586244,4633,10,237581
898,4639,7,0027988
899,4639,10,140341
281710,4642,7,0027765
281711,4642,10,78381
362625,4642,23,193V5LSB2/62
362626,4642,12,42849
362627,4642,25,193V5LSB2/62
362742,4645,10,6089800
470797,4645,7,1668970
493180,4645,5,0000206180
362685,4648,12,117553
362686,4648,7,1636600
362687,4648,10,6457596
517166,4648,18,72867
507350,4651,7,1236878
1340,4666,7,0572012
1175,4672,7,0335192
1431,4678,7,0227955
1432,4678,10,786682
311008,4678,20,57832
589355,4681,25,328E9QJAB/00
1076,4686,7,1260220
1077,4686,10,671162
296519,4686,7,0220398
310928,4686,20,48968
497338,4686,12,91410
327680,4704,7,0027867
336289,4704,5,3644244
362652,4704,23,243V7QDAB/00
362653,4704,12,75925
493190,4704,5,0000154682
534442,4704,25,243V7QDAB/00
1065,4704,10,480167
1198,4707,7,0027800
1199,4707,10,496170
1119,4716,7,0026991
1120,4716,10,368955
333710,4716,12,75891
333711,4716,25,I2781FH
362765,4716,23,I2781FH
343791,4721,20,58693
362667,4721,7,0027794
362668,4721,18,39902
488948,4721,10,346371
1102,4734,7,0027799
296524,4734,10,65505
339459,4734,20,53255
604124,4734,23,223V5LSB2/62
3252,4738,7,1355370
3253,4738,10,6026552
310431,4738,12,109904
332948,4738,5,3808845
3312,4746,7,1267086
3313,4746,10,6049389
327576,4746,12,112485
362940,4747,7,1440600
526894,4747,10,6690660
69,4754,7,1219367
1355,4760,7,1037702
1356,4760,10,5876546
310941,4760,20,60746
333680,4760,12,106584
1085,4768,7,0334984
296601,4781,7,1404419
1091,4786,7,0335513
1092,4786,10,954730
333679,4786,12,98009
534374,4786,25,24GL600F-B
1097,4789,7,0533803
1098,4789,10,5740420
333770,4789,12,112862
501204,4789,5,0000257442
1153,4799,7,0333014
1156,4799,10,1099741
333683,4799,12,107983
339458,4799,20,55087
362764,4799,25,GW2283
3204,4804,7,1275756
3205,4804,10,5876952
310493,4804,12,109835
1257,4805,7,0272493
1258,4805,10,1129406
310997,4805,20,50150
310998,4805,12,110627
333820,4805,25,X24P1
339479,4805,5,3697542
1438,4808,7,0026897
1439,4808,10,774821
333852,4808,25,27P1
333853,4808,12,96195
333854,4808,5,3685811
493228,4808,5,0000178922
1255,4811,7,0227953
1256,4811,10,666876
333722,4811,25,246E9QDSB/01
336293,4811,5,3732057
362640,4814,23,22V2Q
362641,4814,7,0026890
362642,4814,10,896278
362643,4814,18,72681
362645,4814,25,22V2Q
518719,4814,12,96192
1137,4817,7,0335315
1293,4823,10,608859
333819,4823,12,89210
327685,4829,7,0027070
333825,4829,10,580985
336299,4829,5,3701512
362624,4829,12,87894
3151,4833,7,1070597
3152,4833,10,5876920
310456,4833,12,105551
1192,4839,7,0027630
1193,4839,10,479621
333842,4839,25,27MP89HM-S
333843,4839,12,76420
346764,4839,5,3627916
362870,4839,7,1613773
510419,4842,7,0027865
522338,4842,10,409912
303676,4845,7,0028011
333881,4845,5,3829487
362664,4845,12,70729
362665,4845,10,435420
493193,4845,5,0000094070
3099,4847,7,1147938
310402,4847,12,108252
388635,4854,25,203V5LSB26/62
388636,4854,7,0027774
388637,4854,10,111922
492759,4854,23,203V5LSB26/62
493229,4854,5,0000275020
1286,4874,7,1069197
1287,4874,10,5895642
333891,4874,25,325E1C/00
339511,4874,5,3791980
346754,4878,7,1228501
346755,4878,5,3815126
999,4896,7,0332905
1000,4896,10,6231450
333634,4896,5,3792391
333635,4896,25,VX2458-MHD
3262,4898,7,1188054
1143,4905,10,713668
470821,4905,12,93303
1235,4914,7,0272501
1236,4914,10,1069906
1368,4920,7,0217774
1369,4920,10,811111
310999,4920,12,95786
2824,4926,7,1263145
362458,4926,10,5938280
362880,4927,12,81075
362881,4927,7,0598320
2713,4929,7,1240922
2714,4929,10,5939509
310286,4929,12,108408
296607,4932,7,1240936
1391,4933,7,0792639
1392,4933,10,623880
3267,4935,7,1225084
3100,4950,7,0984523
281697,4951,7,0026901
333803,4951,12,87546
333804,4951,25,AG271QG
333805,4951,5,3596566
1394,4954,7,0027866
513809,4954,5,0000119792
1395,4954,10,1155234
311015,4957,20,52982
1421,4960,7,0027770
3268,4967,7,0682611
310419,4967,12,102633
362830,4968,7,0027764
362662,4971,18,72825
362663,4971,12,111474
492757,4971,7,1353224
499875,4971,10,5964218
507925,4971,5,0000212276
582099,4971,20,65115
1106,4978,7,1199395
604128,4978,23,221V8/00
534448,4978,25,221V8/00
1107,4978,10,5964242
1072,4988,10,5950568
470810,4988,20,54669
470811,4988,7,1651179
1233,4994,7,1129012
1234,4994,10,5923653
333787,4994,25,E2420H
497329,4994,12,117622
281620,4999,7,1123092
362151,4999,10,5898649
362152,4999,12,106218
1203,5003,7,1138441
1204,5003,10,5952888
333887,5003,25,242V8A/01
333888,5003,5,3791607
362863,5003,23,242V8A/01
362864,5003,7,1247549
772,5017,7,0572008
773,5017,10,6119825
333555,5017,25,5DQ99AA
362547,5017,12,115825
1225,5029,7,0533802
1226,5029,10,5740417
333814,5029,12,112861
333815,5029,25,32UL750-W
346762,5029,5,3770447
493232,5029,5,0000238856
534393,5032,7,0333101
1188,5041,7,0215133
310976,5041,25,243V7QSB/01
343794,5041,5,3634166
362915,5041,10,879261
1290,5050,10,713400
1289,5050,7,1461473
333841,5050,25,P2719HCt
362916,5050,7,1556748
497361,5050,12,92218
622355,5050,20,53647
1172,5069,7,0401356
296530,5069,10,837530
343803,5069,5,3634168
362879,5105,12,115976
470819,5105,12,118344
522346,5105,10,416525
534443,5105,7,1617257
362930,5108,7,0997615
3228,5116,7,0928426
362962,5119,7,0027319
1374,5139,7,0284596
534444,5139,10,82087
1099,5148,7,0027795
362860,5151,10,6089802
362861,5151,25,221V8A/01
362862,5151,7,1199396
362691,5154,10,6089799
493220,5154,5,0000206179
515942,5154,25,220V8/01
1268,5160,7,1356628
1269,5160,10,6141564
333868,5160,25,U2421HE
534379,5166,7,1237285
534380,5166,10,5997533
534440,5177,7,1449272
1299,5180,7,1129014
1300,5180,10,5919069
333833,5180,25,E2720H
499867,5180,20,58361
501169,5180,12,106722
1200,5191,10,5952560
333834,5191,5,3786040
362948,5194,10,6417854
362949,5194,7,0606906
1027,5197,7,0684759
1028,5197,10,6056377
333643,5197,25,VG248QG
333644,5197,5,3779546
333645,5197,12,110077
492751,5197,23,VG248QG
493191,5197,5,0000229076
1214,5206,7,0541360
1362,5212,7,0026884
1365,5212,10,741985
333859,5212,12,95892
281699,5238,10,537840
534476,5238,12,89526
578148,5238,20,49428
589348,5238,23,273V7QJAB/00
534477,5238,25,273V7QJAB/00
1308,5247,7,0028001
1310,5247,10,626751
1262,5252,7,0027285
1263,5252,10,436235
333874,5252,5,3623128
492761,5252,12,86496
518727,5252,12,118349
1387,5255,7,1037704
1388,5255,10,5876535
989,5264,7,1483868
990,5264,10,6255546
333674,5264,12,114388
333675,5264,5,3812712
1324,5267,7,1130472
1325,5267,10,5998562
604170,5271,10,6791558
604169,5271,7,1195769
281707,5277,7,0887963
3126,5278,7,0595765
1319,5283,7,0027729
1320,5283,10,436140
3233,5292,7,0536918
3234,5292,10,5778579
296521,5308,7,0026920
296522,5308,10,385022
342827,5308,7,0545069
343784,5308,20,37520
362721,5308,12,81722
362722,5308,23,E2270SWHN
488960,5308,18,39900
534397,5308,25,E2270SWHN
281702,5323,7,0027530
281703,5323,10,410056
1068,5329,7,1449285
1069,5329,10,6086232
470816,5329,12,118335
1140,5333,7,1449563
497335,5333,25,27B2H
517172,5333,5,0000269378
586242,5333,12,123523
591394,5333,12,111467
362859,5333,10,6129616
591393,5333,20,64590
1322,5348,7,1251974
1323,5348,10,6012069
339497,5363,7,1356635
339498,5363,12,112111
346767,5363,5,3815129
362877,5382,10,6355526
310996,5388,12,107984
362828,5388,7,1614908
362829,5388,25,GW2480E
310995,5388,20,50010
1168,5388,10,5846819
1170,5398,7,0997614
1171,5398,10,5847255
336284,5398,25,241E1SCA/00
604204,5401,7,0918941
604205,5401,10,5802230
604206,5401,12,106569
1296,5404,7,1460096
1297,5404,10,6024996
1385,5410,7,0885113
1386,5410,10,5769207
3468,5476,7,0129783
3403,5484,7,0129770
3106,5498,7,1214807
3107,5498,10,5923794
310364,5498,12,107619
296604,5525,7,1511546
3202,5528,7,1276493
3203,5528,10,6026577
310453,5528,12,109581
339631,5528,5,3808840
493534,5528,5,0000209179
3368,5530,7,1283852
3369,5530,10,6026581
362312,5532,10,6026583
362313,5532,12,109572
362314,5532,7,1355375
3323,5536,7,1219722
248,5587,7,0984194
342991,5587,18,67165
578110,5590,18,67558
249,5593,7,0082862
296462,5593,7,0082863
296463,5596,7,1506012
363566,5599,7,0082787
254,5605,7,0962828
363565,5605,18,67164
481282,5605,10,5772389
458318,5610,7,1000112
522325,5610,10,5774159
531528,5610,20,54914
578101,5610,18,67586
322,5616,7,1072002
3377,5618,7,1440385
255,5619,7,1141513
256,5619,10,5907047
3295,5622,7,1466538
3296,5622,10,6073037
310480,5622,12,112899
260,5624,7,0342459
3301,5625,7,1526216
3302,5625,10,6069874
310289,5625,12,115397
351,5626,7,0778912
2770,5628,7,1466539
361903,5628,12,112762
2771,5628,10,6069858
2698,5633,7,1466550
3254,5636,7,1466551
3255,5636,10,6069826
362414,5636,12,112761
310387,5639,23,82AU00BURE
535,5643,7,0596127
331911,5643,5,3785171
331912,5643,18,65955
282,5644,7,0859376
534168,5644,10,5794311
2613,5646,7,1410713
362417,5646,12,111564
362418,5646,10,6106459
362419,5646,23,81WL005CRE
537,5647,7,0079477
296482,5647,7,0316317
339236,5647,18,64441
308,5648,7,0987490
342995,5648,18,66514
542,5649,7,0292206
331903,5649,20,51543
331904,5649,18,64623
331905,5649,5,3742931
363568,5652,10,1128352
363569,5652,7,0218769
458316,5652,20,51095
492892,5652,5,0000191074
363696,5653,7,1648722
512774,5653,5,0000138207
582092,5653,7,1648722
2625,5654,7,1382551
310328,5654,23,81WC009MRE
361589,5654,12,111355
361590,5654,10,6100054
266,5656,7,1116763
331908,5657,18,65957
546,5657,7,0510184
279,5660,7,0082908
296467,5660,10,460521
331777,5660,5,3626301
550,5661,7,1694648
507847,5661,5,0000197897
534237,5661,7,1694648
584735,5661,7,1694646
595542,5661,7,1694657
604106,5661,18,65330
549,5664,7,0546296
331895,5664,5,3789335
331896,5664,18,65956
507848,5664,5,0000202680
275,5667,7,0859377
309541,5667,18,67231
534165,5667,10,5774153
553,5668,7,1272662
331914,5668,5,3811853
331915,5668,18,69656
336082,5668,20,58733
501115,5668,5,0000265169
268,5671,7,0082927
269,5671,10,412008
331776,5671,18,46641
543,5672,7,1272664
331892,5672,5,3812852
331893,5672,18,69718
492907,5672,5,0000252231
281597,5673,7,1352448
551,5675,7,0079476
552,5675,10,584753
331916,5675,5,3762773
331917,5675,18,61268
501114,5675,5,0000173573
591027,5675,20,47663
622317,5676,7,0342450
562,5678,7,0510186
343657,5678,18,65959
296465,5680,7,0962696
342993,5680,18,67907
622350,5682,7,0079459
342997,5683,18,67573
343618,5683,7,0962695
560,5686,7,0488680
561,5686,10,1121967
331906,5686,18,65771
331907,5686,5,3766878
492908,5686,5,0000198749
270,5687,7,1017404
499838,5689,7,1283751
492897,5691,7,1070685
570,5693,7,0418932
296485,5693,7,0595925
309574,5693,20,49397
309575,5693,18,62830
331927,5693,7,0595942
339241,5693,5,3705753
343658,5693,5,3721650
492913,5693,5,0000259646
286,5694,7,1037308
554,5697,7,0494264
555,5697,10,1112363
512775,5697,5,0000207951
547,5700,7,0079488
569,5704,7,0411216
336083,5704,18,63113
339239,5704,5,3705754
589332,5704,7,1559792
281652,5705,7,0274050
339251,5705,18,64795
545,5707,7,0217433
331933,5707,5,3715272
331934,5707,18,63002
283,5709,7,0987489
339252,5709,18,67584
557,5711,7,0419160
575,5714,7,0411222
331958,5714,5,3778952
363744,5714,18,66399
492938,5714,5,0000240841
563,5718,7,0550317
309567,5718,20,57350
339238,5718,5,3775100
284,5719,7,1132166
568,5722,7,0174873
606,5726,7,0833048
331949,5726,5,3784964
336101,5726,18,65958
556,5729,7,1283833
309566,5729,20,59616
363701,5729,18,69658
492909,5729,5,0000212353
564,5733,7,0217426
492921,5733,5,0000159702
272,5739,7,0859378
534170,5739,18,67228
273,5739,10,5794057
605,5741,7,0492378
363716,5741,20,53381
534052,5741,5,0000203321
534245,5741,18,74784
544,5744,7,1283752
331897,5744,18,69883
339237,5744,5,3819485
336,5746,7,0342443
586,5748,7,0843639
309568,5748,20,55411
309569,5748,5,3788653
309570,5748,18,66885
363709,5748,7,0843639
252,5750,7,0313740
253,5750,10,958627
363570,5750,18,64789
510358,5750,5,0000214050
614,5752,7,0411992
296487,5752,10,1021665
346709,5752,5,3759905
518713,5752,18,65357
526881,5752,20,52350
582095,5752,7,1694641
265,5754,7,1047901
558,5755,7,0239069
296484,5755,7,0239069
559,5757,7,0079489
341795,5759,20,51133
587,5761,10,6194021
331950,5761,5,3797915
363710,5761,7,1407313
524894,5761,7,1694664
531535,5761,20,64571
297,5762,7,1382936
576,5765,7,0174872
336095,5765,5,3644730
420,5766,7,1117125
577,5768,7,0302411
578,5768,10,919404
331921,5768,5,3735896
331922,5768,18,64203
343660,5768,20,51044
488829,5771,7,0079428
262,5774,10,412017
331913,5775,18,69159
343655,5775,5,3816761
579,5775,7,1075281
584,5777,7,0510191
492926,5777,7,0079639
302,5779,7,0984195
567,5781,7,1272663
296483,5781,7,1434721
331938,5781,18,69660
363728,5781,20,59836
603,5785,7,0217424
331963,5785,18,58223
331964,5785,5,3650707
303724,5786,7,1267088
281698,5788,7,0946531
331962,5788,5,3791619
492930,5788,5,0000203304
596,5792,7,0079463
501116,5792,5,0000279765
291,5793,7,0082740
578102,5793,20,40520
619,5796,7,0079606
622,5799,7,0595928
623,5799,10,6013431
296488,5799,10,1119526
331960,5799,18,66632
331961,5799,5,3768869
281704,5803,7,0079460
514191,5803,5,0000148025
514192,5803,10,1114884
532744,5803,20,44733
534242,5803,10,1114884
582093,5803,7,1695500
600429,5803,10,5976437
534241,5803,18,69218
376,5805,7,0608443
600,5807,7,1268826
331957,5807,18,70599
501123,5807,5,0000230279
263,5809,7,0658288
613,5810,7,0079413
602,5814,7,0269652
598720,5814,10,604479
583,5817,7,0342549
639,5822,7,1456406
640,5822,10,6098109
331953,5822,5,3816776
342804,5822,18,70328
492952,5822,5,0000211605
314,5824,7,0342441
315,5824,10,1064431
580,5826,7,0079400
309571,5826,20,55599
331901,5826,18,64439
388644,5826,10,1140969
582094,5826,7,0298698
565,5829,7,0079470
566,5829,10,5755541
309572,5829,20,43514
309573,5829,5,3622084
484258,5829,7,1633100
316,5832,7,0313560
343624,5832,7,0421478
492895,5832,10,650329
501103,5832,5,0000140314
608,5833,7,0342548
309545,5836,7,0318220
331971,5840,18,69536
363743,5840,7,1265393
514182,5840,5,0000210018
621,5840,7,1467616
597,5844,7,0079480
363715,5844,18,51050
617,5848,7,0510185
618,5848,10,1127891
331935,5848,18,65928
336098,5848,5,3771715
602947,5848,20,53183
637,5851,7,1467617
331948,5851,5,3816768
405,5853,7,1068059
303678,5855,7,0533600
512778,5855,10,5853553
287,5857,7,0289610
288,5857,10,669680
609,5859,7,0718057
331966,5859,20,53542
341812,5859,7,0718057
346708,5859,7,0718059
534261,5859,18,65652
364,5861,7,1045656
604173,5862,7,1264899
601,5866,7,1706085
331936,5866,18,67889
331937,5866,5,3792686
458344,5866,10,6610169
492915,5866,20,61845
501117,5866,5,0000267844
600428,5866,7,1706085
625,5870,7,0504148
627,5873,7,0492379
628,5873,10,1112362
336096,5873,5,3805135
346706,5873,5,3796665
604,5880,7,0079399
534243,5880,7,0308254
584258,5880,18,56897
584736,5880,10,1140964
571,5884,7,1253075
331920,5884,5,3812630
331919,5884,18,69626
572,5884,10,6009267
388643,5888,7,0079542
281655,5889,7,0324757
3453,5890,7,1352547
632,5892,7,0079530
339249,5892,5,3614839
587811,5892,20,42733
3459,5894,7,1354587
672,5895,7,0079562
346,5897,7,1068060
610,5899,7,0079554
339246,5899,5,3493589
3207,5902,7,1355371
645,5903,7,0595950
296489,5903,7,0595950
309576,5903,20,54558
309577,5903,18,65653
339250,5903,5,3766822
492928,5903,5,0000198693
274,5904,7,0342442
3447,5906,7,1355374
592,5907,7,0079464
458346,5907,20,48195
490921,5907,7,0342551
398,5908,7,0994155
646,5911,7,1272665
647,5911,10,6035199
331970,5911,18,69655
336107,5911,5,3811851
492949,5911,5,0000262177
597016,5911,20,60874
336108,5915,5,3797922
501121,5915,5,0000205289
336109,5915,7,1076226
264,5916,7,0274063
616,5920,7,0300426
309579,5920,20,45762
2427,5921,7,1263076
2428,5921,10,6049392
332910,5921,23,3C205EA
362261,5921,12,112013
582,5923,7,1272362
331959,5923,18,69659
492914,5923,5,0000210016
501118,5923,20,58732
612,5926,7,0079478
331928,5926,5,3672859
512776,5926,10,588716
290,5928,7,0342440
2985,5929,7,1263060
2986,5929,10,6050248
662,5930,7,0079475
363741,5930,7,0342552
359,5932,7,0082721
360,5932,10,471378
331782,5932,18,57292
331783,5932,5,3822117
622315,5932,20,45183
3451,5933,7,1263089
3452,5933,10,6050376
715,5934,10,6098096
714,5934,7,1733567
309590,5934,20,59672
309591,5934,18,70386
339260,5934,5,3816773
310,5936,7,0082658
458314,5936,10,444972
481283,5936,18,47438
507823,5936,5,0000124597
333,5939,7,1499996
341794,5939,7,1068058
339244,5941,7,0079585
303662,5943,7,0903029
343628,5943,18,67242
481284,5943,20,62784
534167,5943,7,1689414
281716,5944,7,1641011
331995,5944,18,70389
363737,5944,7,1641011
644,5948,7,1377494
534259,5948,18,73687
599,5951,10,6009268
331931,5951,18,69613
331932,5951,5,3810148
363722,5951,7,1253076
492931,5951,7,1519713
581,5954,7,0494035
331943,5954,5,3768872
331944,5954,18,65760
488831,5954,20,53447
357,5955,7,0082848
358,5955,10,360688
309542,5955,20,35757
648,5958,7,0580833
331984,5958,18,66512
339253,5958,5,3768874
492948,5958,5,0000224702
428,5959,7,1099914
591,5962,7,0079479
296486,5962,7,0316319
331954,5962,18,64548
607,5969,7,0208810
331940,5969,5,3664255
331942,5969,18,61134
336099,5973,7,0342547
585,5973,7,0342547
296464,5978,7,0218770
341793,5978,20,50893
654,5982,7,0946543
331951,5982,18,67551
331952,5982,5,3795905
624,5989,7,0342589
686,5993,10,6098101
685,5993,7,1733566
309581,5993,20,59668
309582,5993,5,3816772
631,5997,7,0510187
331986,5997,5,3772676
331987,5997,18,66882
534253,5997,7,1563688
643,6001,7,0079523
402,6002,7,0579216
403,6002,10,5671838
705,6004,10,6295327
331991,6004,5,3819488
331992,6004,18,70325
363769,6004,7,1467615
501129,6004,5,0000212797
530027,6004,20,61768
602948,6004,7,1456403
339,6005,7,0524830
340,6005,10,1131053
336058,6005,5,3767875
534176,6005,20,64784
620,6008,7,0079511
711,6012,7,0504150
507853,6012,5,0000199577
507854,6012,10,1141999
534276,6012,18,65930
481292,6017,7,1071941
691,6020,7,0903024
692,6020,10,5873238
331996,6020,18,67271
641,6024,7,0283289
642,6024,10,964889
331974,6024,5,3726246
331975,6024,18,63148
492939,6024,5,0000232046
524897,6024,5,0000270111
380,6028,7,0476758
303679,6032,7,1156635
347,6038,7,0595837
339259,6038,18,67426
331947,6043,5,3829684
343009,6043,18,70326
524896,6043,20,61729
590,6043,7,1456400
331955,6046,5,3823576
331956,6046,18,70443
492976,6046,5,0000214418
501128,6046,20,30847
592358,6046,7,1434721
667,6051,7,0294238
296495,6051,10,813954
331997,6051,5,3768875
331998,6051,18,63586
604149,6051,20,49955
492920,6056,7,1071988
310223,6061,12,108933
362385,6061,10,5970309
362386,6061,25,X509FA-EJ601
521858,6061,7,1355512
589,6062,10,6155269
588,6062,7,1372319
331923,6062,5,3814663
331924,6062,18,70292
492917,6062,5,0000244663
534234,6062,7,1681037
595,6065,7,1264900
343661,6065,5,3823574
524898,6065,18,69612
635,6068,7,0601274
331989,6068,18,68244
492968,6068,5,0000201598
589334,6068,10,6873952
677,6072,7,0239066
331985,6072,18,63587
339254,6072,5,3715608
492957,6072,5,0000188594
514193,6072,10,741785
534270,6072,7,1633842
320,6074,7,0989571
416,6078,7,1072001
531536,6079,5,0000265175
591029,6079,7,1353137
481306,6079,18,72305
649,6079,7,1353137
657,6083,7,1283832
331967,6083,5,3815362
331968,6083,18,69657
336106,6083,20,59246
492953,6083,5,0000232045
3138,6084,7,1236587
3139,6084,10,5956484
310417,6084,23,UX334FAC-A4084R
310418,6084,12,107830
534,6086,7,1265370
336080,6086,5,3812015
343008,6086,18,69534
492932,6086,5,0000210019
363572,6087,7,1080248
707,6090,10,5968684
331976,6090,5,3805134
343,6092,7,1120817
346686,6092,7,1062758
638,6093,7,0844715
309583,6093,20,54808
332016,6093,18,67581
492943,6093,5,0000257538
331781,6096,7,0658288
336056,6096,20,53707
339256,6096,7,1453424
695,6097,7,0954825
696,6097,10,5868456
332024,6097,5,3790729
280,6100,7,1037307
281,6100,10,6005508
331780,6100,5,3793609
363738,6101,7,0269143
363739,6101,10,653982
492935,6101,5,0000151833
371,6104,7,0969470
710,6109,7,0079518
3483,6111,7,0976237
3484,6111,10,5997299
327589,6111,12,108435
327590,6111,12,108470
363810,6112,7,0613288
693,6115,7,0079560
384,6117,7,0342435
385,6117,10,5672307
341796,6117,20,54563
665,6120,7,1481920
658,6124,7,0492414
331982,6124,5,3775131
331983,6124,18,66400
492964,6124,5,0000199939
277,6129,7,0082681
278,6129,10,516309
352,6133,7,0082717
353,6133,10,411987
331832,6133,5,3451909
492903,6133,5,0000010281
363732,6144,20,49258
512777,6144,7,0174863
530023,6144,5,0000157699
534250,6144,7,0342550
578119,6144,10,1140962
294,6145,10,5838639
399,6149,7,0984191
401,6149,10,5775875
502059,6149,5,0000232786
584257,6149,18,67524
281701,6152,7,1480750
331941,6152,5,3816769
737,6156,7,1353139
309580,6156,20,57932
669,6159,7,1353140
343013,6159,18,70245
736,6163,7,1353056
332036,6163,18,70651
332037,6163,5,3815735
363768,6163,10,6117362
492963,6163,5,0000234314
615,6167,7,1265369
331965,6167,18,69535
339247,6167,5,3820091
492929,6167,5,0000213115
518710,6167,5,0000244662
296469,6169,7,0313739
281706,6171,7,1150299
422,6173,7,0082720
331858,6173,10,469970
331859,6173,18,53984
336061,6173,5,3628000
622330,6173,20,43779
650,6175,7,0579242
296494,6175,10,5695886
342805,6175,18,66296
343665,6175,5,3778959
530022,6175,5,0000214123
595543,6175,7,1705692
688,6179,7,0488845
345,6181,7,0082901
651,6182,7,0510190
336113,6182,20,42578
346691,6185,5,3770820
722,6189,7,1272659
296493,6189,10,6035204
331980,6189,18,69665
331981,6189,5,3812013
492973,6189,5,0000210017
604190,6189,20,62733
674,6197,7,0494033
712,6205,7,0492407
670,6212,7,0174874
296492,6212,7,0283281
346711,6212,5,3664252
689,6216,7,0292938
534246,6220,7,0273719
682,6223,7,1481913
683,6223,10,6295371
331969,6223,5,3827256
481312,6227,7,0302434
534274,6227,7,1695499
363571,6228,18,64177
363730,6231,7,0079467
604135,6231,18,52588
326,6232,7,0083047
327,6232,10,656613
331784,6232,5,3711769
661,6235,10,419823
629,6239,7,1253077
630,6239,10,6009269
513848,6239,20,62923
363794,6239,18,69614
325,6240,7,0082842
660,6242,7,1481911
331972,6242,5,3802936
331973,6242,18,71067
346710,6242,20,61847
363587,6244,10,412002
363588,6244,7,0082726
727,6245,10,5892699
726,6245,7,0494029
296496,6245,7,1273462
336117,6245,5,3770695
507856,6245,5,0000250333
332000,6245,18,65786
303667,6248,7,0994157
363610,6248,7,1228657
363611,6248,10,5839066
499844,6248,18,70335
507843,6248,5,0000204214
592805,6249,20,49356
595544,6249,7,0234975
595545,6249,10,727888
363775,6252,7,0174876
733,6259,7,0283267
500,6261,7,0530398
718,6266,7,1457448
719,6266,10,6295334
332017,6266,18,71113
332018,6266,5,3827396
492971,6266,5,0000269836
633,6269,7,1456404
331945,6269,5,3823584
331946,6269,18,70744
492933,6269,5,0000214430
933,6273,7,1135003
332009,6273,5,3799922
332010,6273,18,68372
307,6274,7,0082864
336116,6277,5,3822082
350,6278,7,0082738
331837,6278,18,47417
514185,6278,20,40516
516374,6278,10,434245
343666,6281,7,0302429
604194,6285,7,0342577
292,6286,7,1047897
708,6289,7,0079617
296477,6291,7,0934627
285,6299,7,0317796
281658,6303,7,0317838
339265,6303,18,64431
481309,6304,7,0079626
3147,6305,7,1283846
3148,6305,10,5937955
310404,6305,12,109685
458349,6308,7,0079497
356,6311,7,0342437
331808,6311,18,58344
363654,6311,20,45830
363655,6311,10,629058
331977,6312,5,3814664
512779,6312,5,0000244661
604203,6312,7,1573742
678,6315,7,0777675
346712,6315,5,3783338
501125,6315,5,0000250331
534254,6315,18,69750
600430,6315,10,6324413
2774,6317,7,1214810
327581,6317,23,3593-0566
534272,6319,7,0580826
281714,6319,7,0580826
392,6320,7,0082640
393,6320,10,542160
343005,6320,18,54089
363580,6320,20,44330
363581,6320,10,471377
704,6322,7,0488851
332011,6322,20,53328
332012,6322,18,65761
534280,6322,10,5725672
604095,6324,7,0082980
936,6326,7,0506647
825,6330,7,0552104
332029,6330,18,69519
332019,6333,7,0488679
783,6336,7,1223398
281665,6337,7,1272303
716,6340,7,0208781
652,6344,7,0305339
309584,6344,20,45874
363597,6345,7,0504223
510364,6345,10,6312838
534053,6345,20,61544
666,6347,7,0079566
752,6351,7,0079620
764,6354,7,0079555
303665,6355,7,0718012
419,6359,7,0592259
626,6362,7,0284795
700,6369,7,0079387
734,6372,7,1247598
487,6373,7,0375391
488,6373,10,650365
296472,6373,7,0283234
331804,6373,5,3671808
492900,6373,5,0000176046
339261,6373,20,49157
2623,6379,7,0792672
381,6380,7,0082846
382,6380,10,506646
331818,6380,18,38044
492912,6380,5,0000092995
512770,6380,20,38995
701,6381,7,1460102
331993,6381,5,3812017
343667,6381,20,57729
361,6383,7,1275766
673,6384,7,0977780
331978,6384,5,3794793
331979,6384,18,67693
510378,6384,10,5968063
746,6387,7,0488847
768,6394,7,0174875
309589,6394,20,45758
354,6397,7,0962701
534266,6398,7,0079353
675,6401,7,0079491
828,6405,7,0293386
406,6406,7,1077042
363602,6406,20,54100
363603,6406,10,5672309
481307,6408,7,0301487
457,6410,7,0595784
331887,6410,18,68454
690,6411,7,0283268
481310,6415,7,0079515
271,6421,7,0306306
429,6425,7,0355889
430,6425,10,492833
296475,6425,7,0844742
309549,6425,20,45361
492904,6425,5,0000149221
516375,6425,10,6462410
735,6426,7,1273458
534277,6426,18,70420
586234,6426,10,6869075
653,6430,7,0977781
363735,6430,10,6607074
492946,6430,5,0000204387
492947,6430,18,67694
3463,6431,7,1123090
775,6434,10,1127364
309586,6434,20,52961
309587,6434,18,65789
309588,6434,5,3768779
507855,6434,5,0000255829
512780,6434,5,0000198935
774,6434,7,0494245
281618,6435,7,1123089
939,6438,7,1212907
296501,6438,10,6025133
332014,6438,5,3768876
492980,6438,5,0000228360
332015,6438,18,65033
344104,6439,7,0974792
327398,6441,20,47646
332007,6441,5,3664257
336115,6441,20,61245
659,6444,7,0342553
400,6458,7,1099878
447,6461,7,1162915
448,6461,10,6077291
475,6465,7,0994158
343004,6465,18,68057
368,6472,7,1162923
942,6473,7,1284821
336120,6473,18,70293
604158,6473,10,6512169
778,6477,7,1130685
336121,6477,18,68417
971,6481,7,1353130
671,6484,7,1264901
309585,6484,20,59817
332001,6484,18,69615
336119,6484,5,3811172
458347,6484,10,6020558
492959,6484,5,0000209901
303680,6488,7,1214804
363843,6491,7,0273775
408,6492,7,1214053
3239,6494,10,5854797
310342,6494,23,5490-279601
728,6495,7,0596136
729,6495,10,1143241
584738,6495,20,58809
309601,6498,20,57145
725,6505,7,1159946
306,6506,7,0313738
604087,6506,10,958636
604086,6506,18,64435
346714,6509,7,0342582
758,6516,7,0283283
481308,6516,18,60800
426,6518,7,0082684
427,6518,10,469465
331878,6518,18,54088
331879,6518,5,3629076
388646,6518,7,1067751
501098,6518,5,0000142324
598716,6518,20,44163
348,6526,7,0082847
349,6526,10,506648
331805,6526,18,38042
331806,6526,5,3562455
492901,6526,5,0000092996
534169,6526,20,38994
903,6527,7,0217418
267,6529,7,1231741
713,6531,7,1212919
300,6535,7,1222032
301,6535,10,6009107
534163,6535,20,59983
589316,6535,18,69160
532747,6539,20,64000
534054,6539,10,6185378
604220,6546,7,0079493
334,6548,7,1116798
335,6548,10,5950799
507348,6548,7,0740672
281717,6550,7,1237407
458348,6550,18,72628
281667,6552,7,1071993
339267,6556,7,1062760
676,6557,7,1064418
296491,6557,10,5810604
336111,6557,20,61115
388645,6557,18,68036
492951,6557,5,0000265168
731,6560,7,0269618
363790,6560,20,51468
346687,6568,7,0988468
935,6574,7,1221142
446,6576,7,0962827
586231,6579,18,67744
709,6584,7,0079502
372,6588,7,0821304
767,6591,7,0079563
346698,6592,7,0740480
458336,6606,7,1071967
507844,6606,20,52420
847,6608,7,1353132
865,6612,10,6089965
864,6612,7,1460104
332022,6612,5,3815120
492986,6612,5,0000210977
587814,6612,7,1614201
379,6613,7,0082950
363814,6615,7,1612394
492972,6615,5,0000214009
344,6616,7,0218741
490915,6616,20,47017
490916,6616,10,574617
507822,6616,5,0000165523
488833,6619,7,1633992
497316,6619,18,73318
524,6621,7,0082804
525,6621,10,523893
331865,6621,18,60514
341800,6621,20,43973
296500,6623,7,0590672
438,6624,7,0082741
339257,6624,18,50037
507836,6624,20,42807
510367,6624,10,457879
363809,6629,7,0342594
343636,6631,7,1067655
363638,6631,7,0082806
914,6633,7,0318524
295,6635,7,1480694
296,6635,10,6072306
363622,6639,20,63594
363623,6639,7,1382932
363624,6639,10,6008196
668,6644,7,0079531
343669,6644,18,49595
753,6648,7,0079607
755,6655,7,0283811
756,6655,10,563464
332030,6655,5,3586496
492984,6655,5,0000108727
363798,6666,7,0494247
492967,6666,5,0000277691
341,6668,7,0988465
296471,6668,10,5839065
343629,6668,18,70079
323,6671,7,0984192
497304,6671,18,67243
501097,6671,5,0000214961
534186,6671,7,1228656
534187,6671,10,5775877
992,6674,7,0283803
477,6675,7,0595787
478,6675,10,5772413
281720,6678,7,0292204
346713,6678,20,47645
1047,6682,7,0283796
522,6687,7,0786633
1003,6690,7,0496403
1036,6694,7,0496378
289,6695,7,0317786
309543,6695,20,53706
293867,6701,7,0079698
802,6705,7,0079689
309600,6705,20,46094
363819,6705,10,506307
363832,6708,7,1071932
312,6710,7,0218736
313,6710,10,571081
336057,6710,5,3657118
341797,6710,20,46867
281662,6721,7,1373820
343640,6721,18,70741
309592,6723,20,33247
363675,6729,7,1548074
310225,6731,12,104943
396,6733,7,1071998
397,6733,10,6013283
681,6734,7,1353129
331,6737,7,1231740
281722,6738,7,1513404
363789,6738,18,73297
507852,6738,5,0000253949
600431,6738,20,542209
740,6742,7,1002776
303686,6746,7,1075282
934,6750,7,1251637
332006,6750,18,69539
2602,6751,7,0835284
281651,6752,7,1069616
680,6753,7,0861611
296498,6753,10,5968770
332002,6753,5,3791982
332003,6753,18,66693
492956,6753,5,0000203349
974,6757,7,0496404
309,6760,7,1154856
720,6761,7,0273776
303659,6764,7,1488175
363815,6765,7,0273780
747,6767,7,0510188
296499,6767,7,1264902
332013,6767,18,65897
336123,6774,7,0273796
303669,6776,7,0740672
892,6778,7,0496361
363828,6778,18,66685
943,6781,7,0419181
363812,6781,18,65806
687,6788,7,0273803
343670,6792,7,0727835
434,6797,7,0342447
363596,6797,10,6593303
732,6799,7,0814015
771,6807,7,0342427
946,6810,7,0506641
303691,6810,7,0571564
324,6818,7,0317826
363811,6822,7,0079614
309547,6826,20,47623
309548,6826,18,61297
363616,6826,10,674891
303694,6829,7,0284801
973,6833,7,1352355
587813,6833,7,1612392
432,6834,7,0220712
296473,6834,10,492813
339264,6834,18,57955
343634,6834,5,3646141
507829,6834,20,64440
433,6834,10,492813
895,6837,7,1204279
387,6838,7,0342436
388,6838,10,471379
331829,6838,18,57956
336059,6838,5,3635537
524890,6838,7,1598924
874,6841,7,0524747
332025,6841,5,3766303
363841,6841,18,68041
346715,6844,20,48596
390,6852,7,0082913
391,6852,10,507666
331847,6852,18,39869
339266,6852,5,3563319
492911,6852,5,0000093635
516373,6852,20,37522
587810,6852,20,44240
516,6856,7,0082686
517,6856,10,301811
331883,6856,5,3481618
303683,6857,7,0284806
394,6860,7,1504681
309550,6860,20,59979
363617,6860,10,6160572
510369,6860,5,0000210031
578114,6860,20,64193
797,6861,7,0079684
798,6861,10,414172
424,6864,7,1351735
870,6865,7,1221147
327440,6865,18,71192
281725,6868,7,0496366
363620,6869,10,6537678
531533,6869,7,1694742
441,6876,7,0504222
442,6876,10,6008198
331885,6876,5,3808546
481291,6876,18,72830
1041,6885,7,0284802
303682,6889,7,0079704
791,6889,7,0079704
296476,6897,10,5850747
303666,6897,7,0994160
296474,6900,7,1140798
922,6907,7,0313805
332035,6907,5,3489287
492983,6907,5,0000035241
507850,6909,5,0000215544
507851,6909,10,6480635
592803,6912,7,1080247
363816,6913,7,1612393
742,6917,7,1273461
528,6919,7,0740526
303663,6919,7,1132164
303664,6919,10,5701038
309546,6919,20,56069
846,6920,7,1353131
829,6927,7,1069725
332038,6927,18,69538
743,6931,7,1075283
873,6938,7,0524744
332023,6938,5,3814120
512771,6939,10,6664920
586232,6939,18,74968
524891,6939,7,0962776
656,6942,7,0492383
343671,6942,5,3768864
806,6946,10,6192117
303692,6946,7,0727836
363836,6946,20,59907
805,6946,7,0727836
745,6950,7,0421476
841,6953,7,0318515
332033,6957,5,3668428
346716,6957,7,1071930
386,6958,10,1133295
956,6961,7,0441747
281719,6965,7,0079577
296478,6966,7,0317769
604177,6968,7,0342578
481313,6979,7,0595968
901,6983,7,0293387
456,6985,7,0209679
331882,6985,5,3655078
578113,6985,20,50917
281718,6986,7,0283797
296502,6986,7,0283797
318,6993,7,0299819
309544,6993,20,46636
339258,6993,7,0301675
363627,6993,18,57957
395,7004,7,1069530
3399,7006,7,0604325
3400,7006,10,5937865
744,7009,10,508117
309604,7015,18,69035
520464,7019,7,1673733
1001,7021,7,0496374
1002,7021,10,6295338
332039,7021,5,3794795
510377,7021,5,0000204388
490,7023,7,0082697
1008,7025,7,0524748
488821,7027,7,1253081
534173,7027,10,6019454
804,7029,7,0524746
1044,7032,7,0496367
303693,7036,7,0290655
454,7044,7,0869176
455,7044,10,5788068
343631,7044,5,3786321
923,7050,7,0496375
1022,7054,7,0079694
423,7059,7,1069615
450,7066,10,5950887
281670,7071,10,5775879
760,7073,10,6126148
332027,7073,5,3805297
512772,7078,7,1382947
361645,7079,10,5731191
361646,7079,12,104142
869,7080,7,0496364
584740,7080,7,1614203
346695,7082,7,1071936
1026,7084,7,0506653
492977,7084,5,0000108729
604212,7084,10,6377696
762,7088,7,0603734
600432,7088,20,57535
598721,7088,10,5685038
373,7089,7,0571924
374,7089,10,5690903
896,7092,7,0524745
1016,7095,7,0284817
363845,7099,7,0284792
410,7103,7,0342449
411,7103,10,1112335
977,7104,7,0283795
481314,7104,7,0079659
996,7108,7,0079656
839,7112,7,0079536
281657,7116,7,0341470
907,7118,7,0079621
866,7121,7,1466578
363829,7121,18,71191
363830,7121,10,6255792
840,7132,7,0079708
363817,7132,18,54280
305,7135,10,650347
303660,7135,7,0283238
845,7136,7,0496368
3334,7149,7,0526285
309598,7150,18,68523
534174,7151,10,6708066
584731,7151,7,1080563
293869,7154,7,0506669
309596,7158,20,57621
309597,7158,5,3827258
363837,7158,7,0582032
587812,7158,10,5727083
303661,7159,7,0082861
763,7161,7,1268863
822,7165,7,1221144
751,7169,10,5790254
750,7169,7,0571538
309593,7169,5,3779086
309594,7169,7,0571538
492974,7169,5,0000248392
872,7173,7,0506643
303684,7176,7,0342568
484259,7176,7,0496394
451,7178,7,1072000
915,7180,7,0305371
309602,7180,18,69034
281723,7187,7,0506668
303687,7191,7,0496365
821,7194,7,0284812
329,7195,7,1222031
330,7195,10,6005506
582084,7195,18,69161
3351,7196,7,0533680
3352,7196,10,1081843
310459,7196,12,101344
303681,7198,7,0284807
955,7205,7,0496372
346688,7215,7,1071960
342999,7219,18,70385
343621,7219,7,1062759
343674,7220,7,0313802
281664,7223,7,1071992
346717,7226,7,1541197
587815,7226,7,1612391
363658,7227,7,0864424
748,7230,7,0658438
749,7230,10,5697310
332032,7230,5,3805552
492987,7230,5,0000207947
526883,7230,20,57040
531539,7230,7,1599121
830,7233,7,0424277
296509,7233,7,0595404
332041,7233,5,3760429
501131,7233,5,0000195419
534281,7233,20,53698
831,7233,10,5670142
784,7236,7,0209655
296504,7236,7,0278539
296505,7236,10,803903
332028,7236,5,3640949
503,7238,7,1213857
882,7240,10,1116168
303689,7240,7,0496373
363842,7240,20,46967
332034,7240,18,65441
881,7240,7,0496373
281729,7247,7,0079671
303696,7250,7,0284803
481287,7255,7,1069047
911,7261,7,1353138
848,7275,7,1223362
363820,7275,10,6360269
492985,7275,5,0000207946
337,7280,7,0516166
524893,7280,7,1071934
281616,7282,7,0178085
363594,7284,7,0530372
363595,7284,18,66054
458329,7284,10,1125996
501096,7284,5,0000214965
902,7287,7,0506654
490925,7287,7,0594108
518,7288,7,0534232
339272,7295,7,0079680
855,7299,7,0496395
343643,7300,7,1116797
964,7303,7,0496399
807,7308,7,0496392
993,7311,7,0305366
296506,7311,7,0948649
332040,7311,18,56258
796,7315,7,0079712
309599,7319,20,47752
949,7330,7,0079517
327299,7332,20,51215
490923,7334,7,1221145
948,7337,7,0079534
1029,7341,7,0283802
959,7344,7,0595969
363844,7348,7,0727841
484260,7351,7,0290649
532762,7351,7,0595401
303685,7351,7,0290649
984,7358,7,0079709
281606,7361,7,0207184
281607,7361,10,934104
897,7365,7,0496397
467,7367,7,0082722
468,7367,10,481568
331889,7367,18,54107
336073,7367,5,3654929
464,7369,7,0082844
339268,7369,18,53985
880,7372,7,0421475
1009,7375,7,0496402
957,7378,7,0496393
759,7381,7,0316556
332026,7381,18,64356
492988,7385,5,0000210734
780,7388,7,0506660
303695,7392,7,0496377
453,7393,7,1071969
953,7396,7,1138255
346699,7397,7,0590571
309565,7408,18,38044
296507,7415,7,0496398
761,7417,7,0506666
490924,7417,7,1221139
482,7419,7,0082920
622329,7419,10,637878
303697,7425,7,1221140
363659,7426,7,1067741
1045,7429,7,0496371
281724,7432,7,0079651
1038,7436,7,0496376
343633,7438,7,1071972
303688,7439,7,1221143
584739,7439,10,6654304
604233,7439,20,54816
281726,7443,7,1152661
1030,7450,7,0496370
1015,7453,7,0419629
332031,7453,18,65363
303668,7454,7,1382952
363647,7462,10,6522278
363648,7462,7,1071143
1037,7469,7,0496369
343675,7472,7,0217792
1046,7476,7,0496388
3489,7479,7,0785549
757,7480,7,0283798
303690,7487,7,0727837
836,7491,7,0494351
336124,7491,7,0342567
363599,7496,7,1092764
458330,7496,18,73397
779,7499,7,0496396
534193,7509,7,0964258
421,7520,7,1227833
363780,7544,7,0079642
634,7573,7,0079474
593,7583,7,1456411
520462,7583,20,61664
336062,7585,5,3750086
363795,7595,7,1070756
415,7598,7,0317849
341798,7603,20,53289
343632,7603,7,0530375
492934,7609,18,70419
497315,7609,10,6109555
501124,7609,20,59671
514184,7609,5,0000213114
530021,7609,7,1697795
702,7612,7,0079481
703,7612,10,448167
492954,7612,5,0000278676
363708,7615,7,1453637
497314,7615,18,70622
363729,7619,7,0079483
281700,7629,7,0079472
679,7639,7,1456410
343664,7639,5,3818780
444,7655,7,0082780
445,7655,10,457853
331850,7655,5,3625232
331851,7655,18,52599
458,7663,7,0082989
459,7667,7,0083004
514195,7700,7,0079598
531531,7702,7,0419202
584733,7702,10,1035452
604197,7703,7,0079432
363793,7713,7,1687974
534249,7713,7,1687974
336070,7719,7,1456438
363685,7719,7,0341866
488827,7719,7,0313741
363673,7726,7,1071968
509,7743,7,1071963
363758,7752,10,517388
363759,7752,7,0079473
492961,7752,5,0000140129
604157,7752,20,43310
363821,7755,18,50815
363822,7755,7,0079484
511,7756,7,0219004
296479,7759,7,0342522
309553,7759,20,40426
3449,7765,7,1263068
3450,7765,10,6051106
310455,7765,12,112493
363742,7766,7,0079591
3221,7779,7,1147946
3222,7779,10,5987447
407,7781,7,1195717
3420,7787,7,1135053
1613,7796,10,785603
332067,7796,18,63920
341830,7796,20,50603
1612,7796,7,0174668
332,7806,7,1456445
343635,7806,18,70447
452,7810,7,1271477
363825,7819,7,0844713
483,7825,7,1138477
363651,7825,18,73189
363693,7839,7,1249519
363806,7840,7,1675741
481288,7844,20,54299
481289,7844,10,6368507
488826,7844,7,0657461
363689,7856,7,1579216
1615,7858,7,0291732
1616,7858,10,690126
309609,7858,20,65112
310192,7858,18,62063
1606,7864,7,0246211
303731,7864,10,6274832
346804,7864,20,50662
1607,7864,10,6274832
363640,7866,7,1090872
3091,7869,7,1415161
502,7870,7,0849725
458328,7870,10,6342723
481290,7870,20,57050
501109,7870,5,0000280023
1627,7872,7,0408188
1628,7872,10,1052897
339310,7872,5,3753696
343019,7872,18,65651
493002,7872,5,0000236419
604344,7872,20,64844
1696,7878,7,0217895
1697,7878,10,673058
332065,7878,18,62354
343717,7878,5,3691314
363846,7878,20,51961
492989,7878,5,0000227242
491,7884,7,0601555
492,7884,10,6300315
342802,7884,18,72010
492960,7884,5,0000280025
1636,7886,7,0318463
1637,7886,10,5755959
332074,7886,18,67016
492990,7886,5,0000258984
363683,7889,7,1071971
501133,7891,5,0000279764
604182,7891,7,0302428
1634,7892,7,0314236
309611,7892,20,49738
309612,7892,18,62829
363856,7892,10,746744
443,7893,7,1070693
1654,7898,7,0246193
1655,7898,10,680902
332051,7898,5,3693422
332052,7898,18,62492
507833,7902,7,1067659
1674,7903,10,680887
332075,7903,5,3693414
332076,7903,18,62375
492993,7903,5,0000266546
1673,7903,7,0246188
604133,7908,7,0174864
1618,7910,7,1414498
1619,7910,10,6199943
332071,7910,18,70082
492992,7910,5,0000210009
363823,7918,7,0079654
1635,7920,7,0819028
332086,7920,20,53979
332087,7920,18,66493
534284,7920,10,5726223
363664,7924,7,1069052
507846,7924,20,54257
512773,7924,10,6662262
1656,7925,7,0313761
1657,7925,10,690124
332058,7925,18,62500
346805,7925,5,3691315
499852,7925,7,0342798
534283,7925,20,48821
3216,7932,7,1147939
3217,7932,10,5997158
310492,7932,12,108425
1684,7933,7,0318401
1685,7933,10,1123569
3050,7937,7,0844639
3051,7937,10,6000606
1700,7940,7,0174669
1701,7940,10,785599
332063,7940,18,63110
332064,7940,5,3705306
493073,7940,5,0000181164
1828,7945,7,0504095
488894,7945,10,1125436
499854,7945,18,65809
511749,7945,20,52963
1649,7952,7,0408196
1650,7952,10,1051143
332056,7952,5,3750815
336177,7952,18,65960
492995,7952,5,0000262421
486,7953,7,1071915
1718,7959,7,0493249
1719,7959,10,1051148
332079,7959,18,65676
1670,7967,7,0084458
1671,7967,10,455882
332072,7967,5,3625607
332073,7967,18,53129
492996,7967,5,0000139511
1748,7974,7,0313772
1749,7974,10,1125432
346807,7974,5,3702846
363847,7974,25,Z390-A Pro
1643,7982,7,0342780
501134,7982,5,0000214969
604276,7982,20,52570
336178,7982,18,65496
1644,7982,10,1075829
1662,7989,7,0217890
1663,7989,10,654662
332059,7989,5,3691312
343020,7989,18,62355
370,7995,7,0759866
1929,7997,7,1414491
1930,7997,10,6105248
332102,7997,5,3813897
332103,7997,18,70383
493035,7997,5,0000214118
604308,7997,20,59420
476,8001,10,5692630
336060,8001,5,3781690
343637,8001,20,53939
1630,8003,7,0290194
296544,8003,10,680885
355,8006,7,1118254
1757,8008,7,0762118
1758,8008,10,5726224
332061,8008,18,66518
1623,8016,7,1277114
1624,8016,10,6141660
336176,8016,5,3818749
388647,8016,18,69650
1734,8023,7,0239231
296545,8023,10,673042
332062,8023,18,63306
343722,8023,5,3691310
517561,8023,5,0000247204
463,8026,7,0530363
1763,8028,7,0297616
1764,8028,10,931722
309622,8028,20,60745
327450,8028,18,64963
493003,8028,5,0000236418
363889,8035,7,1249610
490920,8041,7,0530371
332082,8044,10,730856
336181,8044,5,3702841
363886,8044,7,0313774
531542,8044,20,49569
363582,8046,7,1678402
492916,8046,10,1125988
501101,8046,5,0000248900
501102,8046,18,66054
520460,8046,7,0530370
497306,8046,18,66054
1709,8052,10,6105237
309617,8052,20,59423
309618,8052,18,70296
1708,8052,7,1457646
363838,8054,7,0506657
530,8055,7,0431803
296543,8058,10,6173243
343021,8058,18,70305
343720,8058,5,3818751
492991,8058,5,0000212379
1661,8058,7,1382073
501099,8065,10,1006589
507835,8065,7,1692755
510366,8065,5,0000214973
1651,8066,7,0270448
1652,8066,10,680893
343018,8066,18,62389
1702,8072,7,0510168
332066,8072,18,65808
604295,8072,10,5671777
1781,8086,7,0954777
1782,8086,10,5804803
1691,8092,7,0174236
1692,8092,10,828065
341833,8092,7,0269663
343725,8092,5,3721279
481316,8092,18,63921
493000,8092,5,0000188297
500616,8092,20,50601
1839,8099,7,1552685
309620,8099,20,59231
309621,8099,18,70081
493038,8099,5,0000245444
520466,8099,7,1552685
1840,8099,10,6087995
493,8103,7,1090851
534179,8103,10,6265074
363839,8104,7,0284791
1885,8105,10,719077
309628,8105,20,49423
309629,8105,18,62499
492999,8105,5,0000261989
1884,8105,7,0270447
1774,8110,7,0297614
1775,8110,10,673059
309613,8110,20,53426
310193,8110,18,62356
363872,8110,10,673059
1943,8120,10,1170285
332162,8120,5,3775765
1798,8126,7,0291734
1799,8126,10,958818
332092,8126,18,64525
604353,8126,20,50039
2491,8132,7,0342784
363939,8132,20,63138
363940,8132,10,5698092
363677,8138,18,61171
488823,8138,20,48663
534198,8138,10,641670
363678,8138,7,0277367
296508,8139,7,1064988
343645,8143,7,0283245
492978,8144,5,0000207058
499,8147,7,0342528
296481,8147,7,0237030
309561,8147,20,46035
309562,8147,5,3638015
309563,8147,25,GT710-SL-1GD5
343644,8147,18,57980
1865,8148,7,0860427
1866,8148,10,5774607
534287,8148,18,67236
578129,8148,20,56511
336122,8149,7,1002775
466,8152,10,652996
465,8152,7,0412272
309554,8152,20,45612
341801,8152,7,0412272
363668,8152,7,0082732
592625,8152,7,1598923
2531,8155,7,1352377
534295,8155,10,6749035
281663,8157,7,1382935
512769,8157,10,6664910
1732,8163,7,1287888
332097,8163,18,70083
332098,8163,5,3811978
363929,8163,20,64318
501150,8163,5,0000210013
1733,8163,10,6056384
1835,8171,7,0291729
1836,8171,10,680896
332089,8171,18,62372
332091,8171,5,3690220
493041,8171,5,0000236214
3497,8173,7,0129754
1740,8177,7,1264898
1741,8177,10,6042840
296546,8177,7,1504577
332113,8177,18,69527
339316,8177,5,3811284
471,8179,7,0082982
331891,8179,18,57338
1694,8184,7,1130686
1695,8184,10,5925049
336180,8184,18,69058
339313,8184,5,3798084
493006,8184,5,0000205530
363649,8190,7,1071978
1669,8193,7,1434726
339311,8193,18,70492
1771,8198,7,0314230
332104,8198,18,62835
364172,8206,7,0342774
1686,8212,7,1272660
332080,8212,10,6019381
332081,8212,5,3808768
342817,8212,18,69709
480,8213,7,1480743
481,8213,10,6117114
343639,8213,20,59418
578103,8213,10,6324813
321,8217,7,1382938
1889,8218,7,0246215
1890,8218,10,1123636
296550,8218,7,1272365
458356,8218,20,63209
501148,8218,5,0000163637
1013,8219,7,0305374
3408,8220,7,1147936
3409,8220,10,6000609
310467,8220,12,108438
495,8222,7,1249517
496,8222,10,6117112
906,8223,7,0079681
1765,8225,7,1427245
1712,8231,7,0291747
1713,8231,10,1064336
332069,8231,5,3732602
332070,8231,18,65655
493014,8231,5,0000243433
501145,8231,20,52615
730,8235,7,0079611
2004,8236,7,0174659
2005,8236,10,891980
332137,8236,18,64355
339327,8236,5,3714575
2032,8245,7,1352380
309638,8245,20,59067
310195,8245,18,70317
339328,8245,5,3820799
2458,8251,7,1355533
2459,8251,10,6030482
310246,8251,12,112230
1919,8254,7,0600255
1920,8254,10,1123556
493093,8254,5,0000214966
364100,8254,18,65898
2138,8259,10,958832
2137,8259,7,0313563
1727,8265,7,1453008
332077,8265,20,60009
604302,8265,10,6231202
281672,8273,7,1275687
332093,8273,18,69639
1703,8279,7,1253078
1704,8279,10,6005470
341831,8279,20,58459
363818,8280,7,1247535
492982,8280,5,0000209368
2304,8285,7,0844703
2305,8285,10,6122123
332178,8285,5,3790961
332179,8285,18,67510
493013,8285,5,0000270074
1881,8291,7,0531162
1882,8291,10,1140674
332094,8291,18,65899
339315,8291,5,3770818
501143,8291,5,0000214967
1820,8297,7,0283687
1821,8297,10,680898
332110,8297,18,62378
332111,8297,5,3693424
493091,8297,5,0000227260
1864,8302,7,1277112
343025,8302,18,69652
363853,8302,10,6185346
1956,8314,7,0220696
332146,8314,18,67690
363960,8314,10,724149
461,8318,7,0595853
346693,8318,20,61539
2066,8321,7,0217861
2067,8321,10,780900
332198,8321,5,3702835
332199,8321,18,63111
493016,8321,5,0000243436
343007,8328,18,70873
3360,8331,7,1466537
3361,8331,10,6073034
1639,8334,7,1352391
1640,8334,10,6196110
332053,8334,18,69907
332054,8334,5,3813244
586235,8334,20,60352
361674,8336,12,119482
361675,8336,7,1672084
361676,8336,10,6069864
1739,8343,7,0313555
339314,8343,18,64868
363884,8343,10,958806
493027,8343,5,0000192764
362255,8345,10,6069863
362256,8345,12,119481
488927,8345,7,1662828
1666,8349,7,0084510
1667,8349,10,654464
309614,8349,20,49401
309615,8349,5,3666543
309616,8349,18,61004
2190,8350,7,1460046
2191,8350,10,6073022
2851,8354,7,1466547
2852,8354,10,6073007
310412,8354,12,112897
458350,8355,7,0844710
303744,8356,10,6088059
507878,8356,20,58780
582112,8356,7,1705732
328,8357,7,0302512
991,8360,7,0582031
2600,8362,7,1466548
2601,8362,10,6073000
310389,8362,12,112892
296559,8364,7,0606770
363991,8364,18,66036
507886,8364,7,0606770
3362,8367,7,1466549
3363,8367,10,6069856
362390,8367,12,112905
2096,8370,7,0084290
363875,8370,10,543077
363656,8372,10,630801
363657,8372,7,0082907
492927,8372,5,0000172704
497307,8372,20,47871
310275,8373,12,113781
488925,8373,7,1499274
2270,8373,10,6069865
449,8376,7,0342514
364096,8377,10,6173235
364097,8377,18,70739
364098,8377,7,1434727
493062,8377,5,0000213641
2470,8378,7,1499270
362043,8378,10,6069866
362044,8378,12,113779
1735,8382,7,1272312
1736,8382,10,6122131
332055,8382,18,69633
493008,8382,5,0000209529
2457,8383,7,1499272
310414,8383,12,113780
327578,8383,23,NX.HSHEU.00B
309557,8385,18,38042
2748,8387,7,1499271
363686,8389,7,1090871
2348,8390,7,0492222
2349,8390,10,1127908
332186,8390,18,65810
493159,8390,5,0000214989
538,8394,7,1070124
3020,8397,7,1506178
3021,8397,10,6069785
310304,8397,25,NH.Q7JEU.00F
310305,8397,23,NH.Q7JEU.00F
361839,8397,12,117106
508,8398,10,5913460
331888,8398,18,67608
363694,8398,20,56249
1706,8399,7,1414496
1707,8399,10,6126142
507877,8399,5,0000214959
332057,8399,18,70080
2614,8405,7,0504075
364099,8405,18,72826
534305,8405,10,5670817
1924,8410,7,1352378
332095,8410,5,3817141
332096,8410,18,70180
493055,8410,5,0000254761
1925,8410,10,6173241
331894,8413,18,72029
363646,8413,7,1132315
520465,8413,10,6547580
310399,8414,23,81YK00GNRE
2663,8416,7,0601485
332184,8416,18,65894
332185,8416,5,3773541
507899,8416,5,0000237948
2664,8416,10,6005609
362393,8419,7,1382568
362394,8419,23,81Y300NDRE
2885,8419,10,6100052
363840,8420,7,0273777
2048,8423,7,0819029
2049,8423,10,5755868
303720,8428,7,1382552
1680,8430,7,0515907
303732,8430,10,1123502
332083,8430,18,65654
341832,8430,5,3760791
458351,8430,7,1554828
501135,8430,20,52616
507876,8430,5,0000214124
281675,8436,7,0318451
332183,8442,5,3815702
363963,8442,7,0220709
493097,8442,5,0000266532
507895,8442,20,61913
363676,8445,7,0342540
1761,8448,7,0819030
1762,8448,10,1123561
458360,8448,20,49786
1962,8455,7,0084647
1963,8455,10,412539
481297,8464,7,1069048
1895,8467,10,5662662
332100,8467,18,66404
336183,8467,20,53612
343723,8467,5,3775762
363869,8467,7,0592261
501141,8467,5,0000214964
2094,8477,7,1070147
2095,8477,10,1167180
303738,8477,7,0595899
332161,8477,5,3760789
1986,8485,7,1287889
296606,8488,10,6082488
1788,8491,7,1249603
1789,8491,10,6005473
296547,8491,7,1272295
332138,8491,18,69529
332139,8491,5,3808783
493085,8491,5,0000209095
501112,8494,7,1666147
520468,8497,7,0084400
510,8502,10,5907052
1862,8505,7,1460105
1863,8505,10,6151293
332106,8505,5,3818748
332107,8505,18,70306
511761,8505,5,0000212376
739,8511,7,0079564
331990,8511,5,3595410
336187,8513,7,1352155
493044,8513,5,0000210008
2560,8520,7,0314231
2624,8525,10,680549
332155,8525,18,61012
336188,8525,5,3702930
481296,8526,7,1071976
3195,8527,7,1272638
3196,8527,10,6050987
336063,8530,7,0962754
1012,8532,7,0596137
534214,8535,7,0954873
3473,8537,7,1355397
1995,8540,7,1352406
339323,8540,5,3817139
343028,8540,18,70181
363924,8540,20,62263
507887,8540,5,0000241653
1629,8548,7,1277116
296542,8548,10,6141657
332060,8548,5,3815696
342816,8548,18,69649
1728,8555,7,1277115
1729,8555,10,6073758
332084,8555,5,3815697
332085,8555,18,69648
1854,8565,7,0601488
1855,8565,10,5661292
332159,8565,18,66582
343730,8565,20,53914
501146,8565,5,0000242919
2053,8575,7,0606775
332152,8575,18,67026
332153,8575,5,3781204
364037,8575,10,5690717
281596,8580,7,1283634
303722,8580,10,6034035
532,8583,7,0342446
533,8583,10,646066
296480,8583,7,0284999
309559,8583,7,0235063
507347,8583,7,0285001
2718,8588,7,1457640
458338,8592,7,1542552
1984,8594,7,1409521
493054,8594,5,0000209541
1985,8594,10,6080193
343641,8596,7,0082815
2443,8600,7,0246204
296560,8600,10,831084
309643,8600,20,48148
364066,8600,18,62706
2486,8606,7,0313554
2487,8606,10,875522
332193,8606,18,65040
332194,8606,5,3702261
493112,8606,5,0000188298
1994,8612,7,0273833
339325,8612,5,3693421
2015,8619,7,0343339
332207,8619,18,61299
521,8624,7,0954787
363645,8624,7,1501341
2567,8625,7,0174645
2568,8625,10,621648
332228,8625,5,3666102
332229,8625,18,61009
363911,8632,20,59149
363912,8632,10,6101522
2350,8639,7,1401141
2351,8639,10,6141662
332174,8639,5,3815700
332175,8639,18,68440
511753,8639,5,0000260301
364064,8645,7,0510166
481327,8645,18,72886
490939,8645,10,1169231
501151,8645,5,0000199434
1933,8650,7,0174239
332116,8650,18,62929
458354,8650,20,49707
501142,8650,5,0000181226
536,8654,7,1214832
2210,8658,7,0351909
296552,8658,10,1030601
332135,8658,5,3711793
332136,8658,18,64200
363682,8659,7,1132316
458340,8659,18,72524
363681,8659,10,6560628
501,8663,7,1132167
331890,8663,18,70870
490919,8663,10,6638061
1802,8665,7,0084295
1803,8665,10,424132
336184,8665,5,3613280
1779,8670,7,0084398
1780,8670,10,412536
309632,8670,20,37184
2525,8676,10,6070141
2546,8684,7,1414512
504,8687,7,0533021
505,8687,10,6298157
309560,8687,20,54463
2450,8690,7,0530429
341841,8696,20,48816
343732,8696,7,0220708
529,8697,7,0601548
281681,8704,7,1352405
363917,8704,20,60260
363918,8704,18,73151
363919,8704,10,6388923
488906,8704,20,62261
281727,8710,7,0293388
281676,8712,7,1355257
309636,8712,20,61755
309637,8712,18,69634
363945,8712,10,6117058
493105,8712,5,0000209544
2047,8719,7,1414492
528763,8719,20,59377
622326,8724,10,810050
1843,8727,7,1275686
1844,8727,10,6051907
332120,8727,20,60353
336185,8727,18,69632
2340,8732,7,1414511
1812,8742,10,1052710
1811,8742,7,1071125
332131,8742,5,3748951
332132,8742,18,66847
484264,8742,7,0408160
493090,8742,5,0000193679
2218,8749,10,1086042
332128,8749,5,3702842
363933,8749,7,0314232
493023,8749,5,0000256985
303742,8754,7,0084292
1653,8760,7,1277113
343022,8760,18,69651
1921,8766,7,1249604
1922,8766,10,6042841
296557,8766,7,1504579
332202,8766,18,69526
339333,8766,5,3811283
506,8773,7,0082976
331884,8773,18,52407
1950,8776,7,0441816
1951,8776,10,1075814
332251,8776,18,66283
336198,8776,5,3760790
493026,8776,5,0000237432
346690,8779,20,61540
479,8784,7,1214826
309558,8784,20,60772
2445,8790,7,0246164
2446,8790,10,891939
332150,8790,5,3713118
332151,8790,18,63290
2149,8795,7,0342802
2033,8801,7,0313776
2034,8801,10,1030577
341836,8801,5,3702840
363944,8801,18,63019
1776,8806,7,0084640
1777,8806,10,475723
493007,8806,5,0000146279
1979,8814,7,0084484
484,8825,7,1382950
485,8825,10,6186510
309564,8825,20,59274
1795,8827,7,1353202
1796,8827,10,6141665
332112,8827,5,3818750
363892,8827,18,70179
331880,8829,18,71626
363629,8829,7,1132317
1874,8834,7,1287890
481319,8834,10,6056382
2040,8842,7,1249606
2041,8842,10,6023919
332088,8842,18,69542
332090,8842,5,3810080
493031,8842,5,0000209528
425,8847,7,0220713
331898,8847,5,3637557
331899,8847,18,57899
342803,8847,25,GT710-SL-2GD5-BRK
520463,8847,20,45361
346808,8849,7,1273450
494,8853,7,1382948
309552,8853,10,6312843
532753,8853,20,64576
532754,8853,10,6702022
2260,8858,10,5895405
332191,8858,5,3774058
511762,8858,5,0000199823
2259,8858,7,0579596
2262,8863,7,0504102
327477,8863,20,56418
498,8867,7,0592031
2213,8872,7,0342777
507,8895,7,1071990
2384,8898,7,0174643
515,8915,7,0082977
281671,8916,7,1352393
343716,8916,18,70295
481317,8916,20,61912
488889,8916,10,6210805
1910,8923,7,1352390
1911,8923,10,6196112
332117,8923,18,69892
332118,8923,5,3823688
2417,8929,7,1414513
526,8936,7,0082981
1998,8939,7,1287894
1999,8939,10,6019442
332119,8939,5,3810093
342821,8939,18,69638
507891,8939,5,0000209542
2020,8944,7,1460041
336190,8944,5,3822646
2279,8955,7,0412176
2280,8955,10,1052810
332154,8955,5,3757012
343729,8955,18,65553
501137,8955,5,0000194707
523,8959,7,0285001
2059,8967,7,0305338
604165,8974,7,0844717
341802,8978,20,59273
363653,8978,7,1070123
2069,8984,7,0084621
3475,8986,7,1283851
497,8989,7,1118249
3432,8991,7,1283850
3474,8996,10,6026504
489,8998,7,1141510
497310,8998,20,64394
1841,8999,7,1352382
1842,8999,10,6293418
342820,8999,18,70448
3256,9001,7,1354586
3257,9001,10,6026513
310316,9001,12,109890
339596,9001,5,3808846
377,9002,7,1480738
378,9002,10,6231214
3371,9005,7,1375130
3372,9005,10,6026553
1826,9006,7,1414490
1827,9006,10,6084895
332078,9006,18,70076
339318,9006,5,3814109
493017,9006,5,0000210713
339275,9012,7,0608988
1725,9013,7,1410730
343718,9013,5,3814110
346806,9013,20,59239
363903,9013,18,70084
363904,9013,10,6075616
493045,9013,5,0000210714
363672,9017,7,1132314
364230,9021,7,1414509
2178,9027,7,1253079
2179,9027,10,6005469
332176,9027,18,69708
332177,9027,5,3808767
1941,9036,7,0860426
1942,9036,10,5725663
332160,9036,5,3777019
2473,9042,7,0531160
332215,9042,18,66495
332216,9042,5,3772814
2474,9042,10,1140931
1976,9051,7,0600254
332133,9051,5,3770817
332134,9051,18,65895
493089,9051,5,0000245440
1977,9051,10,1123517
2126,9058,7,0571235
2127,9058,10,1130734
332220,9058,18,66017
332219,9058,20,49886
3466,9060,7,1263086
3467,9060,10,6050967
310454,9060,12,110705
1899,9067,7,0342775
1900,9067,10,1086038
1904,9079,7,1028180
1905,9079,10,5818027
309635,9079,20,49787
363854,9086,7,0217889
488879,9086,10,654659
522330,9086,20,51555
2494,9092,7,0217860
332247,9092,5,3662747
332248,9092,18,61144
1993,9096,7,0217892
363934,9096,20,47301
363935,9096,10,666376
332249,9101,5,3655959
493148,9101,5,0000164529
2895,9102,7,1404420
337112,9102,25,3793-2911
1852,9106,10,6117097
332108,9106,18,70333
332109,9106,5,3817137
493156,9106,5,0000230518
1851,9106,7,1440737
1816,9110,7,1352400
363861,9110,10,6070145
458352,9110,20,59076
2810,9116,7,1453009
2038,9122,7,1275749
309623,9122,18,69637
363906,9122,10,6242050
493021,9122,5,0000209539
1926,9126,7,1272305
2358,9142,7,0342778
2188,9147,7,0313784
332130,9147,18,63285
2574,9148,7,1275759
2575,9148,10,5913756
310352,9148,23,G531GV-ES016
332936,9148,12,109591
2129,9179,7,1287883
2130,9179,10,6291354
309625,9179,20,61678
309626,9179,18,69699
309627,9179,5,3811965
2539,9184,7,1414515
2540,9184,10,6052037
332232,9184,5,3811970
364166,9191,7,1414507
3471,9194,7,0844610
296605,9194,10,5900241
2039,9196,7,1272307
332156,9196,18,69635
3383,9198,7,1147945
3384,9198,10,6014555
310485,9198,23,9FT57EA
327586,9198,12,109302
2120,9201,7,1249605
296551,9201,10,6310304
332142,9201,18,69528
332143,9201,5,3813890
303725,9205,7,1147940
303726,9205,10,6050044
310434,9205,12,110391
1792,9207,7,1352395
1793,9207,10,6070149
332122,9207,18,70187
1946,9213,7,0579603
296548,9213,10,1169701
332129,9213,5,3774059
339322,9213,18,66848
493088,9213,5,0000199824
534304,9213,20,53686
2434,9218,7,0504077
2141,9222,10,6010987
309630,9222,20,60378
2157,9226,7,0313767
2158,9226,10,1030585
332221,9226,5,3750098
2061,9231,7,0313785
2062,9231,10,1065485
332209,9231,18,63020
363989,9237,7,0084251
363990,9237,10,495440
3481,9241,7,1147947
3482,9241,10,6000601
458401,9241,12,108437
2261,9247,7,1287197
2592,9256,7,1414514
2783,9260,7,1272299
332208,9260,5,3810083
363949,9265,20,57238
490936,9265,25,IH81-MA5
534298,9265,20,64812
534299,9265,7,0759597
534300,9265,10,6090980
332182,9269,18,66284
339331,9269,5,3769187
364234,9269,7,0492245
493108,9269,5,0000259907
531545,9269,10,1130732
2618,9278,7,0290183
309662,9282,20,50175
363937,9282,18,61607
363938,9282,10,680520
363936,9282,7,0238815
364140,9287,7,0342797
339263,9291,7,0342541
1868,9298,7,0276595
1869,9298,10,621644
493056,9298,5,0000173381
2627,9314,7,0246217
2628,9314,10,517770
332234,9314,5,3647969
493046,9314,5,0000157846
1934,9332,7,0084410
1935,9332,10,464451
341834,9332,20,36251
2809,9338,7,1457638
364052,9338,18,72746
1959,9342,7,1352397
1960,9342,10,6070143
343024,9342,18,70294
493005,9342,5,0000256103
626189,9342,20,59073
2465,9346,7,1287199
2555,9351,7,1287891
2556,9351,10,6042846
309657,9351,20,58748
342823,9351,18,69706
2018,9357,7,1287887
2019,9357,10,6051987
363987,9357,18,69703
363592,9361,7,1045655
363593,9361,10,5876391
2124,9362,7,1287884
2125,9362,10,6052055
332213,9362,5,3811971
332214,9362,18,70631
493043,9362,5,0000210003
2115,9367,7,1287895
2116,9367,10,6173222
332148,9367,5,3811969
332149,9367,18,69704
1786,9372,7,1249608
1787,9372,10,6117072
332124,9372,18,69544
332125,9372,5,3810084
2471,9376,7,1063455
2472,9376,10,5772827
2596,9381,7,0781031
2796,9386,7,0596125
332250,9390,18,67031
363922,9390,10,1075817
363923,9390,7,0515915
2608,9394,7,0404358
2557,9398,7,0596118
2292,9402,7,0174662
2057,9406,7,0174663
2058,9406,10,785587
332144,9406,18,63018
332145,9406,5,3703146
2678,9414,7,0313781
2684,9419,7,0174644
2727,9439,7,1352404
364033,9439,20,62520
364034,9439,10,6388915
1807,9443,7,1352399
303734,9443,10,6070148
332101,9443,5,3816348
493060,9443,5,0000211377
520470,9443,20,59075
2408,9452,7,1268877
1989,9460,7,1352401
1990,9460,10,6155363
332196,9460,18,71100
339335,9460,5,3813889
493053,9460,5,0000264035
281613,9463,7,1251660
362308,9463,12,109031
362309,9463,10,5938291
2468,9465,7,1273448
3271,9467,7,1240934
3272,9467,10,5938026
310457,9467,12,108242
2537,9469,7,1287893
2538,9469,10,6042863
332205,9469,18,69643
344116,9472,7,1268729
2089,9473,7,1272306
303739,9473,7,1453006
439,9474,7,1040854
440,9474,10,5872121
341799,9474,20,59770
296556,9478,7,0606770
2679,9482,7,1067743
3223,9483,7,1251617
309653,9486,20,55006
343032,9486,18,66516
497322,9486,7,0818997
2314,9501,7,1355412
2315,9501,10,5854819
2483,9502,10,1169223
343734,9502,5,3772549
363988,9502,7,0571231
2437,9508,7,0494051
2438,9508,10,1125427
332206,9508,5,3763074
493110,9508,5,0000231024
2352,9512,7,0832924
2353,9512,10,1075843
339353,9512,18,65503
2868,9526,7,0343085
303,9532,7,0601554
2631,9533,7,0246169
2365,9538,7,0174646
2371,9544,7,0084512
2372,9544,10,654487
332254,9544,5,3672746
363974,9549,18,61170
578138,9549,10,680519
364108,9555,7,0314225
2873,9560,7,0217864
2874,9560,10,574141
332892,9560,5,3662748
363589,9570,7,0962771
363590,9570,18,73315
2699,9573,7,0084482
332260,9573,5,3632680
2708,9597,7,0084271
336192,9597,18,19792
363995,9597,10,451210
296566,9602,7,1352384
2395,9608,7,1353042
2396,9608,10,6173251
332187,9608,5,3815701
493052,9608,5,0000227241
2291,9615,7,1457654
584741,9615,10,6223214
309645,9615,20,60761
363663,9617,7,1138481
2009,9620,7,1470404
2010,9620,10,6294661
534321,9620,20,61525
2016,9627,7,1287885
2017,9627,10,6042858
332225,9627,5,3811967
332226,9627,18,69702
512786,9627,5,0000209999
2301,9632,7,1287886
2302,9632,10,6155330
332188,9632,18,69700
332189,9632,5,3811968
493094,9632,5,0000210000
2111,9637,7,1352394
364101,9637,20,58703
364102,9637,10,6444124
2647,9642,7,1062766
332885,9642,5,3796551
332886,9642,18,70451
2595,9653,10,6293411
2730,9657,7,0740574
2609,9662,7,0504065
363992,9662,18,73220
534296,9662,10,5662663
2509,9667,7,0494050
332236,9667,18,65674
332237,9667,5,3764429
2743,9672,7,0412158
2744,9672,10,1051135
332217,9672,18,67341
604389,9672,20,52067
2670,9676,7,0786631
332881,9676,5,3740238
332882,9676,18,64243
493096,9676,5,0000192713
2128,9688,10,777586
332224,9688,18,62929
364065,9688,7,1613726
586240,9688,7,1685733
1949,9693,10,1035412
332212,9693,18,63112
339336,9693,5,3717444
493048,9693,5,0000185449
1948,9693,7,0290197
3327,9696,7,1123088
3328,9696,10,5898662
2362,9698,7,0174655
2363,9698,10,1052889
309659,9698,20,49567
309660,9698,18,63013
339341,9698,5,3713117
493009,9698,5,0000182445
2902,9703,10,1163190
2901,9703,7,0492224
2703,9717,7,0084533
2704,9717,10,654476
2760,9724,7,0174661
332893,9724,5,3665990
2780,9739,7,1410712
2781,9739,10,6080186
2701,9746,7,0084328
363941,9757,7,1070200
2312,9764,7,0084364
2313,9764,10,412151
332227,9764,5,3475814
493139,9764,5,0000030001
1801,9779,10,6113946
332123,9779,18,70495
363888,9779,7,1414518
507879,9779,5,0000269225
578127,9779,20,59471
2245,9784,7,1352403
364060,9784,10,6368495
458362,9784,18,73114
507903,9784,20,62264
363968,9789,7,1070154
2484,9791,7,1017076
2485,9791,10,5900232
346818,9791,12,108213
363692,9795,7,0601557
2170,9801,7,1456432
2171,9801,10,6298831
332195,9801,5,3828227
339334,9801,18,69653
1940,9809,7,1414503
303733,9809,10,6151287
332105,9809,5,3819235
364215,9809,18,71752
592812,9813,10,6090978
2594,9819,7,1460042
336189,9819,5,3817133
2044,9825,7,1272304
296561,9825,10,6301786
309641,9825,20,61674
2447,9830,7,1128617
364203,9834,7,1653385
2545,9834,7,1067746
281678,9839,7,0290182
2740,9843,10,5873196
341845,9843,7,0582065
2756,9850,7,0582040
2757,9850,10,5873197
346814,9850,5,3797384
2669,9855,7,0492238
2671,9855,10,1125431
309655,9855,20,53291
309656,9855,5,3769186
2619,9861,7,0494045
332238,9861,5,3760313
2620,9861,10,1167170
332239,9861,18,65673
2490,9872,7,0342790
332218,9872,18,65259
2675,9882,7,0313960
2676,9882,10,945220
534342,9887,10,1051237
2508,9893,7,0084534
2969,9903,7,0174667
512,9906,7,0082725
2025,9908,7,0220679
2941,9914,7,0292754
2942,9914,10,542127
332233,9914,5,3646379
336197,9914,18,58389
493167,9914,5,0000156517
2511,9920,7,0273884
332197,9920,5,3635824
2763,9925,7,0601486
514201,9930,10,464462
3062,9951,7,0835285
2605,9955,7,0835286
2526,9966,7,1457457
2087,9972,7,1414493
332157,9972,18,70384
332158,9972,5,3813898
493059,9972,5,0000214119
2088,9972,10,6117308
2331,9982,7,1273447
339330,9982,5,3818753
493128,9982,5,0000212381
1891,9987,7,1277117
1892,9987,10,6141656
343727,9987,5,3818752
2416,9993,7,1273449
364252,9998,7,1604428
