id,MarketId,Name,WriteDate
1,19466,One,2021-06-24 11:38:00.000000
2,8106,LiSHOP.,2021-06-24 11:38:01.000000
3,2033,24shop,2021-06-24 11:38:01.000000
4,3467,5 элемент,2021-06-24 11:38:01.000000
5,1791,bigi,2021-06-24 11:38:01.000000
6,965,21vek,2021-06-24 11:38:01.000000
7,627,TECHNO-MOBILE,2021-06-24 11:38:01.000000
8,4490,Мультиком.,2021-06-24 11:38:01.000000
9,6498,Newton,2021-06-24 11:38:01.000000
10,1378,SOCKET,2021-06-24 11:38:01.000000
11,18930,Eclipse,2021-06-24 11:38:01.000000
12,581,iMarket,2021-06-24 11:38:01.000000
13,1689,AMD,2021-06-24 11:38:01.000000
14,18790,e-dostavka,2021-06-24 11:38:01.000000
15,19075,MISMAN,2021-06-24 11:38:03.000000
16,1748,Sli,2021-06-24 11:38:06.000000
17,18655,интернет-магазин 234,2021-06-24 11:38:06.000000
18,1113,Медиа Маркет групп ООО,2021-06-24 11:38:06.000000
19,17755,сНДС,2021-06-24 11:38:06.000000
20,18456,itx,2021-06-24 11:38:06.000000
21,13829,multimart,2021-06-24 11:38:06.000000
22,5363,ВИКО-ТЕХНО,2021-06-24 11:38:06.000000
23,17250,X-Core,2021-06-24 11:38:06.000000
24,6654,prooffice,2021-06-24 11:38:06.000000
25,19211,xi-sale,2021-06-24 11:38:06.000000
26,19257,SNDS,2021-06-24 11:38:06.000000
27,3960,UNI,2021-06-24 11:38:06.000000
28,2611,KST,2021-06-24 11:38:06.000000
29,17247,NeoMag,2021-06-24 11:38:06.000000
30,19463,Mobilaz,2021-06-24 11:38:06.000000
31,12995,beznaltorg,2021-06-24 11:38:06.000000
32,14807,izliv,2021-06-24 11:38:06.000000
33,19088,Megazon,2021-06-24 11:38:06.000000
34,416,ITMarket,2021-06-24 11:38:06.000000
35,674,Nixpro,2021-06-24 11:38:06.000000
36,416,ITMarket,2021-06-24 11:38:06.000000
37,3016,Техника Успеха,2021-06-24 11:38:06.000000
38,3016,Техника Успеха,2021-06-24 11:38:06.000000
39,7779,Ирсен Групп,2021-06-24 11:38:06.000000
40,1062,radiomarket,2021-06-24 11:38:07.000000
41,19222,stepto,2021-06-24 11:38:08.000000
42,19251,А001,2021-06-24 11:38:08.000000
43,1425,НА СВЯЗИ,2021-06-24 11:38:08.000000
44,19096,575,2021-06-24 11:38:08.000000
45,19128,UniKrama,2021-06-24 11:38:08.000000
46,5410,KingStyle,2021-06-24 11:38:08.000000
47,67,Реал-Ноут,2021-06-24 11:38:09.000000
48,13460,Бонус,2021-06-24 11:38:09.000000
49,12310,ХОБОТ,2021-06-24 11:38:09.000000
50,12145,1000melochey,2021-06-24 11:38:09.000000
51,18144,brabantiа,2021-06-24 11:38:09.000000
52,14064,udoma.by,2021-06-24 11:38:09.000000
53,17352,Базарчик,2021-06-24 11:38:09.000000
54,17352,Базарчик,2021-06-24 11:38:09.000000
55,16759,domteplic,2021-06-24 11:38:10.000000
56,18637,Смольный,2021-06-24 11:38:10.000000
57,2434,Магнит Сухарево,2021-06-24 11:38:11.000000
58,17486,Aqua-thermo,2021-06-24 11:38:11.000000
59,14561,СантимГрупп,2021-06-24 11:38:11.000000
60,14913,XIAOMI-STORE,2021-06-24 11:38:12.000000
61,14216,xistore,2021-06-24 11:38:14.000000
62,12176,Интернет-магазин dviglo,2021-06-24 11:38:16.000000
63,12807,PRODETAL,2021-06-24 11:38:16.000000
64,19264,AVD,2021-06-24 11:38:16.000000
65,3248,glonas,2021-06-24 11:38:16.000000
66,12842,Автолайн,2021-06-24 11:38:16.000000
67,16126,Autoconcept,2021-06-24 11:38:18.000000
68,14454,avs auto,2021-06-24 11:38:18.000000
69,19067,xenonshop,2021-06-24 11:38:19.000000
70,232,СТБ Mobile,2021-06-24 11:38:21.000000
71,18896,SMART MARKET,2021-06-24 11:38:22.000000
72,8548,zababon,2021-06-24 11:38:22.000000
73,16297,XIAOMI,2021-06-24 11:38:23.000000
74,17771,e-sale,2021-06-24 11:38:23.000000
75,18960,Smarthub,2021-06-24 11:38:23.000000
76,1443,НОВА,2021-06-24 11:38:23.000000
77,19352,PRO-TECHNO,2021-06-24 11:38:23.000000
78,15024,ksenon.by,2021-06-24 11:38:31.000000
79,8482,1teh,2021-06-24 11:38:32.000000
80,3886,VIPCOMP,2021-06-24 11:38:32.000000
81,15206,tpro,2021-06-24 11:38:32.000000
82,2518,RULEZ,2021-06-24 11:38:32.000000
83,5914,ЗВУКОВИК,2021-06-24 11:38:32.000000
84,18058,Бухта,2021-06-24 11:38:32.000000
85,14747,Магазин Instrument,2021-06-24 11:38:32.000000
86,4820,Удачник,2021-06-24 11:38:32.000000
87,19162,sds plus,2021-06-24 11:38:32.000000
88,16623,TopBaza,2021-06-24 11:38:32.000000
89,5359,dreli,2021-06-24 11:38:32.000000
90,14205,МегаМакс,2021-06-24 11:38:32.000000
91,18174,SEBE,2021-06-24 11:38:32.000000
92,12691,7745 Большой магазин,2021-06-24 11:38:32.000000
93,12691,7745 Большой магазин,2021-06-24 11:38:32.000000
94,14104,HOMY,2021-06-24 11:38:32.000000
95,17048,guter,2021-06-24 11:38:32.000000
96,1340,nm group,2021-06-24 11:38:32.000000
97,4265,GRANDOS,2021-06-24 11:38:32.000000
98,18876,ANKER,2021-06-24 11:38:33.000000
99,17652,КУВАЛДА,2021-06-24 11:38:33.000000
100,19236,Надёжные инструменты,2021-06-24 11:38:34.000000
101,19273,terem-ok,2021-06-24 11:38:34.000000
102,17591,Стройинструмент-М,2021-06-24 11:38:35.000000
103,19112,1HOME,2021-06-24 11:38:36.000000
104,16172,Belsklad,2021-06-24 11:38:38.000000
105,7934,ПронтоТелеком,2021-06-24 11:38:39.000000
106,2138,FBS,2021-06-24 11:38:42.000000
107,792,Nice Shop,2021-06-24 11:38:49.000000
108,792,Nice Shop,2021-06-24 11:38:49.000000
109,7173,Galiley,2021-06-24 11:38:49.000000
110,13598,ВАША ТЕМА,2021-06-24 11:38:49.000000
111,17494,TSPro,2021-06-24 11:38:49.000000
112,5077,Absolut shop,2021-06-24 11:38:49.000000
113,5760,эдельвейс,2021-06-24 11:38:49.000000
114,16028,platus,2021-06-24 11:38:49.000000
115,2716,ТЕХНОКЛАСС,2021-06-24 11:38:49.000000
116,6261,Акваплюс,2021-06-24 11:38:55.000000
117,9511,KLENOF.BY,2021-06-24 11:38:55.000000
118,11522,Лодочник,2021-06-24 11:38:56.000000
119,18050,Asport,2021-06-24 11:39:21.000000
120,5005,Mobi-lux,2021-06-24 11:39:21.000000
121,990,EuroService,2021-06-24 11:39:21.000000
122,14375,domovladelets.by,2021-06-24 11:39:21.000000
123,19042,grillandjoy,2021-06-24 11:39:21.000000
124,14212,springhouse,2021-06-24 11:39:22.000000
125,16247,palatky,2021-06-24 11:39:22.000000
126,12974,Megadacha,2021-06-24 11:39:22.000000
127,12735,ЭЛЕКТРОСИЛА,2021-06-24 11:39:23.000000
128,12735,ЭЛЕКТРОСИЛА,2021-06-24 11:39:23.000000
129,17198,antenka,2021-06-24 11:39:24.000000
130,17261,Goldnails,2021-06-24 11:39:29.000000
131,17470,mynails.by,2021-06-24 11:39:29.000000
132,19232,ИП УСНИЧ Е.В.,2021-06-24 11:39:29.000000
133,17619,Райдер,2021-06-24 11:39:31.000000
134,18126,Берегите Чудо,2021-06-24 11:39:33.000000
135,7293,MagicKids,2021-06-24 11:39:33.000000
136,16263,Lorelli.by,2021-06-24 11:39:34.000000
137,19415,LeoPanda,2021-06-24 11:39:34.000000
138,8765,LevelUP,2021-06-24 11:39:34.000000
139,1901,СВКомп плюс,2021-06-24 11:39:34.000000
140,14700,VipBaby,2021-06-24 11:39:34.000000
141,18607,Магазин «Лебо»,2021-06-24 11:39:35.000000
142,10245,МаМалыш,2021-06-24 11:39:35.000000
143,15197,ЭКСПИРИмЕНТУС,2021-06-24 11:39:35.000000
144,16937,е-baby,2021-06-24 11:39:35.000000
145,15827,selaton,2021-06-24 11:39:36.000000
146,15536,Всё для Света,2021-06-24 11:39:37.000000
147,16289,lampo4ka,2021-06-24 11:39:37.000000
148,16289,lampo4ka,2021-06-24 11:39:37.000000
149,15931,svet24.by,2021-06-24 11:39:37.000000
150,19174,led-svet,2021-06-24 11:39:37.000000
151,3682,bodro,2021-06-24 11:39:41.000000
152,5698,Сэйсимед,2021-06-24 11:39:42.000000
153,6451,"""Оптика-медтехника""",2021-06-24 11:39:42.000000
154,18540,stepmed.by,2021-06-24 11:39:42.000000
155,16114,beurer-belarus.by,2021-06-24 11:39:42.000000
156,3658,MedApteka,2021-06-24 11:39:42.000000
157,620,Zvonok,2021-06-24 11:39:43.000000
158,17445,violamag,2021-06-24 11:39:44.000000
159,5968,"ООО ""ТермоДАР""",2021-06-24 11:39:44.000000
160,15665,Manevr,2021-06-24 11:39:44.000000
161,17387,Trals,2021-06-24 11:39:47.000000
162,2024,EXITEQ SHOP,2021-06-24 11:39:48.000000
163,19305,Smartx - магазин полезных гаджетов,2021-06-24 11:39:49.000000
164,19111,pro-med.by,2021-06-24 11:39:49.000000
165,16615,"ООО ""ПРОФИАВТОКОМП""",2021-06-24 11:39:51.000000
166,18998,vtac.by,2021-06-24 11:39:54.000000
167,1450,avto hi fi,2021-06-24 11:39:55.000000
168,1695,4M ЧЕСТНЫЙ МАГАЗИН,2021-06-24 11:39:55.000000
169,6904,"ООО ""Автомобильные системы безопасности""",2021-06-24 11:39:55.000000
170,18928,SALONZVUKA,2021-06-24 11:39:56.000000
171,19086,Простая электрика,2021-06-24 11:40:21.000000
172,16146,Домакс Систем,2021-06-24 11:40:22.000000
173,19057,ЮниэлБелПром,2021-06-24 11:40:22.000000
174,196,FOTOMIX,2021-06-24 11:40:23.000000
175,936,ТехноМир,2021-06-24 11:40:23.000000
176,19151,cafeconnect,2021-06-24 11:40:23.000000
177,1579,Sputniki,2021-06-24 11:40:23.000000
178,3035,GPSnavi,2021-06-24 11:40:23.000000
179,9097,ТехноБарс,2021-06-24 11:40:23.000000
180,12828,i-store,2021-06-24 11:40:23.000000
181,331,Магазин 7435,2021-06-24 11:40:24.000000
182,16927,Moly,2021-06-24 11:40:24.000000
183,256,Мобилайн,2021-06-24 11:40:24.000000
184,1270,vizit,2021-06-24 11:40:24.000000
185,16865,KISET,2021-06-24 11:40:24.000000
186,19215,Foxstore,2021-06-24 11:40:24.000000
187,5105,MX,2021-06-24 11:40:24.000000
188,18865,"ООО ""Электротехимпорт""",2021-06-24 11:40:25.000000
189,613,Tehnominsk,2021-06-24 11:40:26.000000
190,1921,PROBEZNAL,2021-06-24 11:40:27.000000
191,12035,ElectrON,2021-06-24 11:40:27.000000
192,4717,c-media,2021-06-24 11:40:28.000000
193,14595,ЭльМор,2021-06-24 11:40:30.000000
194,17630,Alltractors,2021-06-24 11:40:30.000000
195,15795,1Like,2021-06-24 11:40:33.000000
196,147,ViP MARKET,2021-06-24 11:40:33.000000
197,16903,marchenko,2021-06-24 11:40:33.000000
198,18962,click,2021-06-24 11:40:33.000000
199,19370,kzr.shop.by,2021-06-24 11:40:34.000000
200,3115,Orbital,2021-06-24 11:40:35.000000
201,15157,Prostar,2021-06-24 11:40:36.000000
202,18444,Модный Мастер,2021-06-24 11:40:36.000000
203,1576,ZolotayaAkula,2021-06-24 11:40:53.000000
204,13896,domotehnika,2021-06-24 11:40:53.000000
205,15181,MAUNFELD,2021-06-24 11:40:54.000000
206,18614,КондиГвин,2021-06-24 11:40:54.000000
207,17211,Laretti.by,2021-06-24 11:40:56.000000
208,8063,garfield,2021-06-24 11:40:56.000000
209,7253,happyzoo,2021-06-24 11:40:58.000000
210,16467,Фирменный салон GEFEST,2021-06-24 11:41:10.000000
211,6035,"Магазин ""Черный и Зеленый""",2021-06-24 11:41:11.000000
212,15892,ГИРАС-Д,2021-06-24 11:41:21.000000
213,5136,"ООО""Музыка""",2021-06-24 11:41:23.000000
214,16807,VNstore,2021-06-24 11:41:23.000000
215,1042,Фотомагазин,2021-06-24 11:41:24.000000
216,1807,NetBox,2021-06-24 11:41:24.000000
217,8416,М.Аудио,2021-06-24 11:41:24.000000
218,1675,4PLAY,2021-06-24 11:41:24.000000
219,4991,MyDevice.,2021-06-24 11:41:24.000000
220,319,Inforoom,2021-06-24 11:41:24.000000
221,19346,F1Shop,2021-06-24 11:41:26.000000
222,18034,"""instock""",2021-06-24 11:41:26.000000
223,7175,piano - интернет-магазин музыкальных инструментов,2021-06-24 11:41:27.000000
224,17633,musicpro,2021-06-24 11:41:27.000000
225,5023,FOTERA,2021-06-24 11:41:27.000000
226,12333,INTERFOTO,2021-06-24 11:41:31.000000
227,18843,Emmet,2021-06-24 11:41:34.000000
228,5134,Mega-Market,2021-06-24 11:41:34.000000
229,1543,Promtorg,2021-06-24 11:41:34.000000
230,2379,ELIOT,2021-06-24 11:41:34.000000
231,12718,karcher-stuttgart,2021-06-24 11:41:34.000000
232,1801,24real,2021-06-24 11:41:34.000000
233,1701,robobot,2021-06-24 11:41:34.000000
234,1608,Mirtehniki,2021-06-24 11:41:34.000000
235,16526,Интернет магазин Керхер,2021-06-24 11:41:34.000000
236,17671,ONYXBOOX,2021-06-24 11:41:35.000000
237,12502,garagnik,2021-06-24 11:41:35.000000
238,12993,megacar,2021-06-24 11:41:35.000000
239,4198,syper shop,2021-06-24 11:41:35.000000
240,19429,АлмазPRO,2021-06-24 11:41:35.000000
241,19334,agrovelo,2021-06-24 11:41:35.000000
242,1794,bes shop,2021-06-24 11:41:36.000000
243,18925,Дом Уютных Решений,2021-06-24 11:41:38.000000
244,17059,denzel.by,2021-06-24 11:41:38.000000
245,16063,Садовая техника STIGA,2021-06-24 11:41:44.000000
246,5441,agropark,2021-06-24 11:41:49.000000
247,10189,Nasosov - интернет-гипермаркет насосов,2021-06-24 11:41:50.000000
248,19348,TERMOKRAFT,2021-06-24 11:41:51.000000
249,5293,Мир Инструмента,2021-06-24 11:41:51.000000
250,6297,maximal,2021-06-24 11:41:51.000000
251,16990,ART PLATINO,2021-06-24 11:41:57.000000
252,7948,IQ140,2021-06-24 11:41:57.000000
253,13466,gravitech,2021-06-24 11:41:57.000000
254,19437,Electrolux-market,2021-06-24 11:41:57.000000
255,1277,elmarket,2021-06-24 11:41:57.000000
256,7844,Techno,2021-06-24 11:41:58.000000
257,19419,Vi-Store,2021-06-24 11:41:58.000000
258,16067,santehall,2021-06-24 11:41:58.000000
259,13803,Интернет магазин Onestep,2021-06-24 11:41:58.000000
260,16590,REDMOND.BY,2021-06-24 11:42:00.000000
261,1681,Stolzakazov,2021-06-24 11:42:01.000000
262,15218,1SM,2021-06-24 11:42:01.000000
263,17336,Магазин сантехники ВОДОПАД,2021-06-24 11:42:01.000000
264,19309,Electrolux-shop,2021-06-24 11:42:03.000000
265,18336,homsair.by,2021-06-24 11:42:10.000000
266,17917,newtehno,2021-06-24 11:42:10.000000
267,15708,Аккамулик,2021-06-24 11:42:22.000000
268,13430,1akb,2021-06-24 11:42:22.000000
269,5263,Аккумулятор,2021-06-24 11:42:22.000000
270,9851,autospace,2021-06-24 11:42:22.000000
271,3156,РИМБАТ Маркет,2021-06-24 11:42:22.000000
272,5895,AutoEnergy,2021-06-24 11:42:22.000000
273,5120,Первая аккумуляторная компания,2021-06-24 11:42:22.000000
274,18897,OPTIMAL.,2021-06-24 11:42:22.000000
275,13945,battorg,2021-06-24 11:42:22.000000
276,161,"УП ""Компания ФОТО-6""",2021-06-24 11:42:27.000000
277,13274,Байдорс,2021-06-24 11:42:27.000000
278,10496,Dostupno.by,2021-06-24 11:42:27.000000
279,13140,4Двери,2021-06-24 11:42:27.000000
280,18357,dvernoirai.by,2021-06-24 11:42:27.000000
281,19063,Стрела-Двери,2021-06-24 11:42:28.000000
282,19146,7 квадратов,2021-06-24 11:42:28.000000
283,16092,Dveri magna,2021-06-24 11:42:29.000000
284,6869,"ОДО ""КОЛЕСОПЛЮС""",2021-06-24 11:42:32.000000
285,12003,ВИКТОГОР ГРУПП,2021-06-24 11:42:32.000000
286,3767,e-koleso,2021-06-24 11:42:32.000000
287,16708,Pro100tehnika,2021-06-24 11:42:32.000000
288,606,mobistyle.,2021-06-24 11:42:32.000000
289,16530,braun-shop.by,2021-06-24 11:42:33.000000
290,16782,MTI.BY,2021-06-24 11:43:10.000000
291,12881,ТМБ,2021-06-24 11:43:16.000000
292,9564,4 seasons,2021-06-24 11:43:17.000000
293,13605,Капасити,2021-06-24 11:43:23.000000
294,19184,Почтовый интернет-магазин,2021-06-24 11:43:26.000000
295,16529,kenwood-shop.by,2021-06-24 11:43:27.000000
296,19193,3Kita,2021-06-24 11:43:41.000000
297,8371,M-velo,2021-06-24 11:43:42.000000
298,8371,M-velo,2021-06-24 11:43:42.000000
299,19338,ZABAVA-SHOP,2021-06-24 11:43:50.000000
300,18421,МЯЧИКИ,2021-06-24 11:43:59.000000
301,12801,tdmajor,2021-06-24 11:44:00.000000
302,19306,"""СкарбонкаБел""",2021-06-24 11:44:00.000000
303,7689,Спорттовары,2021-06-24 11:44:00.000000
304,4515,union shop,2021-06-24 11:44:00.000000
305,15530,Овертайм,2021-06-24 11:44:00.000000
306,19143,BVT.by,2021-06-24 11:44:06.000000
307,3698,technozone,2021-06-24 11:44:19.000000
308,17235,madgeeks,2021-06-24 11:44:32.000000
309,17237,picooc.by,2021-06-24 11:44:32.000000
310,7557,tut24.by,2021-06-24 11:44:39.000000
311,15003,Holodilnik,2021-06-24 11:44:53.000000
312,5486,Гефест Минск Гродно,2021-06-24 11:44:53.000000
313,17399,Магазин подарков vberloge,2021-06-24 11:45:04.000000
314,17902,igrushkino,2021-06-24 11:45:10.000000
315,16941,Интернет-магазин 901.by,2021-06-24 11:45:23.000000
316,5603,"""швейные машины"" магазин - мастерская",2021-06-24 11:45:27.000000
317,5527,hobbyshop.by,2021-06-24 11:45:27.000000
318,11882,Магазин Швейный Советник,2021-06-24 11:45:27.000000
319,19451,Интернет-магазин Vseigrushki,2021-06-24 11:45:31.000000
320,17844,beru,2021-06-24 11:45:31.000000
321,7678,boardgames.,2021-06-24 11:45:31.000000
322,11833,RedMoose,2021-06-24 11:45:31.000000
323,9654,Сундучёк,2021-06-24 11:45:31.000000
324,14170,Гульня,2021-06-24 11:45:37.000000
325,16464,igramag,2021-06-24 11:45:43.000000
326,17274,mamin-dom,2021-06-24 11:46:19.000000
327,16442,dommelochi,2021-06-24 11:46:28.000000
328,707,Agroup,2021-06-24 11:46:39.000000
329,18371,4050,2021-06-24 11:46:39.000000
330,167,Рассрочка,2021-06-24 11:46:39.000000
331,16425,69F,2021-06-24 11:46:39.000000
332,11313,MARO,2021-06-24 11:46:40.000000
333,16048,e-klimat.by,2021-06-24 11:46:40.000000
334,6157,vodonagrevatel,2021-06-24 11:46:41.000000
335,16528,delonghi shop,2021-06-24 11:46:41.000000
336,18435,Аккордцвета,2021-06-24 11:46:42.000000
337,17481,Klimatshop,2021-06-24 11:46:50.000000
338,13557,Ledeme,2021-06-24 11:46:54.000000
339,13064,Zerkalka-shop,2021-06-24 11:46:55.000000
340,163,PHOTOSHOP,2021-06-24 11:46:55.000000
341,19302,Eclipse-безнал,2021-06-24 11:46:55.000000
342,5615,mirmatrasov,2021-06-24 11:46:55.000000
343,5142,Матрасы Vegas,2021-06-24 11:46:55.000000
344,6882,mebeltrade,2021-06-24 11:46:55.000000
345,15548,mrsleep.by,2021-06-24 11:46:55.000000
346,18847,Fluger,2021-06-24 11:47:45.000000
347,16184,Климатический магазин VTC,2021-06-24 11:47:57.000000
348,14057,МИКРО-КЛИМАТ,2021-06-24 11:47:58.000000
349,15724,Климатические решения,2021-06-24 11:47:59.000000
350,15263,Оfficeton,2021-06-24 11:48:06.000000
351,16731,eos.by,2021-06-24 11:48:07.000000
352,10840,New Store,2021-06-24 11:48:15.000000
353,16558,Uppstore.by,2021-06-24 11:48:15.000000
354,14519,oiltut.by,2021-06-24 11:48:22.000000
355,14225,Умный Климат,2021-06-24 11:48:27.000000
356,16849,Huawei,2021-06-24 11:48:33.000000
357,9666,VOLTRA,2021-06-24 11:48:36.000000
358,13399,Vodolei,2021-06-24 11:48:36.000000
359,14778,Теплосантехника,2021-06-24 11:48:36.000000
360,17451,THERMAS.BY,2021-06-24 11:48:36.000000
361,18468,Santon,2021-06-24 11:48:36.000000
362,16829,iheat отопление водоснабжение,2021-06-24 11:48:36.000000
363,15966,obogreem,2021-06-24 11:48:37.000000
364,3256,Фильтры для воды ООО БелАкваМир,2021-06-24 11:48:37.000000
365,19263,Газтерма,2021-06-24 11:48:39.000000
366,18568,ЕС-Маркет,2021-06-24 11:48:40.000000
367,16954,streamenergy,2021-06-24 11:48:57.000000
368,15951,ВАТА БЕЛ,2021-06-24 11:49:32.000000
369,19358,МУРАВЕЙ.БЕЛ,2021-06-24 11:49:34.000000
370,16149,Сантехник-А,2021-06-24 11:49:50.000000
371,15016,KEMPING,2021-06-24 11:49:53.000000
372,16582,Robinzon.by,2021-06-24 11:49:53.000000
373,14394,"Магазин рыболовных товаров ""Рыбачок""",2021-06-24 11:50:10.000000
374,15272,24zakaz,2021-06-24 11:50:27.000000
375,18890,Стант-Креп,2021-06-24 11:50:37.000000
376,6355,teplograd,2021-06-24 11:50:45.000000
377,19406,Климатическая техника,2021-06-24 11:50:46.000000
378,9885,БЛК7,2021-06-24 11:50:46.000000
379,18716,teplosale,2021-06-24 11:50:46.000000
380,3502,giz,2021-06-24 11:50:46.000000
381,15595,gazteplovoda,2021-06-24 11:50:47.000000
382,19147,Мобайл,2021-06-24 11:51:06.000000
383,18343,Electro Market,2021-06-24 11:51:06.000000
384,475,"Унитарное предприятие ""А1""",2021-06-24 11:51:06.000000
385,1906,Mobilworld,2021-06-24 11:51:06.000000
386,326,СОТА,2021-06-24 11:51:06.000000
387,8569,NewPhone,2021-06-24 11:51:06.000000
388,19394,Евросет,2021-06-24 11:51:07.000000
389,15697,i-product,2021-06-24 11:51:07.000000
390,18584,GIGASHOP,2021-06-24 11:51:07.000000
391,19464,TDM,2021-06-24 11:51:07.000000
392,19068,ULTRA BY,2021-06-24 11:51:07.000000
393,1702,Телефоника,2021-06-24 11:51:07.000000
394,6352,Интернет-магазин МТС,2021-06-24 11:51:07.000000
395,6487,АЛЛОплюс,2021-06-24 11:51:08.000000
396,16478,Mobigsm,2021-06-24 11:51:08.000000
397,17599,it-m.sony,2021-06-24 11:51:08.000000
398,16397,ремонт-пылесосов.бел,2021-06-24 11:51:10.000000
399,13054,GoPro Беларусь,2021-06-24 11:51:10.000000
400,17142,belitcom.by,2021-06-24 11:51:14.000000
401,13304,"ООО ""МедиаСтройИмидж""",2021-06-24 11:51:15.000000
402,3319,Garmin,2021-06-24 11:51:20.000000
403,4781,Drive-Sport,2021-06-24 11:51:22.000000
404,7221,ВЕЛОБАЙК,2021-06-24 11:51:22.000000
405,13013,интернет-магазин Контур,2021-06-24 11:51:23.000000
406,4396,Vybor,2021-06-24 11:51:23.000000
407,6055,"Веломагазин ""Трек""",2021-06-24 11:51:23.000000
408,18345,ВелоТойс,2021-06-24 11:51:23.000000
409,14609,tvojvelik,2021-06-24 11:51:23.000000
410,19061,Nasporte,2021-06-24 11:51:23.000000
411,224,xmedia.,2021-06-24 11:51:24.000000
412,16799,PROsumki,2021-06-24 11:51:24.000000
413,332,LeaderGroup,2021-06-24 11:51:24.000000
414,17187,Distrib.by,2021-06-24 11:51:24.000000
415,13925,sportsity,2021-06-24 11:51:32.000000
416,13841,Активная Зона,2021-06-24 11:51:32.000000
417,15792,Sport land,2021-06-24 11:51:33.000000
418,7044,sheah,2021-06-24 11:51:33.000000
419,18381,KAKADOO,2021-06-24 11:51:33.000000
420,17614,alpinsport,2021-06-24 11:51:34.000000
421,10298,FIT-SPORT,2021-06-24 11:51:36.000000
422,12845,sportivka.by,2021-06-24 11:51:36.000000
423,15301,tyrnik,2021-06-24 11:51:54.000000
424,14526,ubertech.by,2021-06-24 11:51:59.000000
425,1487,Audio-Video,2021-06-24 11:52:01.000000
426,19371,ArsenalVideo,2021-06-24 11:52:03.000000
427,12482,YVS,2021-06-24 11:52:03.000000
428,19310,ASVIK,2021-06-24 11:52:04.000000
429,17939,UNSB,2021-06-24 11:52:04.000000
430,16851,CTV-shop,2021-06-24 11:52:04.000000
431,16764,videodoma,2021-06-24 11:52:04.000000
432,16764,videodoma,2021-06-24 11:52:04.000000
433,17736,Видеомастер,2021-06-24 11:52:04.000000
434,13087,ipvision.by,2021-06-24 11:52:04.000000
435,4643,Сетевая Лаборатория,2021-06-24 11:52:04.000000
436,17039,Datastream.by,2021-06-24 11:52:09.000000
437,19171,Kiss-kiss.by,2021-06-24 11:52:12.000000
438,19474,SexDealer,2021-06-24 11:52:12.000000
439,19259,"""Amor.by""",2021-06-24 11:52:13.000000
440,10231,Dagfarn,2021-06-24 11:52:15.000000
441,18940,Энкриптор,2021-06-24 11:52:15.000000
442,18940,Энкриптор,2021-06-24 11:52:15.000000
443,12832,autodvr,2021-06-24 11:52:18.000000
444,12523,WestLink,2021-06-24 11:52:18.000000
445,2453,Технохол,2021-06-24 11:52:23.000000
446,1552,Мир эспрессо,2021-06-24 11:52:49.000000
447,14376,BlackStore,2021-06-24 11:52:49.000000
448,18680,Santehno,2021-06-24 11:52:53.000000
449,15958,Itsmart,2021-06-24 11:52:53.000000
450,12426,www.24foto.by,2021-06-24 11:52:53.000000
451,8490,Титан Техно,2021-06-24 11:52:53.000000
452,622,Rakurs,2021-06-24 11:52:55.000000
453,13067,MIRMOEK,2021-06-24 11:53:02.000000
454,13125,Mebelart,2021-06-24 11:54:13.000000
455,13293,Marketstroy.by,2021-06-24 11:54:15.000000
456,14231,Интернет-магазин Хозтоварищ,2021-06-24 11:54:16.000000
457,14272,БЕНЗОЦЕНТР,2021-06-24 11:54:17.000000
458,6643,benz.by,2021-06-24 11:54:30.000000
459,19454,tehnovek,2021-06-24 11:54:37.000000
460,13591,thermoval,2021-06-24 11:54:37.000000
461,17957,san-market.by,2021-06-24 11:54:37.000000
462,19389,CITYCLIMATE.BY,2021-06-24 11:54:37.000000
463,8795,kit,2021-06-24 11:54:37.000000
464,1665," ""УмкаБелМед""",2021-06-24 11:55:27.000000
465,18853,barbell.by,2021-06-24 11:56:17.000000
466,17756,Спорт Центр,2021-06-24 11:56:17.000000
467,16323,turnikdoma,2021-06-24 11:56:18.000000
468,18051,Музыкантский,2021-06-24 11:56:30.000000
469,13029,GuitarCity.by,2021-06-24 11:56:31.000000
470,18151,guitarman,2021-06-24 11:56:32.000000
471,18720,River Group,2021-06-24 11:56:36.000000
472,5155,biolan-magazin,2021-06-24 11:56:37.000000
473,17812,Магазин Фасад,2021-06-24 11:56:38.000000
474,17992,"""Стройпрогресс-18""",2021-06-24 11:56:40.000000
475,11536,Hoztovar,2021-06-24 11:56:42.000000
476,18959,gx,2021-06-24 11:56:49.000000
477,4782,КОММЕРУС,2021-06-24 11:56:54.000000
478,15441,Смарт Бизнес Технолоджи,2021-06-24 11:56:54.000000
479,16315,Теплый Свет,2021-06-24 11:56:58.000000
480,16140,inin.by,2021-06-24 11:57:03.000000
481,7378,mandarin,2021-06-24 11:57:11.000000
482,14021,Astel,2021-06-24 11:57:11.000000
483,14833,petra,2021-06-24 11:57:14.000000
484,15738,Beauty House,2021-06-24 11:57:26.000000
485,18101,PROFESSIONAL,2021-06-24 11:57:26.000000
486,8393,babylux,2021-06-24 11:57:31.000000
487,16349,"""Detstvo-v-luxe"" — Реальный Шоу-Рум",2021-06-24 11:57:31.000000
488,9247,Kidsby,2021-06-24 11:57:32.000000
489,18578,Helens.by,2021-06-24 11:57:33.000000
490,10680,m-t,2021-06-24 11:57:36.000000
491,14034,Остров Чистоты,2021-06-24 11:57:54.000000
492,4810,SPECINSTRUMENT.BY,2021-06-24 11:58:01.000000
493,11557,ENERGOHAUS,2021-06-24 11:58:01.000000
494,14185,detski-mir,2021-06-24 11:58:04.000000
495,1507,ТеХнИкС,2021-06-24 11:58:04.000000
496,17137,babyactive,2021-06-24 11:58:04.000000
497,19238,Milashka,2021-06-24 11:58:07.000000
498,14335,Chicco.by,2021-06-24 11:58:09.000000
499,17170,Belglory,2021-06-24 11:58:16.000000
500,5738,klakson,2021-06-24 11:58:19.000000
501,18130,micro-scooters.by,2021-06-24 11:58:20.000000
502,5626,Velodom,2021-06-24 11:58:20.000000
503,14240,Мотовело Град,2021-06-24 11:58:22.000000
504,19430,Велотавр,2021-06-24 11:58:22.000000
505,7650,veloman,2021-06-24 11:58:24.000000
506,10640,Магазин проверенных товаров,2021-06-24 11:58:24.000000
507,4429,Веломаркет,2021-06-24 11:58:24.000000
508,15382,pilotvelo,2021-06-24 11:58:31.000000
509,19163,VELOSIPEDY,2021-06-24 11:58:31.000000
510,18803,ВЕЛОЛЭНД,2021-06-24 11:58:35.000000
511,19322,VELOSET,2021-06-24 11:58:46.000000
512,18181,Велотрек,2021-06-24 11:58:56.000000
513,13564,mersena.by,2021-06-24 11:59:06.000000
514,12908,bxg,2021-06-24 11:59:07.000000
515,19425,Сантехникаминск,2021-06-24 11:59:07.000000
516,19318,armaturashop,2021-06-24 11:59:07.000000
517,15074,Ecodrev,2021-06-24 11:59:10.000000
518,19313,Simba.by,2021-06-24 11:59:10.000000
519,17414,Rostmebel,2021-06-24 11:59:10.000000
520,7487,www.mirkresel.by,2021-06-24 11:59:11.000000
521,17730,Стратегия комфорта,2021-06-24 11:59:11.000000
522,12732,Millwood,2021-06-24 11:59:11.000000
523,13637,manroad,2021-06-24 11:59:11.000000
524,5808,КронштейнЦентр,2021-06-24 11:59:12.000000
525,13697,Растущая мебель,2021-06-24 11:59:12.000000
526,11538,savish,2021-06-24 11:59:13.000000
527,10472,ferra-craft,2021-06-24 11:59:14.000000
528,16166,Фабрика сна,2021-06-24 11:59:16.000000
529,14858,kidsmebel.by,2021-06-24 11:59:16.000000
530,17426,domarket,2021-06-24 11:59:16.000000
531,19332,"Интернет-магазин ""Я в Домике""",2021-06-24 11:59:24.000000
532,13179,udachi,2021-06-24 11:59:45.000000
533,18074,Добрый Огонь,2021-06-24 11:59:45.000000
534,17675,teplodar.by,2021-06-24 11:59:46.000000
535,18072,Bydom.,2021-06-24 12:00:12.000000
536,7743,Baumarket.,2021-06-24 12:00:13.000000
537,12512,фон Танн,2021-06-24 12:00:13.000000
538,15352,osta,2021-06-24 12:00:16.000000
539,18337,inCoffeein.by,2021-06-24 12:00:19.000000
540,15721,Caffeitaliano.by,2021-06-24 12:00:19.000000
541,16960,ФОРТИССИМО,2021-06-24 12:00:19.000000
542,548,АнтаМедиа,2021-06-24 12:00:29.000000
543,19266,URTA.BY,2021-06-24 12:01:21.000000
544,16398,babydream,2021-06-24 12:01:24.000000
545,16595,babylove,2021-06-24 12:01:25.000000
546,15471,bagonline,2021-06-24 12:01:35.000000
547,7088,WAVESTORE,2021-06-24 12:01:46.000000
548,9277,bymed.by,2021-06-24 12:01:46.000000
549,18222,britpit.by,2021-06-24 12:01:46.000000
550,18136,MoloLand,2021-06-24 12:01:47.000000
551,987,Belconsole,2021-06-24 12:01:48.000000
552,18646,KUPPERSBERGBEL,2021-06-24 12:02:22.000000
553,10156,Medinet.by,2021-06-24 12:02:35.000000
554,18114,Frap Gappo,2021-06-24 12:03:16.000000
555,18530,San-shop.by,2021-06-24 12:03:16.000000
556,19004,VashaVanna,2021-06-24 12:03:16.000000
557,6684,Экола Юнион,2021-06-24 12:03:16.000000
558,19421,Solomarket,2021-06-24 12:03:16.000000
559,17493,Bathroom,2021-06-24 12:03:19.000000
560,1177,GameStore,2021-06-24 12:03:19.000000
561,13887,GameCity,2021-06-24 12:03:19.000000
562,16112,MagicGames,2021-06-24 12:03:19.000000
563,18814,Территория Игр,2021-06-24 12:03:19.000000
564,1139,GAMEPARK,2021-06-24 12:03:20.000000
565,16311,Gamecoast,2021-06-24 12:03:20.000000
566,17139,papa.by,2021-06-24 12:03:37.000000
567,17154,likeshop.by,2021-06-24 12:03:38.000000
568,17946,9-9.SHOP,2021-06-24 12:03:54.000000
569,18743,KazanBel,2021-06-24 12:03:54.000000
570,18744,Афганский.Казан.Бел,2021-06-24 12:03:54.000000
571,19364,cumin,2021-06-24 12:03:54.000000
572,16340,4weekend,2021-06-24 12:03:54.000000
573,19076,ILP,2021-06-24 12:03:58.000000
574,18344,Mastersmak,2021-06-24 12:03:58.000000
575,17504,NABLUDENIE.BY,2021-06-24 12:04:10.000000
576,15817,hik.by,2021-06-24 12:04:10.000000
577,15259,Stroybat,2021-06-24 12:04:26.000000
578,17527,Строймолл,2021-06-24 12:04:26.000000
579,16458,Stroylider.by,2021-06-24 12:04:26.000000
580,12810,Кипер Трэйд,2021-06-24 12:04:28.000000
581,19337,apcmarket.by,2021-06-24 12:04:28.000000
582,18712,Техномиплюс,2021-06-24 12:04:29.000000
583,14135,Витокрон,2021-06-24 12:04:30.000000
584,18800,TexnoDom,2021-06-24 12:04:32.000000
585,13181,Funmarket,2021-06-24 12:04:42.000000
586,16045,karas.by,2021-06-24 12:05:33.000000
587,17233,mycompressor.by,2021-06-24 12:06:04.000000
588,17568,MultiClimat | Всё для вентиляции и кондиционирования,2021-06-24 12:06:08.000000
589,5771,Condvent.by,2021-06-24 12:06:08.000000
590,7593,ultramarket,2021-06-24 12:06:08.000000
591,11275,Свой выбор,2021-06-24 12:06:08.000000
592,19212,Vozduh,2021-06-24 12:06:08.000000
593,18667,Комфорт маркет,2021-06-24 12:06:08.000000
594,10097,"ООО фирма ""Техноимпэкс""",2021-06-24 12:06:09.000000
595,1542,ТермоСистемы,2021-06-24 12:06:10.000000
596,16236,БайПРО,2021-06-24 12:06:38.000000
597,8437,Optik,2021-06-24 12:07:14.000000
598,17645,Лепшы сябар,2021-06-24 12:07:32.000000
599,13172,alex-zoo,2021-06-24 12:07:32.000000
600,17924,e-zoo.by,2021-06-24 12:07:32.000000
601,18297,"Зоомагазин ""Дай Лапу""",2021-06-24 12:07:33.000000
602,18297,"Зоомагазин ""Дай Лапу""",2021-06-24 12:07:33.000000
603,18382,ГиперЗоо,2021-06-24 12:07:33.000000
604,18199,Стрелка,2021-06-24 12:07:34.000000
605,18408,amedia,2021-06-24 12:08:25.000000
606,16209,кофемашина.бел,2021-06-24 12:08:26.000000
607,8176,Evrotek,2021-06-24 12:08:26.000000
608,16620,TOP STORE,2021-06-24 12:08:28.000000
609,18145,MegoDom,2021-06-24 12:08:28.000000
610,16840,Coffeeroom,2021-06-24 12:08:30.000000
611,2132,CompLand,2021-06-24 12:09:31.000000
612,13731,mir-kubikov,2021-06-24 12:09:31.000000
613,19229,ДОМpro,2021-06-24 12:09:31.000000
614,17677,toyzi,2021-06-24 12:09:33.000000
615,17603,Playland,2021-06-24 12:09:39.000000
616,17850,happy-kids,2021-06-24 12:09:50.000000
617,13328,Настоящая мебель,2021-06-24 12:11:17.000000
618,1370,Парагон,2021-06-24 12:11:24.000000
619,17906,MEKO,2021-06-24 12:11:56.000000
620,10211,KitchenAid,2021-06-24 12:12:22.000000
621,16890,ColorOK,2021-06-24 12:12:33.000000
622,18069,ОАО «Лакокраска» г.Лида,2021-06-24 12:12:50.000000
623,8920,Ваш инструмент,2021-06-24 12:13:18.000000
624,17933,Геотоп,2021-06-24 12:13:18.000000
625,17165,eurotools.by,2021-06-24 12:13:20.000000
626,16649,MyMarket,2021-06-24 12:13:28.000000
627,16715,OFFICESHOP,2021-06-24 12:13:28.000000
628,18095,OSPREY,2021-06-24 12:15:11.000000
629,15773,Не Ной,2021-06-24 12:15:17.000000
630,18111,invo.by,2021-06-24 12:15:30.000000
631,5690,НЭВИ,2021-06-24 12:15:39.000000
632,1186,shop flytech,2021-06-24 12:15:39.000000
633,18428,BABYPRO,2021-06-24 12:15:46.000000
634,18523,PalmJoy,2021-06-24 12:15:52.000000
635,18756,dadaqueen.by,2021-06-24 12:15:52.000000
636,18036,"сеть магазинов ""МОЙ""",2021-06-24 12:15:54.000000
637,17705,Orlando,2021-06-24 12:16:09.000000
638,11393,profistyle.by,2021-06-24 12:16:42.000000
639,8962,www.fen.by,2021-06-24 12:16:42.000000
640,19070,victory group,2021-06-24 12:16:48.000000
641,16391,vanille.by,2021-06-24 12:16:53.000000
642,14733,Мир парфюма,2021-06-24 12:16:53.000000
643,16317,deola.by,2021-06-24 12:16:53.000000
644,19078,Aromania.by,2021-06-24 12:16:53.000000
645,14726,original 4-U,2021-06-24 12:16:53.000000
646,18027,Parfums.by,2021-06-24 12:16:53.000000
647,10120,100aromatov,2021-06-24 12:16:53.000000
648,16883,EDP,2021-06-24 12:16:53.000000
649,19087,Туалетка/Tualetka,2021-06-24 12:16:53.000000
650,16993,AVON-TUT.BY,2021-06-24 12:16:54.000000
651,19256,Воркаут Групп - Медтехника,2021-06-24 12:16:54.000000
652,17018,BERY.BY,2021-06-24 12:16:56.000000
653,16215,ЕВРОСТУЛ,2021-06-24 12:16:57.000000
654,16339,domus.by,2021-06-24 12:16:57.000000
655,18752,"""ALTA МЕБЕЛЬ""",2021-06-24 12:17:03.000000
656,19403,GERBOR,2021-06-24 12:17:12.000000
657,18951,Xprinter,2021-06-24 12:17:30.000000
658,7070,ultracom,2021-06-24 12:17:30.000000
659,5304,Procar,2021-06-24 12:17:40.000000
660,3911,xado,2021-06-24 12:17:44.000000
661,18165,ipb.by,2021-06-24 12:18:23.000000
662,19166,technolife,2021-06-24 12:18:33.000000
663,2963,СПРИНКС,2021-06-24 12:18:36.000000
664,16298,cactus-belarus,2021-06-24 12:18:48.000000
665,1267,antiradar shop,2021-06-24 12:19:03.000000
666,12498,AKTEX,2021-06-24 12:19:04.000000
667,4971,Autоfishka,2021-06-24 12:19:04.000000
668,16011,Энерджиарос,2021-06-24 12:19:29.000000
669,19059,MORE,2021-06-24 12:19:30.000000
670,13159,Coptermarket,2021-06-24 12:19:52.000000
671,17805,DJI-Minsk,2021-06-24 12:19:52.000000
672,121,Магазин KUPI,2021-06-24 12:19:52.000000
673,9586,RC-GO,2021-06-24 12:19:55.000000
674,17473,topspin.by,2021-06-24 12:20:18.000000
675,18469,3RRR,2021-06-24 12:20:41.000000
676,19197,Mir3D.by - 3D-печать без границ,2021-06-24 12:20:41.000000
677,15770,3D-OPT,2021-06-24 12:20:43.000000
678,19187,dyson.by,2021-06-24 12:21:08.000000
679,12222,myMiele.by,2021-06-24 12:21:16.000000
680,19133,Поторгуйся,2021-06-24 12:21:50.000000
681,17175,kachely.by,2021-06-24 12:21:50.000000
682,109,СотелМинск,2021-06-24 12:22:57.000000
683,17750,Metalaposhuk,2021-06-24 12:23:23.000000
684,6193,Kortik.by,2021-06-24 12:23:30.000000
685,5910,SAFE,2021-06-24 12:24:10.000000
686,5915,ТОПСТАНДАРТ,2021-06-24 12:24:10.000000
687,14892,Aurora-online,2021-06-24 12:24:29.000000
688,15369,KUPILUKI,2021-06-24 12:24:58.000000
689,15355,olvita,2021-06-24 12:24:59.000000
690,16329,Internet krama,2021-06-24 12:25:27.000000
691,18319,АPDom,2021-06-24 12:25:28.000000
692,14072,yudway.by,2021-06-24 12:25:41.000000
693,9428,ВИАЛ,2021-06-24 12:25:41.000000
694,13084,nikiland,2021-06-24 12:25:52.000000
695,6201,Alfatools,2021-06-24 12:26:20.000000
696,17079,sadovod.by,2021-06-24 12:26:20.000000
697,17921,Aloha,2021-06-24 12:26:38.000000
698,16974,biomaster.by,2021-06-24 12:26:44.000000
699,19072,TOPVANNA,2021-06-24 12:26:46.000000
700,12737,Роял Дом,2021-06-24 12:27:01.000000
701,18615,I Love Coffee,2021-06-24 12:27:02.000000
702,14973,CookHouse,2021-06-24 12:27:28.000000
703,16479,Дом натуральной косметики,2021-06-24 12:27:44.000000
704,14734,estelshop.by,2021-06-24 12:27:45.000000
705,18077,Конёк,2021-06-24 12:27:49.000000
706,17627,p5.by,2021-06-24 12:28:18.000000
707,11309,7 Деток,2021-06-24 12:28:43.000000
708,9267,AVTOKRESLA,2021-06-24 12:28:45.000000
709,7967,ATLANT,2021-06-24 12:29:03.000000
710,12648,powertools.by,2021-06-24 12:29:12.000000
711,19213,AEG,2021-06-24 12:29:14.000000
712,7712,bysumki.by,2021-06-24 12:29:36.000000
713,9373,Фирменный магазин HP (Hewlett-Packard),2021-06-24 12:29:41.000000
714,18588,Petstop.by,2021-06-24 12:29:51.000000
715,1189,Euromarket,2021-06-24 12:29:56.000000
716,6235,SwissTime,2021-06-24 12:29:56.000000
717,6134,Padarunki,2021-06-24 12:29:57.000000
718,19119,Olsema,2021-06-24 12:29:57.000000
719,17648,citybikes,2021-06-24 12:30:05.000000
720,15460,CHARLES,2021-06-24 12:31:02.000000
721,19489,Магазин TVMOB,2021-06-24 12:32:01.000000
722,19449,STROER,2021-06-24 12:33:14.000000
723,14292,domostroi магазин сантехники,2021-06-24 12:33:31.000000
724,7776,profitmax,2021-06-24 12:33:58.000000
725,19186,Aquarel,2021-06-24 12:33:58.000000
726,16286,Сантехника маркет,2021-06-24 12:33:58.000000
727,3078,Ecotrend,2021-06-24 12:33:58.000000
728,10394,АкваОсмос,2021-06-24 12:33:58.000000
729,13797,geizer filter,2021-06-24 12:33:59.000000
730,12961,atoll-filter,2021-06-24 12:34:01.000000
731,18753,My Cosmetics Lab,2021-06-24 12:34:19.000000
732,18772,KADiS,2021-06-24 12:34:19.000000
733,17883,bezlekarstv.by,2021-06-24 12:34:21.000000
734,17938,Aravia.by,2021-06-24 12:34:21.000000
735,17791,eco-choice.by,2021-06-24 12:34:27.000000
736,16981,ecoroom.by,2021-06-24 12:34:27.000000
737,17974,ecodiva.by,2021-06-24 12:34:36.000000
738,18767,Greenery cosmetics,2021-06-24 12:34:40.000000
739,18884,Health&Beauty,2021-06-24 12:34:40.000000
740,14404,armytek,2021-06-24 12:34:53.000000
741,615,agrox,2021-06-24 12:35:35.000000
742,18239,chokchok.by,2021-06-24 12:35:55.000000
743,17129,Корейская косметика,2021-06-24 12:35:55.000000
744,18795,KOREFERBY,2021-06-24 12:35:56.000000
745,18462,Aloe.by,2021-06-24 12:35:56.000000
746,17448,bluerock.by,2021-06-24 12:35:56.000000
747,17510,CosPro,2021-06-24 12:35:59.000000
748,16838,chekist.by,2021-06-24 12:36:02.000000
749,17780,www.biocosmo.by,2021-06-24 12:36:03.000000
750,17549,korea-cosmetic.by,2021-06-24 12:36:03.000000
751,16950,faforum.by,2021-06-24 12:36:05.000000
752,17763,hairprof.by,2021-06-24 12:36:06.000000
753,14422,aromagiya,2021-06-24 12:36:13.000000
754,18657,ibeauty.by,2021-06-24 12:36:14.000000
755,19050,art-deco,2021-06-24 12:36:24.000000
756,15744,onlinemarket,2021-06-24 12:36:47.000000
757,16507,Швейка,2021-06-24 12:37:19.000000
758,4037,amazon kindle,2021-06-24 12:39:14.000000
759,16296,smart8.by,2021-06-24 12:39:35.000000
760,16902,emag,2021-06-24 12:39:37.000000
761,17972,Star store,2021-06-24 12:39:39.000000
762,12790,pgvg,2021-06-24 12:39:41.000000
763,17818,VapeStar.by,2021-06-24 12:39:41.000000
764,12561,weiping,2021-06-24 12:39:41.000000
765,14410,a-vip,2021-06-24 12:39:56.000000
766,19485,BONA,2021-06-24 12:40:43.000000
767,18046,kilowat,2021-06-24 12:43:41.000000
768,19122,ЭЛВАТ,2021-06-24 12:43:41.000000
769,18697,sputnikovoetv,2021-06-24 12:44:07.000000
770,14673,интекострой.бел,2021-06-24 12:44:43.000000
771,18661,polart,2021-06-24 12:45:19.000000
772,13391,Heat,2021-06-24 12:45:19.000000
773,6059,Teplypol,2021-06-24 12:45:19.000000
774,15497,climatik,2021-06-24 12:45:19.000000
775,16214,trudovik,2021-06-24 12:45:20.000000
776,19331,7amper,2021-06-24 12:45:21.000000
777,8219,СИТИЛАЙН CL,2021-06-24 12:45:25.000000
778,17365,мирмебели.бел,2021-06-24 12:46:15.000000
779,15778,Turzona,2021-06-24 12:46:39.000000
780,17779,lito-heat,2021-06-24 12:46:45.000000
781,10764,nextstroy,2021-06-24 12:46:46.000000
782,7400,Белтеплокабель,2021-06-24 12:46:46.000000
783,18041,Белтеплокабель-теплый пол,2021-06-24 12:46:46.000000
784,16399,osbi,2021-06-24 12:46:47.000000
785,17694,OIL MOTOR,2021-06-24 12:46:58.000000
786,19028,uc-mebel.by,2021-06-24 12:47:05.000000
787,13765,life:),2021-06-24 12:47:23.000000
788,17382,elca,2021-06-24 12:47:24.000000
789,7616,BITS,2021-06-24 12:47:31.000000
790,2378,NOVATEK,2021-06-24 12:47:42.000000
791,18965,inote,2021-06-24 12:47:42.000000
792,19199,inote БЕЗНАЛ,2021-06-24 12:47:42.000000
793,10085,Мегасклад,2021-06-24 12:48:04.000000
794,13709,bel-shina,2021-06-24 12:48:04.000000
795,14792,Mastershina.by,2021-06-24 12:48:04.000000
796,10237,proshina,2021-06-24 12:48:04.000000
797,14116,Первая шинная компания,2021-06-24 12:48:04.000000
798,14046,shina-style,2021-06-24 12:48:04.000000
799,7050,Би энд Би Компани,2021-06-24 12:48:05.000000
800,15729,lakkiroud,2021-06-24 12:48:05.000000
801,6924,Shinka,2021-06-24 12:48:05.000000
802,10276,Автоколесо,2021-06-24 12:48:05.000000
803,15400,n-tyre,2021-06-24 12:48:05.000000
804,8541,“АВТОКОЛЕСНИЦА”,2021-06-24 12:48:06.000000
805,12782,"ООО ""ФелОкт-сервис""",2021-06-24 12:48:06.000000
806,12777,parts.aps.by,2021-06-24 12:48:06.000000
807,10958,ВАКСИ,2021-06-24 12:48:06.000000
808,13268,Идеал проект,2021-06-24 12:48:07.000000
809,5182,1T,2021-06-24 12:48:07.000000
810,15121,Русские шины,2021-06-24 12:48:09.000000
811,16907,SHINYGOMEL,2021-06-24 12:48:09.000000
812,12928,"ООО ""Белтаерснаб""",2021-06-24 12:48:09.000000
813,11572,Автомобильный Дом «Энергия ГмбХ»,2021-06-24 12:48:10.000000
814,3543,"Шины, диски",2021-06-24 12:48:36.000000
815,2339,avtozona,2021-06-24 12:48:45.000000
816,13070,shina-market,2021-06-24 12:48:54.000000
817,13070,shina-market,2021-06-24 12:48:54.000000
818,13070,shina-market,2021-06-24 12:48:54.000000
819,3438,АвтоШины,2021-06-24 12:48:54.000000
820,18898,Tohoma.by,2021-06-24 12:48:59.000000
821,10332,velomig,2021-06-24 12:49:15.000000
822,4395,Cali,2021-06-24 12:49:17.000000
823,18282,ProVelo,2021-06-24 12:49:18.000000
824,18423,velych,2021-06-24 12:49:26.000000
825,16677,Малыш на драйве - baby-driver,2021-06-24 12:49:30.000000
826,19347,OSTORE,2021-06-24 12:49:43.000000
827,874,belm,2021-06-24 12:49:48.000000
828,200,Belm1,2021-06-24 12:49:48.000000
829,115,LAPTOP,2021-06-24 12:49:48.000000
830,19255,ТерраСистемс,2021-06-24 12:49:48.000000
831,1326,Satelit,2021-06-24 12:49:48.000000
832,18132,WM-Lab Store,2021-06-24 12:49:48.000000
833,19223,Media-Market,2021-06-24 12:49:48.000000
834,19390,L-shop,2021-06-24 12:49:49.000000
835,747,MYTEXNO,2021-06-24 12:49:49.000000
836,19288,Неон,2021-06-24 12:49:50.000000
837,15551,snovideniya,2021-06-24 12:49:51.000000
838,17941,Князев-Мебель,2021-06-24 12:49:51.000000
839,19280,ZABERI.BY,2021-06-24 12:49:53.000000
840,13805,Санита Маркет,2021-06-24 12:50:07.000000
841,16246,Минарх,2021-06-24 12:51:23.000000
842,18563,Grand-germes,2021-06-24 12:51:26.000000
843,1284,ТЕХНОМАРКЕТ,2021-06-24 12:51:28.000000
844,18508,Foxter,2021-06-24 12:52:38.000000
845,18082,SANTEGO,2021-06-24 12:52:48.000000
846,12811,ВОДЯНОЙ,2021-06-24 12:52:53.000000
847,18499,AKVADA,2021-06-24 12:53:01.000000
848,16533,stelavis.by,2021-06-24 12:53:30.000000
849,19195,AUPI.store,2021-06-24 12:54:05.000000
850,18123,MNM.BY,2021-06-24 12:54:20.000000
851,11225,nakrovatke,2021-06-24 12:54:20.000000
852,15934,www.kolyaskino.by,2021-06-24 12:54:46.000000
853,19388,Kinder-Kraft,2021-06-24 12:54:55.000000
854,9624,Планета комфорта,2021-06-24 12:55:04.000000
855,5500,Матрасы Кондор,2021-06-24 12:55:19.000000
856,17999,RFT.by,2021-06-24 12:55:56.000000
857,18906,Априла-Про,2021-06-24 13:00:28.000000
858,10946,domovo – всё для ванны и кухни,2021-06-24 13:00:39.000000
859,16817,santechnika,2021-06-24 13:00:40.000000
860,15755,belevors.by,2021-06-24 13:00:40.000000
861,17379,24city,2021-06-24 13:01:08.000000
862,17918,Белоруснефть iMarket,2021-06-24 13:03:05.000000
863,17038,Двери и Окна,2021-06-24 13:04:04.000000
864,3557,12VOLT.,2021-06-24 13:04:14.000000
865,7284,ИП Фурс А.С.,2021-06-24 13:05:22.000000
866,16477,Kyplu.by,2021-06-24 13:05:23.000000
867,15012,Elmax,2021-06-24 13:05:23.000000
868,18666,SVAMI7,2021-06-24 13:05:40.000000
869,7847,nomer1,2021-06-24 13:05:42.000000
870,1175,Pribambas,2021-06-24 13:05:43.000000
871,1515,1515,2021-06-24 13:05:59.000000
872,17469,Baseus Shop,2021-06-24 13:06:04.000000
873,15494,256bit,2021-06-24 13:06:48.000000
874,18874,experts-shop,2021-06-24 13:07:22.000000
875,17575,JabraOne,2021-06-24 13:07:24.000000
876,19183,Jabra Store,2021-06-24 13:07:24.000000
877,19368,sanora.by,2021-06-24 13:08:24.000000
878,17837,Алмаз Люкс,2021-06-24 13:08:25.000000
879,5438,UNIVERSAL,2021-06-24 13:11:14.000000
880,16219,Деловая обстановка,2021-06-24 13:11:17.000000
881,8108,ОфисБизнесТорг,2021-06-24 13:11:33.000000
882,5403,100tovarov,2021-06-24 13:11:39.000000
883,10610,Санторг-Santorg,2021-06-24 13:11:50.000000
884,16699,terminus.by,2021-06-24 13:11:51.000000
885,5417,matraslux,2021-06-24 13:12:18.000000
886,19353,tehnodom,2021-06-24 13:12:18.000000
887,19172,Производитель Барро,2021-06-24 13:12:22.000000
888,18007,Askona,2021-06-24 13:12:23.000000
889,19282,Relax мебель,2021-06-24 13:12:23.000000
890,17012,territory-sna.by,2021-06-24 13:12:25.000000
891,5039,Ormatek,2021-06-24 13:13:09.000000
892,6203,Лучшие часы,2021-06-24 13:13:37.000000
893,9989,Tempus,2021-06-24 13:13:37.000000
894,14130,Мир Часов,2021-06-24 13:13:37.000000
895,18686,Time.by,2021-06-24 13:13:37.000000
896,12246,watchshop,2021-06-24 13:13:37.000000
897,14590,luch.by,2021-06-24 13:13:41.000000
898,17413,"""HORIS""",2021-06-24 13:13:41.000000
899,6182,Планета Подарков,2021-06-24 13:13:57.000000
900,17822,vittex,2021-06-24 13:13:58.000000
901,17192,МОЁ БЕЛЬЁ,2021-06-24 13:14:12.000000
902,8120,"Салон часов ""ТайМи""",2021-06-24 13:14:14.000000
903,19022,Блакiт,2021-06-24 13:14:14.000000
904,18167,nadzejka.by,2021-06-24 13:14:14.000000
905,16816,MIRSVETILNIKOV,2021-06-24 13:14:16.000000
906,16515,ARTSVET,2021-06-24 13:14:17.000000
907,19025,Мастер-дом,2021-06-24 13:14:17.000000
908,17277,Салон светильников Лайтсити,2021-06-24 13:14:18.000000
909,18070,crystal light,2021-06-24 13:14:19.000000
910,13823,Zasvetom.by,2021-06-24 13:14:20.000000
911,17618,Alexsvet,2021-06-24 13:14:21.000000
912,17439,Chemodan,2021-06-24 13:15:03.000000
913,14128,outmaster.by,2021-06-24 13:15:05.000000
914,14052,Уникум,2021-06-24 13:15:05.000000
915,16579,BuyDesign,2021-06-24 13:15:11.000000
916,2243,Spayder,2021-06-24 13:15:18.000000
917,18741,Ультра Свет,2021-06-24 13:17:05.000000
918,17731,VICTORIA,2021-06-24 13:17:10.000000
919,19031,TS24.BY.,2021-06-24 13:18:18.000000
920,16448,Plus30.BY,2021-06-24 13:18:19.000000
921,12172,МИСОТ,2021-06-24 13:18:40.000000
922,18096,ТермоХаус,2021-06-24 13:19:14.000000
923,16929,fatel-mebel.by,2021-06-24 13:22:03.000000
924,14406,9999,2021-06-24 13:23:11.000000
925,7389,УРБИТЕРМ,2021-06-24 13:24:17.000000
926,18805,Flario.by,2021-06-24 13:24:20.000000
927,18774,MMISHOP.BY,2021-06-24 13:24:20.000000
928,17189,koreavip.by,2021-06-24 13:24:23.000000
929,18982,kosmalina.by,2021-06-24 13:24:23.000000
930,17717,AsiaWorld,2021-06-24 13:24:23.000000
931,18775,Biokosmetika.by,2021-06-24 13:24:23.000000
932,16786,vashakorea.by,2021-06-24 13:24:25.000000
933,16577,koreancosmetics.by,2021-06-24 13:24:26.000000
934,18758,Mi-so.by - Корейская косметика,2021-06-24 13:24:28.000000
935,17588,benice.by,2021-06-24 13:24:28.000000
936,17744,korea-discount.by,2021-06-24 13:24:32.000000
937,16813,Koreolika,2021-06-24 13:24:34.000000
938,17296,Asiashop,2021-06-24 13:24:39.000000
939,18891,Odermis,2021-06-24 13:25:00.000000
940,18731,bbcosmetic.by,2021-06-24 13:25:02.000000
941,16183,monami.by,2021-06-24 13:25:04.000000
942,6097,forward,2021-06-24 13:25:07.000000
943,5979,Velmir,2021-06-24 13:30:10.000000
944,16220,GUDZON,2021-06-24 13:30:10.000000
945,18883,PREM,2021-06-24 13:30:46.000000
946,842,By-Mobile,2021-06-24 13:30:57.000000
947,3394,Ваком,2021-06-24 13:31:27.000000
948,3592,Графические планшеты Art-Tablet,2021-06-24 13:31:27.000000
949,16421,Фирменный магазин HP (БЕЗНАЛ),2021-06-24 13:31:29.000000
950,9615,wacom,2021-06-24 13:32:31.000000
951,1220,ТехноХит,2021-06-24 13:32:31.000000
952,18537,LG24,2021-06-24 13:32:33.000000
953,19052,"""Fantasy""",2021-06-24 13:33:10.000000
954,17975,La Cafeteria,2021-06-24 13:33:54.000000
955,18838,myshop.by,2021-06-24 13:34:04.000000
956,18708,Бокалы с гравировкой,2021-06-24 13:34:34.000000
957,14968,timberk,2021-06-24 13:34:49.000000
958,12524,Explore,2021-06-24 13:34:51.000000
959,19253,shchupak.by,2021-06-24 13:34:54.000000
960,18819,MultiGame,2021-06-24 13:35:05.000000
961,18821,SmartTime.by,2021-06-24 13:35:06.000000
962,16997,ZooLand,2021-06-24 13:36:06.000000
963,19113,Рециркулятор.бел,2021-06-24 13:37:09.000000
964,18943,Polesie,2021-06-24 13:37:09.000000
965,8187,Music Hall,2021-06-24 13:37:10.000000
966,7698,iclebo robot,2021-06-24 13:37:18.000000
967,985,AVpremiera,2021-06-24 13:37:20.000000
968,16804,TECHNO-STORE,2021-06-24 13:37:57.000000
969,16892,INTERTYRE,2021-06-24 13:38:05.000000
970,13028,Мир Швейных Машин,2021-06-24 13:39:42.000000
971,15604,Арт Климат,2021-06-24 13:40:38.000000
972,6749,Walli,2021-06-24 13:40:43.000000
973,13278,Печатная мануфактура,2021-06-24 13:41:27.000000
974,19047,СонМаркет,2021-06-24 13:44:32.000000
975,14196,Case,2021-06-24 13:46:04.000000
976,12849,igryshki,2021-06-24 13:46:09.000000
977,16539,HUION,2021-06-24 13:46:54.000000
978,19064,stmg,2021-06-24 13:47:24.000000
979,12582,Акваколор,2021-06-24 13:49:31.000000
980,13287,Шинный экспресс,2021-06-24 13:49:38.000000
981,19487,Atlantis,2021-06-24 13:50:34.000000
982,15403,Экспедиция,2021-06-24 13:51:12.000000
983,15424,МИР БАТУТОВ,2021-06-24 13:51:23.000000
984,19395,arcoscenter,2021-06-24 13:52:32.000000
985,18596,Power Life,2021-06-24 13:53:04.000000
986,19319,JollyCash,2021-06-24 13:53:08.000000
987,17762,PALUBA,2021-06-24 13:53:08.000000
988,17324,Batuta,2021-06-24 13:53:08.000000
989,13642,Стар-маркет,2021-06-24 13:53:08.000000
990,16392,kyoshop.by,2021-06-24 13:57:49.000000
991,10882,БКС,2021-06-24 13:57:49.000000
992,17714,Велес-2010,2021-06-24 13:57:49.000000
993,8496,Шаргуд-Бел,2021-06-24 13:57:49.000000
994,15137,dilershop,2021-06-24 13:57:54.000000
995,12808,Toner.by,2021-06-24 13:57:56.000000
996,19486,Poweravto,2021-06-24 13:58:07.000000
997,5781,Batareiki,2021-06-24 13:58:09.000000
998,14550,b-p-s.by,2021-06-24 13:58:12.000000
999,18994,R-Tech,2021-06-24 14:03:04.000000
1000,17554,азима.бай,2021-06-24 14:03:59.000000
1001,19106,О5,2021-06-24 14:07:49.000000
1002,18678,Unimarket.,2021-06-24 14:17:40.000000
1003,16204,Dadget,2021-06-24 14:17:40.000000
1004,15982,irobots.by,2021-06-24 14:17:41.000000
1005,18138,evromarket.by,2021-06-24 14:19:20.000000
1006,18310,lovivolny,2021-06-24 14:19:33.000000
1007,11580,Sicurit,2021-06-24 14:20:43.000000
1008,5764,Автотюнинг,2021-06-24 14:21:40.000000
1009,18460,AVTOGRAD,2021-06-24 14:22:00.000000
1010,16647,NAVITERA,2021-06-24 14:22:34.000000
1011,16818,CoffeeСlean,2021-06-24 14:23:15.000000
1012,17113,cooking chef,2021-06-24 14:23:16.000000
1013,13118,dune,2021-06-24 14:23:52.000000
1014,1668,Alpine-audio,2021-06-24 14:24:05.000000
1015,18620,Nami,2021-06-24 14:24:52.000000
1016,9356,Ёлки в Минске,2021-06-24 14:24:59.000000
1017,9401,MIRВТ.BY,2021-06-24 14:25:04.000000
1018,18870,Анлим.бел,2021-06-24 14:25:09.000000
1019,13643,kreslomeshok,2021-06-24 14:25:28.000000
1020,17241,billiardmaster.by,2021-06-24 14:25:35.000000
1021,19360,Никита Групп,2021-06-24 14:26:29.000000
1022,15780,2KITA,2021-06-24 14:39:59.000000
1023,17392,LoveLand,2021-06-24 14:40:40.000000
1024,979,TEXNOROOM,2021-06-24 14:48:50.000000
1025,14697,XXLSHOP,2021-06-24 15:12:13.000000
1026,2974,rubl,2021-06-24 17:19:01.000000
1027,17085,ZAGOROD,2021-06-24 17:49:41.000000
1028,4675,ionizator,2021-06-24 18:09:18.000000
1029,13409,Lefan,2021-06-24 18:19:56.000000
1030,3735,megashop.,2021-06-24 20:22:29.000000
1031,18212,ugolok,2021-06-24 22:14:41.000000
1032,14759,nefrit,2021-06-24 22:49:48.000000
1033,16341,i-center,2021-06-25 09:24:46.000000
1034,960,9watt,2021-06-25 10:16:47.000000
1035,14158,Телефон,2021-06-25 10:24:27.000000
1036,7260,Vipzont,2021-06-25 11:30:53.000000
1037,16235,220minsk,2021-06-25 13:09:01.000000
1038,17099,TORAS,2021-06-25 13:11:42.000000
1039,14320,vashkamin.by,2021-06-25 15:15:45.000000
1040,13766,TradeBooK.by,2021-06-25 15:52:08.000000
1041,19170,"""Mobistore""",2021-06-25 16:12:21.000000
1042,8095,КВАДРАТ,2021-06-25 18:20:38.000000
1043,19448,safari24,2021-06-25 19:44:34.000000
1044,16069,АВТОШИНА,2021-06-25 20:08:34.000000
1045,19239,ZERCALO.BY,2021-06-25 22:56:58.000000
1046,1547,LDA-tehno,2021-06-26 11:33:14.000000
1047,15942,Strelaonline,2021-06-26 13:50:09.000000
1048,15493,JUST-MOBILE,2021-06-26 21:49:26.000000
1049,1777,X-Market,2021-06-27 11:46:40.000000
1050,1693,Mir-lodok,2021-06-27 22:43:14.000000
1051,605,MobilePlus,2021-06-28 03:06:52.000000
1052,15503,Lanari,2021-06-28 10:51:11.000000
1053,15814,roboexpert,2021-06-28 10:51:32.000000
1054,1031,"ЧУП ""СВКомп плюс""",2021-06-28 12:15:39.000000
1055,852,Смарт Точка,2021-06-28 12:31:27.000000
1056,15578,Supervelo,2021-06-28 12:43:01.000000
1057,19480,4seasons,2021-06-28 14:11:13.000000
1058,19482,onlinemall,2021-06-28 15:09:12.000000
1059,2661,Navik,2021-06-28 15:46:05.000000
1060,19237,AIRSOL,2021-06-28 16:54:46.000000
1061,13870,ON-BIKE,2021-06-28 17:00:26.000000
1062,17899,АКТИВЭНЕРГО,2021-06-28 18:18:44.000000
1063,13124,МегаМолл,2021-06-28 20:47:49.000000
1064,18828,DMV,2021-06-28 21:29:52.000000
1065,4670,1z,2021-06-29 02:12:36.000000
1066,18579,Электрон,2021-06-29 11:50:29.000000
1067,17042,irrigator,2021-06-29 12:54:55.000000
1068,19071,Интернет-магазин Хоттабыч,2021-06-29 13:47:05.000000
1069,15397,plum.by,2021-06-29 13:53:51.000000
1070,18939,ohh.by,2021-06-29 14:13:43.000000
1071,14098,schaublorenz,2021-06-29 14:52:08.000000
1072,15413,БЮРО МОНТАЖНИКА,2021-06-29 16:22:32.000000
1073,12727,Luxdоm,2021-06-29 16:48:46.000000
1074,18187,velodorozhka,2021-06-29 17:58:24.000000
1075,14959,pandababy,2021-06-29 18:39:22.000000
1076,15801,Мегалайнер,2021-06-29 19:16:22.000000
1077,15810,appstore,2021-06-29 20:58:56.000000
1078,18128,VPLab Outlet,2021-06-30 04:15:24.000000
1079,15842,e-dom.by,2021-06-30 04:24:56.000000
1080,8162,LAM,2021-06-30 04:24:56.000000
1081,13745,jsmarket,2021-06-30 04:24:56.000000
1082,17889,Достройдом,2021-06-30 04:24:56.000000
1083,6717,До порога.,2021-06-30 04:24:56.000000
1084,16001,laminate.by,2021-06-30 04:24:56.000000
1085,16239,lama.by,2021-06-30 04:24:57.000000
1086,5479,igro,2021-06-30 04:24:57.000000
1087,16484,Экабуд.бел,2021-06-30 04:24:57.000000
1088,18683,Сильный пол - салон напольных покрытий,2021-06-30 04:24:57.000000
1089,17687,Империя Пола.,2021-06-30 04:24:58.000000
1090,8965,Европаркет,2021-06-30 04:24:58.000000
1091,14508,lovisnami,2021-06-30 05:11:49.000000
1092,12918,Tarkett-DOM.by,2021-06-30 06:11:18.000000
1093,19182,EZCASE-Кожаные изделия,2021-06-30 06:21:06.000000
1094,19294,HaSTART,2021-06-30 11:36:05.000000
1095,19502,7107,2021-06-30 12:49:33.000000
1096,17796,"PUMP Насосы для водоснабжения, отопления, канализации",2021-06-30 14:03:47.000000
1097,14443,Компания «TW tehnowinner »,2021-06-30 14:38:38.000000
1098,19456,Comf-Pro,2021-06-30 14:57:31.000000
1099,19457,Ergosmart,2021-06-30 15:13:03.000000
1100,18832,hitech-shop,2021-07-01 06:26:59.000000
1101,9504,kopirka,2021-07-02 01:16:39.000000
1102,18589,Аsavto,2021-07-02 01:30:42.000000
1103,17541,masterdom,2021-07-02 01:40:16.000000
1104,18190,Cityfort,2021-07-02 01:48:44.000000
1105,18815,Beliz,2021-07-02 01:51:03.000000
1106,19504,Bydom!,2021-07-02 01:52:32.000000
1107,18209,3340,2021-07-02 02:16:21.000000
1108,3278,Kindle,2021-07-02 02:36:08.000000
1109,13722,Бензомир,2021-07-02 02:38:47.000000
1110,19497,ELECTRO MARKET БЕЗНАЛ,2021-07-02 02:41:23.000000
1111,2338,vika-auto,2021-07-02 02:44:06.000000
1112,16079,Parts.by,2021-07-02 02:57:50.000000
1113,19503,Foroom,2021-07-02 03:11:59.000000
1114,5512,Dreller,2021-07-02 09:46:17.000000
1115,17900,omg,2021-07-02 13:00:51.000000
1116,19323,БАЙ ТЕХНОСТАР,2021-07-02 15:15:17.000000
1117,19475,Autobeat,2021-07-02 17:26:57.000000
1118,17007,coala,2021-07-02 23:38:52.000000
1119,17007,coala,2021-07-02 23:38:52.000000
1120,16373,parikmag,2021-07-03 12:35:18.000000
1121,19205,FixSvet,2021-07-03 22:39:02.000000
1122,12834,bibic,2021-07-03 23:25:06.000000
1123,3164,Альфакан,2021-07-05 09:48:18.000000
1124,7226,Nippon.,2021-07-05 11:46:44.000000
1125,17634,КЛИМАТ А+,2021-07-05 12:35:18.000000
1126,18369,Белый медведь,2021-07-05 13:24:46.000000
1127,14829,isleep,2021-07-05 17:23:19.000000
1128,17340,Posuda luminarc,2021-07-05 18:56:00.000000
1129,17963,erapara,2021-07-05 22:54:37.000000
1130,18858,Sweet Home,2021-07-06 15:51:21.000000
1131,12552,irrigators,2021-07-06 16:05:06.000000
1132,17811,Pinokio,2021-07-06 17:44:44.000000
1133,18809,ЭкортБел,2021-07-07 13:30:48.000000
1134,17349,buydom,2021-07-07 14:04:11.000000
1135,15747,PIXEL,2021-07-07 16:27:24.000000
1136,19478,SAMURA,2021-07-08 13:36:26.000000
1137,19349,td-mebel,2021-07-08 14:09:46.000000
1138,16230,PAWETRA,2021-07-08 14:33:28.000000
1139,16897,"ООО ""Светопрозрачная кровля""",2021-07-08 15:18:01.000000
1140,18385,udachka,2021-07-08 17:21:03.000000
1141,19345,GIGASHOP безнал,2021-07-08 17:53:50.000000
1142,19427,всё Бел,2021-07-09 12:22:33.000000
1143,19401,ProTexno,2021-07-09 14:50:18.000000
1144,19344,Lerya,2021-07-09 17:14:14.000000
1145,8821,Belpro.by,2021-07-09 18:44:01.000000
1146,13007,domposudy,2021-07-09 19:24:25.000000
1147,19510,Autodetali,2021-07-09 20:29:43.000000
1148,13164,BelSon,2021-07-10 03:51:36.000000
1149,17896,alltechno,2021-07-10 21:14:40.000000
1150,15519,redshop.by,2021-07-12 13:59:36.000000
1151,19460,Aqara,2021-07-12 14:07:54.000000
1152,3718,Shinshina,2021-07-12 14:08:29.000000
1153,16495,PlanetaHobby,2021-07-12 14:57:13.000000
1154,18014,AquaShop,2021-07-12 18:45:33.000000
1155,12655,kubik-shop,2021-07-13 11:18:45.000000
1156,14409,zhlobinmarket,2021-07-13 13:12:50.000000
1157,17798,Uzel-auto,2021-07-13 16:02:45.000000
1158,19537,Lovetoy,2021-07-13 17:42:39.000000
1159,18301,storz,2021-07-13 20:30:14.000000
1160,4939,bagaznik,2021-07-14 13:45:40.000000
1161,12963,I-ON,2021-07-14 17:00:35.000000
1162,16729,Санэнерджи,2021-07-14 19:53:43.000000
1163,10133,daybyday,2021-07-15 13:03:00.000000
1164,19529,1dveri,2021-07-15 13:10:52.000000
1165,698,Мегастор,2021-07-16 20:56:02.000000
1166,16619,Хобби-Парк,2021-07-18 18:10:04.000000
1167,19556,OMEX,2021-07-19 22:15:21.000000
1168,19523,TUF,2021-07-20 12:52:59.000000
1169,19453,i-program,2021-07-22 15:33:57.000000
1170,5097,cheapmunk,2021-07-22 19:26:08.000000
1171,18135,Магазин корейской косметики Paletka,2021-07-23 07:46:56.000000
1172,3376,Duty free,2021-07-23 11:42:25.000000
1173,17302,Мобильные-штучки,2021-07-23 12:22:34.000000
1174,5329,АВТОИНСТРУМЕНТ,2021-07-23 16:09:46.000000
1175,19469,Модус Керамика,2021-07-23 18:04:45.000000
1176,13909,ТимТрейд,2021-07-23 22:48:40.000000
1177,12247,funtastik,2021-07-24 15:56:06.000000
1178,6612,tyreG,2021-07-27 15:19:09.000000
1179,19576,ROKO,2021-07-28 07:27:57.000000
1180,13586,АС-Керамикс,2021-07-28 17:12:28.000000
1181,13208,Mybox,2021-07-29 00:50:55.000000
1182,18223,Лидер,2021-07-30 01:02:47.000000
1183,15718,Arena-sporta,2021-07-30 09:23:44.000000
1184,13432,ГарантМаркет,2021-07-30 20:46:47.000000
1185,19271,ИНСТРУМЕНТ - ОПТ,2021-07-30 20:46:47.000000
1186,950,plasma,2021-07-31 01:13:44.000000
1187,19431,AquaRoom,2021-07-31 02:27:59.000000
1188,14914,Einhell,2021-07-31 11:34:47.000000
1189,19573,RESPECTSHOP,2021-07-31 14:30:44.000000
1190,19542,Территория техники плюс,2021-07-31 17:30:14.000000
1191,19592,Е-Могилев,2021-07-31 22:01:46.000000
1192,12497,"Швейный магазин ""Shpulka""",2021-08-01 07:03:24.000000
1193,13511,Теплосферa,2021-08-03 08:14:03.000000
1194,19432,B:Store,2021-08-03 09:22:32.000000
1195,19587,iPlus,2021-08-03 09:47:20.000000
1196,19462,my-kitchen,2021-08-06 07:21:54.000000
1197,19506,Юнайтед Кемикалс,2021-08-06 09:19:31.000000
1198,18125,Sella,2021-08-06 10:05:09.000000
1199,19526,Поторгуйся тут,2021-08-06 10:26:09.000000
1200,19599,ИНФОРМАТИКА,2021-08-06 11:03:29.000000
1201,19530,Престиж Тепло,2021-08-06 11:48:03.000000
1202,7661,Евротерм ООО,2021-08-06 12:15:51.000000
1203,19470,Домотехника+,2021-08-06 19:52:03.000000
1204,17225,Fishcamp,2021-08-07 01:42:48.000000
1205,8318,Techno-land,2021-08-07 05:17:51.000000
1206,19541,Autooils_Minsk,2021-08-08 00:42:48.000000
1207,18415,Deep Sleep,2021-08-08 23:04:34.000000
1208,14527,colesa,2021-08-14 04:11:16.000000
1209,19601,Bika-Mika,2021-08-14 08:55:14.000000
1210,19440,Мобилюкс,2021-08-14 10:17:34.000000
1211,6700,шесть семёрок,2021-08-14 11:31:15.000000
1212,19604,APECS,2021-08-14 13:56:13.000000
1213,13535,Фабрика Компьютеров FK,2021-08-14 13:56:13.000000
1214,19420,sector6,2021-08-14 13:59:49.000000
1215,17954,Data-Life,2021-08-14 14:00:39.000000
1216,19634,АйТи-МИГ,2021-08-14 14:01:00.000000
1217,19468,baseusstore,2021-08-14 14:01:44.000000
1218,19621,Cybex,2021-08-14 14:01:56.000000
1219,18424,fotomir shop,2021-08-14 14:02:50.000000
1220,19625,SPORTEKIP,2021-08-14 14:04:24.000000
1221,16348,Интернет-магазин Doms.by,2021-08-14 14:04:48.000000
1222,14114,ФОРМУЛА КОМФОРТА,2021-08-14 14:04:55.000000
1223,17956,ЦертаБел,2021-08-14 14:11:16.000000
1224,17452,Эликон,2021-08-14 14:14:38.000000
1225,13217,asteroid,2021-08-14 14:16:54.000000
1226,18534,bytovichok.by,2021-08-14 14:16:55.000000
1227,5184,stroinstrument,2021-08-14 14:17:52.000000
1228,19596,GREEM,2021-08-14 14:18:50.000000
1229,17011,multimarket.,2021-08-14 14:18:54.000000
1230,17264,Велосипеды.,2021-08-14 14:19:49.000000
1231,19581,STATUS MEBEL,2021-08-14 14:20:49.000000
1232,5357,"ООО ""Фострейд""",2021-08-14 14:23:03.000000
1233,19570,Galaktika-svet,2021-08-14 14:26:03.000000
1234,19588,KvetkaDom,2021-08-14 14:26:49.000000
1235,19481,БериDари,2021-08-14 14:38:26.000000
1236,19498,IronChef,2021-08-14 14:39:57.000000
1237,14068,technoboard,2021-08-14 14:41:58.000000
1238,17562,babypol,2021-08-14 14:51:14.000000
1239,17562,babypol,2021-08-14 14:51:14.000000
1240,15555,15555,2021-08-14 15:33:38.000000
1241,19367,jax,2021-08-14 15:37:12.000000
1242,10169,ВЫТЯЖКИ НА КУЛЬМАН,2021-08-16 21:13:52.000000
1243,8511,СпасТех,2021-08-17 18:35:18.000000
1244,14608,Знак успеха,2021-08-17 23:06:07.000000
1245,18604,«Дверной дискаунтер»,2021-08-18 00:53:13.000000
1246,172,OnlineGSM,2021-08-20 14:32:02.000000
1247,19643,Mobilas,2021-08-24 18:00:04.000000
1248,19524,TUF безнал,2021-08-24 19:31:17.000000
1249,19595,Игрушечный-мир,2021-08-24 20:06:52.000000
1250,19602,Ahi,2021-08-24 23:27:14.000000
1251,19547,Чудо-техника,2021-08-25 00:03:27.000000
1252,19578,Cactus trade,2021-08-25 00:07:48.000000
1253,19615,ONLINE,2021-08-25 00:09:50.000000
1254,17571,car-car,2021-08-25 00:12:15.000000
1255,19618,Область безопасности,2021-08-25 00:20:26.000000
1256,9821,СВИАТ,2021-08-25 00:23:01.000000
1257,19648,Masteri,2021-08-25 00:24:00.000000
1258,15353,М1-SHOP,2021-08-25 00:44:07.000000
1259,18993,Интернет-магазин WC,2021-08-25 00:44:20.000000
1260,19265,Кошкин,2021-08-25 00:45:46.000000
1261,12926,Daewoo Enertec,2021-08-25 00:54:32.000000
1262,16178,VeloGo,2021-08-25 00:56:33.000000
1263,3512,ТриДжиТек,2021-08-25 01:24:51.000000
1264,19603,MGD,2021-08-25 16:08:32.000000
1265,19339,220SHOP,2021-08-25 18:36:43.000000
1266,19579,Pool-Store,2021-08-25 21:13:37.000000
1267,17602,Gipfel,2021-08-25 21:45:39.000000
1268,18985,buro7,2021-08-25 21:53:16.000000
1269,10651,LINDERO,2021-08-25 22:00:52.000000
1270,19369,Sanlux,2021-08-26 03:30:44.000000
1271,16771,Чудотехника,2021-08-27 00:31:07.000000
1272,15361,FARBMANN,2021-08-27 12:41:39.000000
1273,13743,IVESTA,2021-08-27 13:23:17.000000
1274,19660,ikeacity,2021-08-29 13:21:42.000000
1275,18703,Pricheskino,2021-08-30 01:00:07.000000
1276,19546,AKBLAB,2021-08-30 13:45:01.000000
1277,19608,ETC Единая Торговая Система-безнал,2021-08-30 16:21:53.000000
1278,19668,klimat-line,2021-08-30 16:40:40.000000
1279,19657,ЛК ТехноТрейд,2021-08-30 18:44:03.000000
1280,197,ТТН,2021-08-31 12:49:03.000000
1281,585,7 дней,2021-08-31 12:49:03.000000
1282,16084,SUPER-CLIMATE,2021-08-31 16:07:02.000000
1283,19647,Prod-life,2021-08-31 16:15:57.000000
1284,19682,ОНВ Логист,2021-08-31 19:11:00.000000
1285,18944,ООО ПУМИ-С,2021-08-31 19:24:10.000000
1286,15979,Играй с умом,2021-09-01 13:48:56.000000
1287,19445,TDMEM,2021-09-01 13:55:36.000000
1288,12893,Белтайрторг,2021-09-01 16:34:27.000000
1289,14069,TexnoTrend,2021-09-02 10:39:40.000000
1290,10294,Coleso,2021-09-02 10:40:52.000000
1291,19665,Видеонаблюдение,2021-09-02 10:56:41.000000
1292,18971,ИП Корень А.П.,2021-09-02 11:03:22.000000
1293,13419,БЕЛДОРС,2021-09-02 16:45:33.000000
1294,18917,Vkladovke,2021-09-02 16:55:15.000000
1295,19681,RDK,2021-09-02 19:11:47.000000
1296,13622,Jewel,2021-09-03 13:15:43.000000
1297,19678,7422 — Онлайн Гипермаркет,2021-09-03 13:19:10.000000
1298,19656,Cosatto,2021-09-03 19:17:58.000000
1299,19417,zooshopping,2021-09-03 23:17:16.000000
1300,13130,Enerteh,2021-09-06 16:46:15.000000
1301,18513,Kitchen Coffee Roasters,2021-09-07 17:36:59.000000
1302,19683,24DOMA,2021-09-07 17:43:31.000000
1303,19671,Сис и Масис,2021-09-07 22:48:50.000000
1304,19680,Market.,2021-09-07 23:13:12.000000
1305,19471,Amper,2021-09-08 16:57:28.000000
1306,17536,mama-best,2021-09-08 21:03:44.000000
1307,6548,Sanline,2021-09-09 17:17:55.000000
1308,19696,Hookah Gooka,2021-09-09 17:21:47.000000
1309,6431,310,2021-09-09 20:20:00.000000
1310,4707,wheelmarket.,2021-09-10 14:31:01.000000
1311,9584,Molot 4-4,2021-09-10 14:47:33.000000
1312,19624,МастерСам,2021-09-10 17:28:49.000000
1313,19593,Estetlux,2021-09-11 17:47:21.000000
1314,5617,justA,2021-09-12 21:08:26.000000
1315,19654,joi,2021-09-13 14:23:15.000000
1316,19623,TEPLOTEK,2021-09-13 17:54:46.000000
1317,19679,ДиаДим,2021-09-14 20:53:00.000000
1318,7968,Магазин бытовой техники премиум-класса PREMIUMTEHNIKA,2021-09-27 16:39:07.000000
1319,19717,ВодаДома,2021-09-27 16:49:56.000000
1320,19706,Agroup+,2021-09-27 16:52:31.000000
1321,14079,kai,2021-09-27 17:23:06.000000
1322,17194,Maxlevel,2021-09-27 17:45:12.000000
1323,18631,100R,2021-09-27 18:34:21.000000
1324,15560,shinatut,2021-09-27 20:43:02.000000
1325,16863,hpmarket,2021-09-27 23:04:35.000000
1326,19708,REDTOOL,2021-09-28 00:04:36.000000
1327,14838,Aqualider,2021-09-28 00:46:55.000000
1328,19695,Babyok,2021-09-28 04:59:04.000000
1329,19699,SmartAvto,2021-09-28 10:59:58.000000
1330,19723,sfera,2021-09-28 12:50:14.000000
